id,source,target,source_corpus,source_url
1,Are you sure?,"Je, una uhakika?",Tatoeba,https://tatoeba.org/en/sentences/1326
2,You wanted to tell me about freedom?,Ulitaka kunieleza kuhusu uhuru?,Tatoeba,https://tatoeba.org/en/sentences/1410
3,I love you.,Nakupenda.,Tatoeba,https://tatoeba.org/en/sentences/1434
4,I have a headache.,Kichwa kinauma.,Tatoeba,https://tatoeba.org/en/sentences/1712
5,"Where there's a will, there's a way.","Penye nia, pana njia.",Tatoeba,https://tatoeba.org/en/sentences/1775
6,I don't want to go to school.,Sitaki kwenda shule.,Tatoeba,https://tatoeba.org/en/sentences/1860
7,I started learning Chinese last week.,Nilianza kujifunza Kichina juma lililopita.,Tatoeba,https://tatoeba.org/en/sentences/1883
8,Where are you?,Uko wapi?,Tatoeba,https://tatoeba.org/en/sentences/2168
9,Don't forget about us!,Hutusahau!,Tatoeba,https://tatoeba.org/en/sentences/2216
10,It's not important.,Si muhimu.,Tatoeba,https://tatoeba.org/en/sentences/2322
11,It's not important.,Si ya maana.,Tatoeba,https://tatoeba.org/en/sentences/2322
12,How much is it?,Ni bei gani?,Tatoeba,https://tatoeba.org/en/sentences/2418
13,Can you keep a secret?,"Je, unaweza kutunza siri?",Tatoeba,https://tatoeba.org/en/sentences/9594
14,You are a good student.,Wewe ni mwanafunzu mzuri.,Tatoeba,https://tatoeba.org/en/sentences/15938
15,You have to turn in the reports on Monday.,Lazima uwasilishe ripoti Jumatatu.,Tatoeba,https://tatoeba.org/en/sentences/16174
16,What do you intend to do?,Unanua kufanya nini?,Tatoeba,https://tatoeba.org/en/sentences/16259
17,What are you doing?,Unafanya nini?,Tatoeba,https://tatoeba.org/en/sentences/16492
18,What are you doing?,Mnafanya nini?,Tatoeba,https://tatoeba.org/en/sentences/16492
19,You have many books.,Una vitabu vingi.,Tatoeba,https://tatoeba.org/en/sentences/16525
20,You have many books.,Mna vitabu vingi.,Tatoeba,https://tatoeba.org/en/sentences/16525
21,Where are you from in Canada?,Unatoka wapi huko Kanada?,Tatoeba,https://tatoeba.org/en/sentences/16731
22,"You always like to trip me up, don't you?","Unapenda kunifanyia mzaha, sio?",Tatoeba,https://tatoeba.org/en/sentences/16762
23,Prices are high these days.,Bei ziko juu mno siku hizi.,Tatoeba,https://tatoeba.org/en/sentences/18719
24,The bridge is open to traffic.,Daraja liko wazi kwa trafiki.,Tatoeba,https://tatoeba.org/en/sentences/18982
25,"Fish, please.","Samaki, tafadhali",Tatoeba,https://tatoeba.org/en/sentences/19342
26,You'll miss the train if you don't hurry.,Utaachwa na garimoshi usipoharakisha.,Tatoeba,https://tatoeba.org/en/sentences/19702
27,Discussion is based upon mutual respect.,Majadiliano yanategemea kustahiana.,Tatoeba,https://tatoeba.org/en/sentences/19983
28,"In the days of the knights, they wore shields to protect themselves from sword-fight wounds.","Katika siku za vita, walivaa ngao kujilinda na majeraha ya mapanga.",Tatoeba,https://tatoeba.org/en/sentences/20071
29,We can say that Japan was fighting a constant battle against hunger during the war.,Tunaweza kusema kuwa Japan ilikuwa ikipigana vita vya mara kwa mara dhidi ya njaa wakati wa vita.,Tatoeba,https://tatoeba.org/en/sentences/20081
30,You are teachers.,Nyinyi ni waalimu.,Tatoeba,https://tatoeba.org/en/sentences/20099
31,"If the quality of your product meets with our customer's approval, we will place regular orders.","Ikiwa ubora wa bidhaa yako inafurahisha wateja wetu, tutaweka maagizo ya kila mara.",Tatoeba,https://tatoeba.org/en/sentences/20161
32,"During the press conference, the President touched on foreign relations.","Wakati wa mkutano na waandishi wa habari, Rais alizungumza kuhusu uhusiano wa nje.",Tatoeba,https://tatoeba.org/en/sentences/20191
33,"A whistle blew, and the boat slowly began to pull out of port.","Filimbi ililia, na mashua ikaanza polepole kutoka bandarini.",Tatoeba,https://tatoeba.org/en/sentences/20241
34,I met Naomi on my way home and we had a chat.,Nilikutana na Naomi nilipokuwa nikirudi nyumbani na tukawa na mazungumzo.,Tatoeba,https://tatoeba.org/en/sentences/20420
35,"After having fought many hard battles, we were able to bring home the bacon and set up a new government.","Baada ya kupigana vita vingi ngumu, tuliweza kuleta matekeo ya maana na kuanzisha serikali mpya.",Tatoeba,https://tatoeba.org/en/sentences/20598
36,"Strange to say, he didn't know the news.","Ni ajabu kusema, hakuwa anajua taarifa.",Tatoeba,https://tatoeba.org/en/sentences/20636
37,Billy often hits his face against windows.,Mara nyingi Billy hugonga uso wake madirishani.,Tatoeba,https://tatoeba.org/en/sentences/20751
38,If it becomes stubborn indeed it stands alone.,Ikiwa inakuwa mkaidi kweli inasimama peke yake.,Tatoeba,https://tatoeba.org/en/sentences/20779
39,The audience was excited at the game.,Hadhira walifurahia mchezo.,Tatoeba,https://tatoeba.org/en/sentences/20910
40,He left his team as he could not get along with the manager.,Aliacha timu yake kwa kuwa hakuelewana na meneja.,Tatoeba,https://tatoeba.org/en/sentences/21000
41,Shouts of joy burst forth.,Shangwe na nderemo zilisikika.,Tatoeba,https://tatoeba.org/en/sentences/21031
42,I beat him completely in the debate.,Nilimshinda kabisa kwenye mjadala.,Tatoeba,https://tatoeba.org/en/sentences/21088
43,You have our permission to include our software on condition that you send us a copy of the final product.,Una ruhusa yetu kujumuisha programu yetu kwa sharti kwamba ututumie nakala ya bidhaa ya mwisho.,Tatoeba,https://tatoeba.org/en/sentences/21094
44,An old oak is groaning in the storm.,Mwaloni mzee anaguruma katika dhoruba.,Tatoeba,https://tatoeba.org/en/sentences/21243
45,My forehead burned with fever.,Kisogo changu kiliungua kwa joto kali.,Tatoeba,https://tatoeba.org/en/sentences/21247
46,I graduated from the school.,Nilihitimu kutoka shule.,Tatoeba,https://tatoeba.org/en/sentences/21479
47,Remember to post the letter on your way to school.,Kumbuka kutuma barua unapoelekea shule.,Tatoeba,https://tatoeba.org/en/sentences/21497
48,This was third school shooting incident in six months.,Hili lilikuwa tukio la tatu laq ufiatuaji risasi katika shule ndani ya miezi sita.,Tatoeba,https://tatoeba.org/en/sentences/21613
49,Do you remember?,Unakumbuka?,Tatoeba,https://tatoeba.org/en/sentences/21678
50,"Indeed she is young and beautiful, but she is in delicate health.","Hakika yeye ni mchanga na mrembo, lakini ana afya dhaifu.",Tatoeba,https://tatoeba.org/en/sentences/21688
51,"If you shout from the top of a cliff, you can hear the echo of your voice.","Ukipiga kelele juu ya mwamba, unaweza kusikia mwangwi wa sauti yako.",Tatoeba,https://tatoeba.org/en/sentences/21829
52,A cellar was dug on top of the hill and they slowly moved the house from the road to the hill.,Pishi lilichimbwa juu ya kilima na polepole walihama nyumba hiyo kutoka barabarani kwenda kilimani.,Tatoeba,https://tatoeba.org/en/sentences/22097
53,All aboard!,Wote ndani!,Tatoeba,https://tatoeba.org/en/sentences/22121
54,"All right, everyone, let's not stand on ceremony tonight. Cheers!","Haya, kila mtu, na tusisimame kwenye sherehe leo jioni. Chereko!",Tatoeba,https://tatoeba.org/en/sentences/22125
55,Everybody took a hostile attitude toward illegal aliens.,Kila mtu alikuwa na mtazamo wa uhasama kwa wageni haramu.,Tatoeba,https://tatoeba.org/en/sentences/22130
56,The pirates buried their treasure in the ground.,Maharamia walizika hazina yao ardhini.,Tatoeba,https://tatoeba.org/en/sentences/22160
57,"By studying overseas, students can come into contact with other manners and customs.","Kwa kusoma ng'ambo, wanafunzi wanaweza kutangamana na tabia na mila zingine.",Tatoeba,https://tatoeba.org/en/sentences/22210
58,"If you go underwater, hold your nose and blow to clear your ears.","Ikiwa unaenda chini ya maji, shika pua yako na pigo ili kusafisha masikio yako.",Tatoeba,https://tatoeba.org/en/sentences/22249
59,There go the twelve bars blues.,Inapitia vipigwa kumi na viwili.,Tatoeba,https://tatoeba.org/en/sentences/22284
60,"Hearing the monster's footsteps, they began running in all directions.","Kusikia nyayo za mizimu, wakaanza kukimbia pande zote.",Tatoeba,https://tatoeba.org/en/sentences/22287
61,We could hear the groans of the injured man.,Tuliweza kusikia miguno ya mtu aliyejeruhiwa.,Tatoeba,https://tatoeba.org/en/sentences/22291
62,Finding a solution that worked was a process of trial and error.,Kupata suluhisho lililofanya kazi ilikuwa mchakato wa kubahatisha.,Tatoeba,https://tatoeba.org/en/sentences/22326
63,His official title at the company is Assistant to the President.,Jina lake rasmi katika kampuni hiyo ni Msaidizi wa Rais.,Tatoeba,https://tatoeba.org/en/sentences/22419
64,My stomach started growling right there in the meeting. It was embarrassing.,Tumbo langu lilianza kuguruma papo hapo kwenye mkutano. Ilikuwa aibu.,Tatoeba,https://tatoeba.org/en/sentences/22468
65,It would help us if you would reserve the following hotel during our conference.,Ungetusaidia kama ungetuhifadhia hoteli ifuatayo wakati wa kongamano letu.,Tatoeba,https://tatoeba.org/en/sentences/22519
66,The artist captured the charm of the lady.,Msanii huyo aliteka nadhiri za huyo binti.,Tatoeba,https://tatoeba.org/en/sentences/22601
67,Our company has annual sales of a thousand million yen.,Kampuni yetu ina mauzo ya yen elfu milioni.,Tatoeba,https://tatoeba.org/en/sentences/22607
68,"We are, in large measure, responsible for students' success in the entrance exam.",Tunawajibika kwa kiwango kikubwa ufanisi wa wanafanzi katika mtihani wa kuingia.,Tatoeba,https://tatoeba.org/en/sentences/22763
69,We are entitled to vote at the age of twenty.,Tunastahili kupiga kura katika umri wa miaka ishirini.,Tatoeba,https://tatoeba.org/en/sentences/22784
70,We sang songs in chorus.,Tuliimba nyimbo kwa kwaya.,Tatoeba,https://tatoeba.org/en/sentences/22856
71,We did our best only to fail.,Tulifanya bidii yetu tu kutofaulu.,Tatoeba,https://tatoeba.org/en/sentences/22964
72,We have to bring our teaching methods up to date.,Lazima tuboreshe mbinu zetu za kufundisha.,Tatoeba,https://tatoeba.org/en/sentences/23043
73,We're booked for the whole month on Broadway.,Nafasi zote zimehifadhiwa kwa mwezi mzima Broadway.,Tatoeba,https://tatoeba.org/en/sentences/23058
74,We are familiar with the legend of Robin Hood.,Tunajua hadithi ya Robin Hood.,Tatoeba,https://tatoeba.org/en/sentences/23111
75,We were granted the privilege of fishing in this bay.,Tulipewa pendeleo la uvuvi katika ziwa hili.,Tatoeba,https://tatoeba.org/en/sentences/23233
76,Our total debts amount to ten thousand dollars.,Jumla ya deni letu ni dola elfu kumi.,Tatoeba,https://tatoeba.org/en/sentences/23344
77,Our ultimate goal is to establish world peace.,Kusudi letu la mwisho ni kuanzisha amani ulimwenguni.,Tatoeba,https://tatoeba.org/en/sentences/23432
78,This new product of ours is a serious blow to our rival company.,Bidhaa hii mpya yetu ni pigo kubwa kwa kampuni yetu pinzani.,Tatoeba,https://tatoeba.org/en/sentences/23546
79,"In case the shipment is delayed, we have special delay insurance.","Ikiwa usafirishaji umechelewa, tuna bima maalumu ya kucheleweshwa.",Tatoeba,https://tatoeba.org/en/sentences/23689
80,The plan announced Tuesday calls for $54 billion in tax cuts.,Mpango uliotangazwa Jumanne inatoa wito wa dola bilioni 54 kwa kupunguzwa kwa ushuru.,Tatoeba,https://tatoeba.org/en/sentences/23781
81,Would you like some fruit?,"Je, unataka matunda?",Tatoeba,https://tatoeba.org/en/sentences/23932
82,Would you like some fruit?,Ungependa matunda?,Tatoeba,https://tatoeba.org/en/sentences/23932
83,Technology has failed to ease the conflict between man and nature.,Teknolojia imeshindwa kupunguza mzozo kati ya mwanadamu na maumbile.,Tatoeba,https://tatoeba.org/en/sentences/23990
84,Science is based on careful observation.,Sayansi inategemea uchunguzi wa makini.,Tatoeba,https://tatoeba.org/en/sentences/24002
85,How is your family?,Habari za nyumbani?,Tatoeba,https://tatoeba.org/en/sentences/24081
86,We're goin' home.,Tunaenda nyumbani.,Tatoeba,https://tatoeba.org/en/sentences/24224
87,I delighted in going to his farm during the summer vacation.,Nilifurahi kwenda shambani mwake wakati wa likizo ya kiangazi.,Tatoeba,https://tatoeba.org/en/sentences/24320
88,"In summer, eggs go bad quickly.",Wakati wa kiangazi mayai huharibika haraka.,Tatoeba,https://tatoeba.org/en/sentences/24347
89,What is the price?,Bei gani?,Tatoeba,https://tatoeba.org/en/sentences/24426
90,May I help you ma'am?,Naweza kukusaidia ma'am?,Tatoeba,https://tatoeba.org/en/sentences/24761
91,"Because the store is so small, he has to wear many different hats, from accountant to stock boy.","Kwa sababu duka ni ndogo sana, lazima afanye kazi nyingi tofauti, kutoka kwa mhasibu hadi kijana wa kukagua bidhaa.",Tatoeba,https://tatoeba.org/en/sentences/25001
92,What's new?,Habari gani?,Tatoeba,https://tatoeba.org/en/sentences/25029
93,I want something with which to write.,Nataka kitu cha kuandikia.,Tatoeba,https://tatoeba.org/en/sentences/25084
94,I'm just a boy who makes mistakes.,Mimi ni mvulana tu anayefanya makosa.,Tatoeba,https://tatoeba.org/en/sentences/25521
95,My papa said no.,Baba yangu alisema hapana.,Tatoeba,https://tatoeba.org/en/sentences/25533
96,The prince was turned into a frog by magic.,Mfalme aligeuzwa na uchawi kuwa chura.,Tatoeba,https://tatoeba.org/en/sentences/25619
97,The king was famous for his splendid palace.,Mfalme alikuwa maarufu kwa sababu ya kasri lake kuu.,Tatoeba,https://tatoeba.org/en/sentences/25633
98,The royal palace was built on a hill.,Kasri la kifalme lilijengwa juu ya kilima.,Tatoeba,https://tatoeba.org/en/sentences/25649
99,"May I take your size, madam?","Naweza chukua kipimo chako, Mama?",Tatoeba,https://tatoeba.org/en/sentences/25693
100,"After his wife left him, Harold went nuts.","Baada ya mkewe kuachana naye, Harold alichanganyikiwa.",Tatoeba,https://tatoeba.org/en/sentences/25701
101,"Instead of beating around the bush, Jones got straight to the point.","Badala kuzunguka, Jones alieleza moja kwa moja.",Tatoeba,https://tatoeba.org/en/sentences/25811
102,The sky had become threatening before I got to the station.,Anga ilikuwa ikitishia kabla sijafika kituo.,Tatoeba,https://tatoeba.org/en/sentences/26067
103,"Unlike Great Britain, the Upper House in the United States is an elected body.","Tofauti na Uingereza, Bunge la Juu huko Amerika ni taasisi iliyochaguliwa.",Tatoeba,https://tatoeba.org/en/sentences/26160
104,English isn't easy to master.,Kiingereza sio rahisi kuelewa.,Tatoeba,https://tatoeba.org/en/sentences/26236
105,I like English best.,Napendelea Kiingereza.,Tatoeba,https://tatoeba.org/en/sentences/26390
106,"I would have liked to see the ending of the film, but I had to leave the theater.","Ningependa kuona mwisho wa filamu, lakini ilibidi nitoke nje ya thieta.",Tatoeba,https://tatoeba.org/en/sentences/26470
107,Lack of exercise may harm your health.,Kukosa mazoezi kunaweza kudhuru afya yako.,Tatoeba,https://tatoeba.org/en/sentences/26541
108,There is no limit to the universe.,Ulimwengu ni mkubwa hauna mpaka.,Tatoeba,https://tatoeba.org/en/sentences/27041
109,I drank too much and the ground seemed to spin under my feet.,Nilikunywa sana na ardhi ilionekana kuteleza chini ya miguu yangu.,Tatoeba,https://tatoeba.org/en/sentences/27124
110,A festival is held at the rice harvest.,Sherehe hufanyika wakati wa mazao ya mchele.,Tatoeba,https://tatoeba.org/en/sentences/27171
111,"A single step, and you will fall over the cliff.","Hatua moja, na utaanguka juu ya mwamba.",Tatoeba,https://tatoeba.org/en/sentences/27221
112,Where's the nearest department store?,Duka la karibu zaidi liko wapi?,Tatoeba,https://tatoeba.org/en/sentences/27270
113,"Generally speaking, Japanese women are modest.",Kwa ujumla wanawaje wa kijapani sana kiasi.,Tatoeba,https://tatoeba.org/en/sentences/27320
114,No sooner had we finished working on one tough problem than the president sent us yet another straight from the top.,Mara tu tunapokamilisha kushughulikia shida moja ngumu ndivyo rais alitutumia nyingine kutoka juu.,Tatoeba,https://tatoeba.org/en/sentences/27446
115,Please return one set to us with your signature.,Tafadhali rudisha seti moja kwetu na saini yako.,Tatoeba,https://tatoeba.org/en/sentences/27492
116,"He said to me,'Study hard, or you won't pass the test.'","Aliniambia,'Soma kwa bidii, au hutapita hiyo mthiani.'",Tatoeba,https://tatoeba.org/en/sentences/27552
117,"If you don't study hard, you'll continue to get poor scores.","Usiposoma kwa bidii, utaendelea kupata alama duni.",Tatoeba,https://tatoeba.org/en/sentences/27553
118,"One murder makes a villain, millions a hero.","Mauaji mamoja yanafanya mtu katili, mengi yanamfanya shujaa.",Tatoeba,https://tatoeba.org/en/sentences/27606
119,"Instead of going myself, I sent a messenger.","Badala ya kwenda mwenyewe, nilituma mjumbe.",Tatoeba,https://tatoeba.org/en/sentences/27650
120,The amount of paper produced by a country is closely related to its cultural standards.,Kiasi cha karatasi inayozalishwa na nchi inahusiana sana na viwango vyao vya kitamaduni.,Tatoeba,https://tatoeba.org/en/sentences/27772
121,I went to the South Pacific for a summer of romantic adventure.,Nilikwenda Kusini mwa Pasifiki kuvinjari kimahaba wakati wa majira ya joto.,Tatoeba,https://tatoeba.org/en/sentences/27843
122,Medical science has made a dramatic advance.,Sayansi ya matibabu imepiga hatua kubwa.,Tatoeba,https://tatoeba.org/en/sentences/28117
123,It is hard for an empty sack to stand straight.,Ni vigumu kwa gunia tupu kusimama wima.,Tatoeba,https://tatoeba.org/en/sentences/28142
124,The stomach is one of the internal organs.,Tumbo ni moja wapo ya viungo vya ndani.,Tatoeba,https://tatoeba.org/en/sentences/28152
125,The data to be discussed below was collected in the following way.,Takwimu za kuzungumziwa hapo chini zilikusanywa kwa njia ifuatayo.,Tatoeba,https://tatoeba.org/en/sentences/28386
126,"The smaller the body, the more likely the person will suffer from the ill effects of radiation.","Mwili ukiwa mdogo, kuna uwezekano kuwa mtu ataumia kwa athari za mnunurisho.",Tatoeba,https://tatoeba.org/en/sentences/28591
127,Greetings are the basis of good manners.,Salamu ni msingi wa tabia nzuri.,Tatoeba,https://tatoeba.org/en/sentences/28679
128,It is not until we lose our health that we recognise its blessing.,Sio hadi tupoteze afya zetu ndio tutambue baraka zake.,Tatoeba,https://tatoeba.org/en/sentences/28755
129,We were sweating in the heat.,Tulikuwa tukitokwa jasho kwa joto.,Tatoeba,https://tatoeba.org/en/sentences/28788
130,I am not the Christ but I am sent ahead of him.,"Mimi si Kristo, bali nimetumwa ili nimtangulie.",Tatoeba,https://tatoeba.org/en/sentences/29021
131,We elected Jeffrey captain of our team.,Tulimchagua Jeffrey kama Kapteni wa kikosi chetu.,Tatoeba,https://tatoeba.org/en/sentences/29096
132,Crime is certainly on the increase in many of our big cities.,Uhalifu unazidi kuongezeka katika miji yetu mingi.,Tatoeba,https://tatoeba.org/en/sentences/29181
133,"In the London underground there is a warning to ""mind the gap"" when boarding the train.","Chini ya ardhi kuna tahadhari inayosema ""kuwa maakini na uwazi"" unapopanda treni.",Tatoeba,https://tatoeba.org/en/sentences/29280
134,"In London, the police are always worried about finding a bomb on the train or subway.","Mjini London, polisi sikuzote huhofia kukuta bomu kwenye treni au kituo chaa chini ya barabara.",Tatoeba,https://tatoeba.org/en/sentences/29285
135,"On his arrival in London, he sent me a telegram.","Aliipowasili London, alinitumia telegramu.",Tatoeba,https://tatoeba.org/en/sentences/29290
136,"During his stay in London, he is going to visit his cousin.","Wakati akiwa London, ataenda kumtembelea binamu yake.",Tatoeba,https://tatoeba.org/en/sentences/29295
137,"It is Mrs. Lee, Susan's mother, in London.","Ni Bibi Lee, mama ya Susan, Uingereza.",Tatoeba,https://tatoeba.org/en/sentences/29303
138,Robert is the fifth wheel on the safety committee.,Robert ndiye gurudumu la tano kwenye kamati ya usalama.,Tatoeba,https://tatoeba.org/en/sentences/29342
139,Los Angeles is the second largest city in the United States.,Los Angeles ndio mji wa pili mkubwa nchini Amerika.,Tatoeba,https://tatoeba.org/en/sentences/29373
140,Lola danced with grace.,Lola alicheza dansi kwa madaha.,Tatoeba,https://tatoeba.org/en/sentences/29393
141,"The surprise party for Laura is not tonight, but tomorrow night.","Sherehe ya mshtuko kwa Laura sio usiku wa leo, lakini kesho usiku.",Tatoeba,https://tatoeba.org/en/sentences/29396
142,Roy looks happy when his girlfriend calls him.,Roy anaonekana kufurahi wakati rafiki yake wa kike anamwita.,Tatoeba,https://tatoeba.org/en/sentences/29475
143,I'd like to rent a car.,Ningependa kukodi gari.,Tatoeba,https://tatoeba.org/en/sentences/29477
144,"Can you take his place, Leo?","Je, unaweza kuchukua nafasi yake, leo?",Tatoeba,https://tatoeba.org/en/sentences/29529
145,The horse that won the race was owned by Mr Johnson.,Farasi walioshinda mbio hizo wabamilikiwa na Bw Johnson.,Tatoeba,https://tatoeba.org/en/sentences/29536
146,The rangers decided to go to the sailor's rescue.,Askari waliamua kwenda kumuokoa mbaharia.,Tatoeba,https://tatoeba.org/en/sentences/29541
147,The bike ride told on Louie.,Mwendesha baiskeli alimsema Louie.,Tatoeba,https://tatoeba.org/en/sentences/29583
148,The other girls are jealous of Lily because she is extremely pretty.,Wasichana wengine wana wivu na Lily kwa sababu ni mrembo sana.,Tatoeba,https://tatoeba.org/en/sentences/29661
149,"Meanwhile, the foolish uncle was sitting in the living room.","Wakati huo, mjomba mjinga alikuwa amekaa sebuleni.",Tatoeba,https://tatoeba.org/en/sentences/29672
150,"Richard said his mother was ill, which is a lie.","Richard alisema mama yake ni mgonjwa, ambapo ni uongo.",Tatoeba,https://tatoeba.org/en/sentences/29681
151,Liz has been dead for eight years.,Liz aliaga miaka nane iliyopita.,Tatoeba,https://tatoeba.org/en/sentences/29699
152,The lion is the king of the jungle.,Simba ndiye mfalme wa msitu.,Tatoeba,https://tatoeba.org/en/sentences/29846
153,Europe is now reported to be entirely free of new cases of this disease.,Uropa sasa imeripotiwa kuwa haina kisa kipya cha ugonjwa huu.,Tatoeba,https://tatoeba.org/en/sentences/30023
154,"Yo, my man!","Yo, mtu wangu!",Tatoeba,https://tatoeba.org/en/sentences/30047
155,Have a nice day.,Siku nzuri.,Tatoeba,https://tatoeba.org/en/sentences/30085
156,Hence 50 percent of the muscle can give way to fat.,Kwa hivyo asilimia 50 ya misuli inaweza kutoa mafuta.,Tatoeba,https://tatoeba.org/en/sentences/30143
157,"By and by, the bitter north wind began to blow.",Taratibu upepo mkali wa kaskazini ulianza kuvuma.,Tatoeba,https://tatoeba.org/en/sentences/30290
158,Molly has a large clock.,Molly ana saa kubwa.,Tatoeba,https://tatoeba.org/en/sentences/30324
159,Of course I remember the news quite well.,Ni vyema nakumbuka taarifa vizuri sana.,Tatoeba,https://tatoeba.org/en/sentences/30543
160,I'll be deeply affected by his death.,Nitaathiriwa sana na kifo chake.,Tatoeba,https://tatoeba.org/en/sentences/30683
161,"If he had stayed at home that day, he would not have met with disaster.","Kama angekaa nyumbani, asingepata taabu.",Tatoeba,https://tatoeba.org/en/sentences/30692
162,"Hello, is this the personnel department?","Hujambo, hii ndiyo idara ya wafanyakazi?",Tatoeba,https://tatoeba.org/en/sentences/30974
163,"If I had known it, I would have gone there.","Kama ningejua, ningekwenda.",Tatoeba,https://tatoeba.org/en/sentences/31003
164,I barely escaped being hit by the truck.,Nili epuka kunipigwa na lori.,Tatoeba,https://tatoeba.org/en/sentences/31304
165,I don't have enough RAM.,Sina RAM za kutosha.,Tatoeba,https://tatoeba.org/en/sentences/31784
166,Meg is curious to know everything about Japan.,Meg ana shauku ya kujua kila kitu kuhusu Japan.,Tatoeba,https://tatoeba.org/en/sentences/31801
167,The maid came in bearing a cake.,Mjakazi aliingia akibeba keki.,Tatoeba,https://tatoeba.org/en/sentences/31844
168,"In many parts of the world, there is not enough food to meet everyone's needs.","Katika sehemu nyingi za ulimwengu, hakuna chakula cha kutosha kukidhi mahitaji ya kila mtu.",Tatoeba,https://tatoeba.org/en/sentences/32131
169,It seems as if everything he touches turns to gold.,Ni kana kwamba kila kitu anachogusa kinageuka na kuwa dhahabu,Tatoeba,https://tatoeba.org/en/sentences/32316
170,It's just like walking on the moon.,Ni kama kutembea kwenye mwezi.,Tatoeba,https://tatoeba.org/en/sentences/32321
171,Mummy and Daddy are very nervous.,Mama na baba wana wasiwasi.,Tatoeba,https://tatoeba.org/en/sentences/32486
172,"Fires are less frightening today than they once were, because more and more houses are built of concrete, and concrete houses do not burn as easily as the old wooden ones.","Moto haitishi sana leo kuliko zamani, kwa sababu nyumba zaidi na zaidi zinajengwa kwa simiti, na nyumba za simiti hazichomwi kwa urahisi kama zile za zamani za mbao.",Tatoeba,https://tatoeba.org/en/sentences/32793
173,More and more doctors have begun to use the new medicine.,Wengi wa madaktari wameanza kutumia mashine mpya.,Tatoeba,https://tatoeba.org/en/sentences/32794
174,Mountain bike racing has caught on with young Japanese in the past few years.,Mashindano ya baiskeli ya mlima yamependwa na vijana wa Kijapani katika miaka michache iliyopita.,Tatoeba,https://tatoeba.org/en/sentences/32877
175,"Mr White said that because of the convention, there were no rooms available.","Bwana White alisema kwamba, kwa sababu ya mkusanyiko, kulikuwa na ukosefu wa vyumba.",Tatoeba,https://tatoeba.org/en/sentences/33087
176,Bob told Jane not to interfere in his personal affairs.,Bob alimwambia Jane asiingilie katika mambo yake ya kibinafsi.,Tatoeba,https://tatoeba.org/en/sentences/33226
177,Take a taxi to the hotel.,Kwenda kwa teksi hotelini.,Tatoeba,https://tatoeba.org/en/sentences/33354
178,Boxing is not always a rough sport.,Ndondi sio mchezo mbaya kila wakati.,Tatoeba,https://tatoeba.org/en/sentences/33584
179,The ball rolled on the ground towards me.,Mpira ulibingirika kuelekea kwangu.,Tatoeba,https://tatoeba.org/en/sentences/33644
180,The ball rolled across the lawn.,Mpira ulibiringika kwenye nyasi.,Tatoeba,https://tatoeba.org/en/sentences/33648
181,Paula and I cooked dinner on Sunday.,Mimi na Paula tulipika chakula cha jioni Jumapili.,Tatoeba,https://tatoeba.org/en/sentences/33703
182,I blew my whole bonus on shopping and travel.,Nilipata bonasi yangu yote ya kwenye ununuzi na kusafiri.,Tatoeba,https://tatoeba.org/en/sentences/33714
183,A new team was formed in order to take part in the boat race.,Timu mpya iliundwa ili kushiriki katika mbio za mashua.,Tatoeba,https://tatoeba.org/en/sentences/33718
184,Mr Hawk is a kind gentleman.,Bwana Hawk ni muungwana na mkarimu.,Tatoeba,https://tatoeba.org/en/sentences/33744
185,Can I borrow your pen?,Naweza kuazima kalamu yako.,Tatoeba,https://tatoeba.org/en/sentences/33772
186,Benjamin shot a bear with a rifle.,Benjamin alipiga dubu na bunduki.,Tatoeba,https://tatoeba.org/en/sentences/33815
187,The bell rang. The teacher told the students to hand in the papers.,Kengele ililia. Mwalimu aliwaambia wanafunzi kumpa karatasi.,Tatoeba,https://tatoeba.org/en/sentences/33889
188,Perry decided to gain information from Drake.,Perry aliamua kupata taarifa kwa Drake.,Tatoeba,https://tatoeba.org/en/sentences/33899
189,Betty has a sweet voice.,Betty ana sauti tamu.,Tatoeba,https://tatoeba.org/en/sentences/33937
190,The total at the bottom of the page is carried forward.,Jumla iliyochini ya ukurasa hupelekwa mbele.,Tatoeba,https://tatoeba.org/en/sentences/34032
191,"Fred, behave, and I'm not joking, either.","Fred, kuwa na tabia nzuri, sina mzaha.",Tatoeba,https://tatoeba.org/en/sentences/34094
192,Could you gift wrap it?,Unaweza kufungua kama zawadi?,Tatoeba,https://tatoeba.org/en/sentences/34095
193,It seems that Mr Brooke is an honest man.,Inaonekana kwamba Bwana Brooke ni mtu mnyoofu.,Tatoeba,https://tatoeba.org/en/sentences/34114
194,I like my brandy straight.,Naipenda sana konjak yangu,Tatoeba,https://tatoeba.org/en/sentences/34132
195,What is the language spoken in Brazil?,Lugha ambayo inasemwa Brazil ni nini?,Tatoeba,https://tatoeba.org/en/sentences/34223
196,I would appreciate it if I had the opportunity to meet with Mr Brown again during his stay in Chicago.,Ningefurahi ikiwa ningepata fursa ya kukutana na Bw Brown tena wakati wa kukaa kwake huko Chicago.,Tatoeba,https://tatoeba.org/en/sentences/34226
197,You should have Mr Brown correct your speech before the presentation.,Inafaa Bwana Brown asahihishe hotuba yako kabla ya mawasilisho.,Tatoeba,https://tatoeba.org/en/sentences/34232
198,Mr Brown is jealous of his colleague's success.,Bwana Brown ana wivu kuhusu mafanikio ya mwenzake.,Tatoeba,https://tatoeba.org/en/sentences/34235
199,Mr Brown was acting in the capacity of ambassador.,Bwana Brown alikuwa kaimu wa Balozi.,Tatoeba,https://tatoeba.org/en/sentences/34236
200,We were all surprised at the appointment of Mr Brown as director.,Sote tulishangazwa na kuajiriwa kwa Bwana Brown kama mkurugenzi.,Tatoeba,https://tatoeba.org/en/sentences/34248
201,Brian regrets starting a relationship with her and wants to escape from her.,Brian anajuta kuanza uhusiano na yeye na anataka kumtoroka.,Tatoeba,https://tatoeba.org/en/sentences/34286
202,The proof of the pudding is in the eating.,Thamani halisi ya kitu inaweza kuamuliwa tu kutoka kwa uzoefu au matokeo ya vitendo na sio kutoka kwa kuonekana au nadharia.,Tatoeba,https://tatoeba.org/en/sentences/34326
203,Mr Ford owns this land.,Bwana Ford anamiliki ardhi hii.,Tatoeba,https://tatoeba.org/en/sentences/34377
204,Why did Bill tear the letter into pieces?,Mbona Bill alirarua barua iwe vijikaratasi?,Tatoeba,https://tatoeba.org/en/sentences/34538
205,Bill replaced Jim as captain.,Bill alibadilishana na Jim kama nahodha.,Tatoeba,https://tatoeba.org/en/sentences/34549
206,Hitler assumed power in 1933.,Hitler alitwa madaraka mnamo 1933.,Tatoeba,https://tatoeba.org/en/sentences/34673
207,It is pleasant to shave off my beard.,Inafurahisha kunyoa ndevu zangu.,Tatoeba,https://tatoeba.org/en/sentences/34804
208,Who is the boy acting the part of Peter Pan?,Mvulana yupi anayeigiza sehemu ya Peter Pan?,Tatoeba,https://tatoeba.org/en/sentences/34885
209,Mr Hunt is principal of our school.,Bwana Hunt ni mkuu wa shule yetu.,Tatoeba,https://tatoeba.org/en/sentences/34941
210,A ballet theater is a place in which I can study motion.,Ukumnbi wa ballet ni mahali ambapo ninaweza kusoma mwendo.,Tatoeba,https://tatoeba.org/en/sentences/34988
211,I saw a flash of lightning far in the distance.,Niliona mwangaza wa umeme ukiwa mbali.,Tatoeba,https://tatoeba.org/en/sentences/35011
212,"If only I'd sold that property during the economic bubble, I wouldn't have suffered such a big loss.","Laiti ningekuwa nimeuza mali hiyo wakati uchumi ulipokuwa mzuri, nisingepata hasara kubwa kama hii.",Tatoeba,https://tatoeba.org/en/sentences/35102
213,So this is Lady Evans.,Basi Huyu ni Bi Evans.,Tatoeba,https://tatoeba.org/en/sentences/35118
214,Kick with your legs straight to go forward.,Piga kwa miguu yako iliyonyooka uwe kusonga mbele.,Tatoeba,https://tatoeba.org/en/sentences/35189
215,Please remain seated until the bus stops completely.,Tafadhali keti hadi basi lisimame kabisa.,Tatoeba,https://tatoeba.org/en/sentences/35428
216,Blow out all the candles on the birthday cake at once.,Zima mishumaa yote kwenye keki ya kuzaliwa mara moja.,Tatoeba,https://tatoeba.org/en/sentences/35726
217,Nora looks up to her mother.,Nora anamchukua mamake kama mfano bora.,Tatoeba,https://tatoeba.org/en/sentences/35748
218,A rat ran across the road.,Panya alikimbia kuvuka barabara.,Tatoeba,https://tatoeba.org/en/sentences/35798
219,Put the cap back on the bottle in case the cat knocks it over.,Funga chupa endapo Paka itaigonga ianguke chini.,Tatoeba,https://tatoeba.org/en/sentences/35820
220,Nick is by no means satisfied with the reward.,Nick kwa namna yoyote ile hajafurahia zawadi.,Tatoeba,https://tatoeba.org/en/sentences/35977
221,Nicole can speak Japanese very well.,Nicole anaweza kuongea Kijapani vizuri.,Tatoeba,https://tatoeba.org/en/sentences/35983
222,What?,Nini?,Tatoeba,https://tatoeba.org/en/sentences/36088
223,I feel sort of dizzy and I feel like throwing up.,Ninahisi kizunguzungu na nahisi kama nataka kuanguka.,Tatoeba,https://tatoeba.org/en/sentences/36151
224,Why do American parents praise their children?,Mbona wazazi wa Marekani wanasifu watoto wao?,Tatoeba,https://tatoeba.org/en/sentences/36472
225,Dorothy isn't in the office.,Dorothy hayuko ofisini.,Tatoeba,https://tatoeba.org/en/sentences/36828
226,You can pick out any book you like.,Unaweza kuchukua kitabu chochote unachopenda.,Tatoeba,https://tatoeba.org/en/sentences/36839
227,Tracy lost her glasses.,Tracy alipoteza miwani yake.,Tatoeba,https://tatoeba.org/en/sentences/36880
228,A bear is a friendly beast compared to a tiger.,Dubu ni mnyama mwenye urafiki akilinganishwa na twiga.,Tatoeba,https://tatoeba.org/en/sentences/36938
229,We made up our mind to come in any case.,Tuliamua kuja kwa njia yoyote.,Tatoeba,https://tatoeba.org/en/sentences/36972
230,Tom is a student.,Tom ni mwanafunzi.,Tatoeba,https://tatoeba.org/en/sentences/37077
231,Sales have dropped off at every big department store.,Uuzaji umepungua katika duka kubwa la idara.,Tatoeba,https://tatoeba.org/en/sentences/37477
232,Nobody knows exactly how many races make up the population of the United States.,Hakuna mtu anajua barabara ni jamii ngapi hufanya idadi ya watu nchini Marekani.,Tatoeba,https://tatoeba.org/en/sentences/37621
233,I don't know which dress to choose; it's a toss up between the red one and the green one.,Sijui mavazi ya kuchagua; ni uchaguzi kati ya nyekundu na ile ya kijani.,Tatoeba,https://tatoeba.org/en/sentences/37887
234,It doesn't matter.,Sawa.,Tatoeba,https://tatoeba.org/en/sentences/37894
235,Which plan do you believe is better?,"Ni mpango upi unaamini ni bora? """,Tatoeba,https://tatoeba.org/en/sentences/37966
236,How can I pick out fresh fish?,Ninawezaje kuchagua samaki freshi?,Tatoeba,https://tatoeba.org/en/sentences/38349
237,"Tell me about yourself, please, Sir Anthony.","Niambie juu yako mwenyewe, tafadhali, Mheshimiwa Anthony.",Tatoeba,https://tatoeba.org/en/sentences/38585
238,I can't recall the exact words.,Siwezi kukumbuka maneno halisi.,Tatoeba,https://tatoeba.org/en/sentences/38713
239,"Therefore, a center for the development of human resources should be built in Japan.","Kwa hivyo, kituo cha maendeleo ya rasilimali watu inapaswa kujengwa huko Japan.",Tatoeba,https://tatoeba.org/en/sentences/38974
240,"The door remaining locked up from inside, he could not enter the house.","Mlango uliobaki umefungwa kutoka ndani, hakuweza kuingia ndani ya nyumba.",Tatoeba,https://tatoeba.org/en/sentences/39046
241,The doors were locked and we couldn't get in anyhow.,"Milango ilikuwa imefungwa hivyo, hatukupata njia yoyote ya kuingia ndani.",Tatoeba,https://tatoeba.org/en/sentences/39096
242,Television is a very important medium for giving information.,Runinga ni chombo muhimu sana kwa kupeana habari.,Tatoeba,https://tatoeba.org/en/sentences/39193
243,Debbie! Can you hear me?,Debbie! Unaweza kunisikiliza?,Tatoeba,https://tatoeba.org/en/sentences/39342
244,You can get all kinds of things to eat if you go to the free samples area in a department store.,Unaweza kupata kila aina ya vitu vya kula ikiwa unakwenda kwenye eneo la sampuli za bure katika duka la idara.,Tatoeba,https://tatoeba.org/en/sentences/39357
245,There is an advertising balloon flying above the department store.,Kuna baluni ya tangazo inayoruka juu ya duka la idara.,Tatoeba,https://tatoeba.org/en/sentences/39358
246,Dennis doesn't have rough manners.,Dennis hana tabia mbovu.,Tatoeba,https://tatoeba.org/en/sentences/39414
247,Ted's really got computers on the brain.,Ted ana kompyuta kweli kwenye ubongo.,Tatoeba,https://tatoeba.org/en/sentences/39431
248,The alternative possibilities were resistance and flight.,Uwezekano mbadala ulikuwa upinzani na kutoroka.,Tatoeba,https://tatoeba.org/en/sentences/39560
249,I want a map of Texas on a scale of 1 to 250000.,Ninataka ramani ya Texas kwa kiwango cha 1 hadi 250000.,Tatoeba,https://tatoeba.org/en/sentences/39574
250,There was a lamp hanging above the table.,Kulikuwa na taa iliyopachikwa juu ya meza.,Tatoeba,https://tatoeba.org/en/sentences/39612
251,Please join the two ends of the tape together.,Tafadhali unganisha sehemu mbili za mwisho wa utepe pamoja.,Tatoeba,https://tatoeba.org/en/sentences/39643
252,Don't bite your nails.,Usikule kucha zako.,Tatoeba,https://tatoeba.org/en/sentences/39753
253,"Finally, in 1314, these games had become so violent and dangerous that King Edward II made a law.","Mwishowe, mnamo 1314, michezo hii ilikuja kuwa yenye vurugu na hatari hata Mfalme Edward II akaiwekea sheria.",Tatoeba,https://tatoeba.org/en/sentences/39912
254,A little bit of luck sometimes leads to an unexpected success.,Bahati kiasi wakati mwingine husababisha mafanikio yasiyotarajiwa.,Tatoeba,https://tatoeba.org/en/sentences/40065
255,Please enjoy yourself at the dance.,Tafadhali jifurahishe kwenye densi.,Tatoeba,https://tatoeba.org/en/sentences/40314
256,"For example, they do not have to go to a stadium to see the World Series or the Super Bowl because they can enjoy watching the games in their own living rooms.","Kwa mfano, sio lazima waende kwenye uwanja kutazama msururu wa Dunia au Super Bowl kwa sababu wanaweza kufurahia kutazama michezo hiyo katika vyumba vyao.",Tatoeba,https://tatoeba.org/en/sentences/40777
257,"So, it isn't hot at all.",Kwa hivyo sio moto hata kidogo.,Tatoeba,https://tatoeba.org/en/sentences/41079
258,Most college students use computers mainly for writing papers.,Wanafunzi wengi wa vyuo hutumia kompyuta kwa kiasi kikubwa kuandikia mitihani,Tatoeba,https://tatoeba.org/en/sentences/41175
259,Most people like watching TV.,Watu wengi wanapenda kutazama runinga.,Tatoeba,https://tatoeba.org/en/sentences/41181
260,"In most cases, car accidents result from lack of sleep.","Katika hali nyingi, ajali za gari hutokana na ukosefu wa usingizi.",Tatoeba,https://tatoeba.org/en/sentences/41211
261,"There's little chance of keeping slim, unless you stick to a diet.","Kuna nafasi ndogo ya kubaki mwembamba, isipokuwa umeshikamana na kujinyima vyakula vingine.",Tatoeba,https://tatoeba.org/en/sentences/41234
262,The Soviet troops started to withdraw from Afghanistan.,Majeshi ya Soviet yalianza kujiondoa kutoka Afghanistan.,Tatoeba,https://tatoeba.org/en/sentences/41255
263,They will help you to get warm.,Zitakusaidia kupata joto.,Tatoeba,https://tatoeba.org/en/sentences/41969
264,It is a hall rather than a room.,Ni ukumbi badala ya chumba.,Tatoeba,https://tatoeba.org/en/sentences/42124
265,That's just a cheap publicity stunt.,Huo ni utapeli wa bure tu.,Tatoeba,https://tatoeba.org/en/sentences/42190
266,That's when we learned that the main post office was on fire and that they had kidnapped our president.,Hapo ndipo tulipofahamu kwamba ofisi kuu ya posta ilishika moto na kwamba walikuwa wamemnyakua rais wetu.,Tatoeba,https://tatoeba.org/en/sentences/42968
267,That was the only way we could defend ourselves against all this terrible shooting.,Hiyo ndiyo njia ya pekee ambayo tunaweza kujitetea dhidi ya ufiatuaji huu wote mbaya.,Tatoeba,https://tatoeba.org/en/sentences/43047
268,"Then he got dressed, stuffed his lecture notes into his briefcase, and ran down the stairs.","Kisha akavaa, akaingiza maandishi yake ya hotuba ndani ya muhtasari wake, akakimbia ngazi.",Tatoeba,https://tatoeba.org/en/sentences/43151
269,"It then became necessary to settle the best route for the line to follow; and that was determined, in the first place, by the shape of the land it had to cross.","Kisha ikawa muhimu kuamua njia bora ya mstari kufuata; na hiyo iliamuliwa, kwanza na muundo wa ardhi ambayo ilibidi uvuke.",Tatoeba,https://tatoeba.org/en/sentences/43172
270,Many a man believes the story.,Mara nyingi binadamu huamini stori.,Tatoeba,https://tatoeba.org/en/sentences/43263
271,The old doctor gave individual attention to each patient.,Yule daktari mzee aliwashughulikia wagonjwa wake kwa makini.,Tatoeba,https://tatoeba.org/en/sentences/43416
272,There are very few passengers in the train.,Kuna watu wachache kwa gari la moshi.,Tatoeba,https://tatoeba.org/en/sentences/43451
273,Will the therapy cause me any pain?,"Je, tiba hiyo itanisababishia maumivu yoyote?",Tatoeba,https://tatoeba.org/en/sentences/43459
274,The track meet was called off on account of the heavy rain.,Mkutano wa kukimbia ulisitishwa kwa sababu ya mvua kubwa.,Tatoeba,https://tatoeba.org/en/sentences/43487
275,The brave knight steps forward and kisses the lady on the hand.,Hatua ya ujasiri unasongea mbele na kumbusu bibi huyo kwa mkono.,Tatoeba,https://tatoeba.org/en/sentences/43537
276,Let's leave the problem until tomorrow.,Tuache iyo shida mpaka kesho.,Tatoeba,https://tatoeba.org/en/sentences/43640
277,The colors of the pattern are very ordinary.,Rangi za muundo ni za kawaida sana.,Tatoeba,https://tatoeba.org/en/sentences/43813
278,The widow suffered from stomach cancer.,Mjane huyo alipatwa na saratani ya tumbo.,Tatoeba,https://tatoeba.org/en/sentences/43839
279,The soldier lay injured on the ground.,Maaskari walilala chini wakiwa wamejeruhiwa.,Tatoeba,https://tatoeba.org/en/sentences/44099
280,The surface of the object is fairly rough.,Uso wa kitu ni mbaya.,Tatoeba,https://tatoeba.org/en/sentences/44132
281,The lady's funeral was held at the local church.,Mazishi ya mwanamke huyo yalifanyika katika kanisa la mtaa huo.,Tatoeba,https://tatoeba.org/en/sentences/44270
282,To prevent the disease from spreading quickly was not an easy task.,Ili kuzuia ugonjwa kuenea haraka haikuwa kazi rahisi.,Tatoeba,https://tatoeba.org/en/sentences/44317
283,The airplane flies at a speed of five hundred kilometers per hour.,Ndege inapepea kwa kasi ya kilomita mia tano kwa saa.,Tatoeba,https://tatoeba.org/en/sentences/44346
284,The cat took advantage of the high grass to creep on the bird.,Paka alitumia faida ya nyasi kuwa ndefu katika kummendea ndege.,Tatoeba,https://tatoeba.org/en/sentences/44559
285,"The fire, driven by an east wind, destroyed the center of the city.","Moto, ukiopeperushwa na upepo wa mashariki, uliharibu katikati ya mji.",Tatoeba,https://tatoeba.org/en/sentences/44581
286,There are subtle differences between the two things.,Kuna tofauti hila kati ya mambo haya mawili.,Tatoeba,https://tatoeba.org/en/sentences/44640
287,The island is covered with ice and snow during the winter.,Kisiwa hufunikwa na barafu na theluji wakati wa baridi.,Tatoeba,https://tatoeba.org/en/sentences/44734
288,"During that winter, writing occupied most of my free time.","Wakati huo wa msimu wa kipupwe, uandishi ulichukua muda wangu wa starehe.",Tatoeba,https://tatoeba.org/en/sentences/44776
289,The street is named for President Madison.,Barabara hii imepewa jina la Rais Madison,Tatoeba,https://tatoeba.org/en/sentences/44994
290,"If that city were a color, it would be a color with a quiet sort of dignity... wine red, say.","Ikiwa jiji hilo lilikuwa rangi, itakuwa rangi na utulivu wa aina yake... divai nyekundu, sema.",Tatoeba,https://tatoeba.org/en/sentences/45033
291,The town is located in the extreme north of Japan.,Mji huo upo kaskazini mwa Japan.,Tatoeba,https://tatoeba.org/en/sentences/45038
292,Among these there may be new sources of food fish and new species of other creatures.,Miongoni mwa hivyo huenda kuna vyanzo vipya ya samaki na aina nyingine ya viumbe,Tatoeba,https://tatoeba.org/en/sentences/45102
293,The man was too fat to move by himself.,Mwanamume huyo alikuwa na uzani mkubwa hivyo hangeweza kutembea kivyake.,Tatoeba,https://tatoeba.org/en/sentences/45282
294,The country's foreign trade depends entirely on this port.,Biashara ya nje ya nchi inategemea kabisa bandari hii.,Tatoeba,https://tatoeba.org/en/sentences/45451
295,The villagers serve their own needs by taking turns driving the bus.,Wanakijiji hutumikia mahitaji yao kwa kubadilisha usukani kuendesha basi.,Tatoeba,https://tatoeba.org/en/sentences/45548
296,The campaign succeeded and he won the election.,Kampeni zilifaulu na akashinda uchaguzi.,Tatoeba,https://tatoeba.org/en/sentences/45657
297,The ship will set sail for Hong Kong tomorrow at 3 p.m.,Meli hiyo itaanza safari ya Hong Kong kesho saa 9 mchana.,Tatoeba,https://tatoeba.org/en/sentences/45663
298,"Covered with dust, the doll stood in the corner of the room.",Doli ilisimama kwenye kona ya chumba ilikwa imefunikwa na vumbi.,Tatoeba,https://tatoeba.org/en/sentences/46002
299,"Terms were signed between Japan, Germany, Great Britain and the United States.","Masharti yalitiwa saini kati ya Japan, Germany, Uingereza na Marekani.",Tatoeba,https://tatoeba.org/en/sentences/46176
300,The castle stands three miles north of the town.,Kasri liko maili tatu kaskazini mwa mji.,Tatoeba,https://tatoeba.org/en/sentences/46217
301,The girl tore the cloth.,Msichana alichana nguo.,Tatoeba,https://tatoeba.org/en/sentences/46474
302,The path continues straight ahead for miles on end.,Njia inaendelea moja kwa moja kwa maili mwishoni.,Tatoeba,https://tatoeba.org/en/sentences/46503
303,The glove has a hole in the thumb.,Glovu imetoboka kwa kidole cha gumba.,Tatoeba,https://tatoeba.org/en/sentences/46735
304,Don't forget to post the letter.,Usisahau kupeleka barua,Tatoeba,https://tatoeba.org/en/sentences/46743
305,"A group of scientists stood by, ready to record the experiment.","Kundi la wanasayansi lilisimama, tayari kurekodi majaribio.",Tatoeba,https://tatoeba.org/en/sentences/46894
306,Your success in the enterprise depends on your effort.,Kufanikiwa kwako katika biashara kunategemea bidii yako.,Tatoeba,https://tatoeba.org/en/sentences/47259
307,I arranged the business with Mr Brown.,Nilipanga biashara na Bw. Brown.,Tatoeba,https://tatoeba.org/en/sentences/47602
308,The cruel man beat the dog with a whip.,Mtu mkatili alimpiga mbwa kwa mjeledi.,Tatoeba,https://tatoeba.org/en/sentences/47699
309,That forest fire happened from natural cause.,Moto huo wa msituni ulisababishwa na hali ya kawaida.,Tatoeba,https://tatoeba.org/en/sentences/47703
310,The mountain is famous in myth and legend.,Mlima ni maarufu katika ngano na hadithi.,Tatoeba,https://tatoeba.org/en/sentences/47712
311,The author presented a copy of his latest book to me.,Mwandishi alinipatia nakala ya karibuni.,Tatoeba,https://tatoeba.org/en/sentences/47779
312,The performance was received with applause.,Maonyesho yalipokelewa kwa shangwe.,Tatoeba,https://tatoeba.org/en/sentences/48017
313,The ice on the lake is too thin to bear your weight.,Barafu iliyo kwenye ziwa ni nyembamba sana kubeba uzito wako.,Tatoeba,https://tatoeba.org/en/sentences/48127
314,The beauty of the lake is beyond description.,Urembo wa ziwa hauelezeki.,Tatoeba,https://tatoeba.org/en/sentences/48130
315,Only part of the building has been destroyed by the earthquake.,Ni sehemu moja ya jengo iliyoharibiwa na mtetemeko wa ardhi.,Tatoeba,https://tatoeba.org/en/sentences/48322
316,It's nothing impressive. It's just a bit part in that play.,Sio kitu cha kuvutia. Ni sehemu kidogo tu katika mchezo huo.,Tatoeba,https://tatoeba.org/en/sentences/48422
317,The alarm sent everyone rushing out of the room.,Kengele ilipeleka kila mtu kukimbilia nje ya chumba.,Tatoeba,https://tatoeba.org/en/sentences/48450
318,The cop was shot on his beat.,Polisi alipigwa risasi kwenye lindo lake.,Tatoeba,https://tatoeba.org/en/sentences/48459
319,The army was involved in a number of brilliant actions during the battle.,Jeshi lilihusika katika matendo mengi kadhaa wakati wa vita.,Tatoeba,https://tatoeba.org/en/sentences/48593
320,The lord held absolute power over his subjects.,Bwana alikuwa na mamlaka kabisa juu ya raia wake.,Tatoeba,https://tatoeba.org/en/sentences/48601
321,The church was built hundreds of years ago.,Kanisa lilijengwa mamia ya miaka iliyopita.,Tatoeba,https://tatoeba.org/en/sentences/48692
322,The article was an invitation for public protest against the newspaper.,Nakala hiyo ilikuwa mwaliko wa maandamano ya umma dhidi ya gazeti hili.,Tatoeba,https://tatoeba.org/en/sentences/48774
323,Students are forbidden to smoke on the school grounds.,Wanafunzi wanakatazwa kuvuta siraga kwenye maeneo ya shule.,Tatoeba,https://tatoeba.org/en/sentences/48938
324,The company couldn't cope with sudden changes.,Kampuni hiyo haikuweza kukabiliana na mabadiliko ya ghafla.,Tatoeba,https://tatoeba.org/en/sentences/49093
325,The company's financial year runs from April until March of the following year.,Mwaka wa kifedha wa kampuni hiyo unaanzia Aprili hadi Machi ya mwaka uliofuata.,Tatoeba,https://tatoeba.org/en/sentences/49129
326,I didn't commit myself to attend the meeting.,Sikuahidi kuhudhuria mkutano.,Tatoeba,https://tatoeba.org/en/sentences/49186
327,That song reminds me of a famous movie actor.,Wimbo huo unanikumbusha muigizaji maarufu wa sinema.,Tatoeba,https://tatoeba.org/en/sentences/49272
328,The scientist tried to discover Nature's laws.,Mwanasayansi alijaribu kugundua sheria Asili.,Tatoeba,https://tatoeba.org/en/sentences/49300
329,The family has been cursed with poor health.,Familia imelaaniwa kwa afya mbaya.,Tatoeba,https://tatoeba.org/en/sentences/49307
330,The dirty boy turned out to be a prince in disguise.,Mvulana mchafu aligeuka kuwa mwanamfalme.,Tatoeba,https://tatoeba.org/en/sentences/49465
331,The director used his power to arrange a special place in the cinema world.,Mkurugenzi alitumia nguvu yake kupanga mahali maalumu katika ulimwengu wa sinema.,Tatoeba,https://tatoeba.org/en/sentences/49500
332,The driver really screwed up the team when he drove them to the wrong playing field in a different town.,Dereva aliikosea timu kweli wakati alipowapeleka kwenye uwanja usiofaa wa kucheza ulio mji tofauti.,Tatoeba,https://tatoeba.org/en/sentences/49579
333,The rumor became common property.,Uvumi huo ukawa mali ya kawaida.,Tatoeba,https://tatoeba.org/en/sentences/49589
334,Whoever wins the race will receive the prize.,Yeyote atakayeshinda mbio atapata tuzo.,Tatoeba,https://tatoeba.org/en/sentences/49717
335,"Bear in mind that, under such circumstances, we have no alternative but to find another buyer.","Kumbuka kwamba, katika hali kama hizi, hatuna njia nyingine ila kupata mnunuzi mwingine.",Tatoeba,https://tatoeba.org/en/sentences/49783
336,The boat uses a motor for the power.,Mashua inatumia mota kuipa nguvu.,Tatoeba,https://tatoeba.org/en/sentences/49921
337,The parade was led by an army band.,Gwaride hilo liliongozwa na bendi ya jeshi.,Tatoeba,https://tatoeba.org/en/sentences/49998
338,The data was completely useless.,Data hiyo ilikuwa haina maana kabisa.,Tatoeba,https://tatoeba.org/en/sentences/50246
339,The monkey took a banana by means of the stick.,Tumbili alichukua ndizi kupitia kijiti.,Tatoeba,https://tatoeba.org/en/sentences/50348
340,The garbage is giving off a terrible smell.,Takataka inatoa harufu mbaya.,Tatoeba,https://tatoeba.org/en/sentences/50390
341,Two can play at that game.,Watu wawili wanaweza kucheza mchezo huo.,Tatoeba,https://tatoeba.org/en/sentences/50511
342,The money was put into a special fund to buy books for the school library.,Pesa hiyo iliwekwa katika mfuko maalum kununua vitabu kwa maktaba ya shule.,Tatoeba,https://tatoeba.org/en/sentences/50594
343,"Now, just let the clay slide between your fingers.","Sasa, acha tu udongo uteleze kati ya vidole vyako.",Tatoeba,https://tatoeba.org/en/sentences/50774
344,"And they will continue to influence the world through the excitement of their literature, movies and music.","Na wataendelea kushawishi ulimwengu kupitia msisimko wa fasihi zao, sinema na muziki.",Tatoeba,https://tatoeba.org/en/sentences/50811
345,There you see the gate which Mr Jones built.,Huko unaona lango ambalo Mr Jones aliijenga.,Tatoeba,https://tatoeba.org/en/sentences/50981
346,They were based on goods which the members of a society recognized as having value.,Zilitokana na bidhaa ambazo wanachama wa jamii walitambua kuwa zina thamani.,Tatoeba,https://tatoeba.org/en/sentences/51174
347,Mr Smith gave a lecture on literature.,Bwana Smith alitoa hotuba ya fasihi.,Tatoeba,https://tatoeba.org/en/sentences/51535
348,Mr Smith is accused of breach of contract.,Bwana Smith ameshtakiwa kwa uvunjaji wa mkataba.,Tatoeba,https://tatoeba.org/en/sentences/51545
349,Mr Smith proposed marriage to Jane.,Bwana Smith alimposa Jane.,Tatoeba,https://tatoeba.org/en/sentences/51546
350,"Talking of Professor Smith, his assistant is hard of hearing.","Kuzungumzia Profesa Smith, msaidizi wake ni mgumu kusikiliza.",Tatoeba,https://tatoeba.org/en/sentences/51557
351,Mr Smith is within shouting distance.,Bwana Smith yupo karibu.,Tatoeba,https://tatoeba.org/en/sentences/51588
352,A farewell party was held in honor of Mr Smith.,Hafla ya heri njema ilifanyika kwa heshima ya Bwana Smith.,Tatoeba,https://tatoeba.org/en/sentences/51594
353,Please connect me with Mr Smith.,Tafadhali wasiliana na Bw. Smith.,Tatoeba,https://tatoeba.org/en/sentences/51595
354,Every experiment required a protected environment and an entirely objective frame of mind.,Kila jaribio lilihitaji mazingira ya kulindwa na urazini kamili wa akili.,Tatoeba,https://tatoeba.org/en/sentences/51751
355,The spy sent information by code.,Jasusi huyo alituma habari kwa kuficha.,Tatoeba,https://tatoeba.org/en/sentences/51867
356,Steve received a letter from Jane.,Steve alipokea barua kutoka kwa Jane.,Tatoeba,https://tatoeba.org/en/sentences/51938
357,Scott received a very strict education.,Scott alipokea elimu madhubuti.,Tatoeba,https://tatoeba.org/en/sentences/51997
358,Susan eats like a bird and leaves most of the food on her plate.,Susan anakula kama ndege na kubakisha chakula kwenye sahani yake.,Tatoeba,https://tatoeba.org/en/sentences/52399
359,I beg your pardon. I didn't think this was your seat.,Naomba radhi. Nikufikiria hiki kilikuwa kiti chako.,Tatoeba,https://tatoeba.org/en/sentences/52425
360,It is rude to stare at strangers.,Ni kukosa heshima kuwaangalia wageni.,Tatoeba,https://tatoeba.org/en/sentences/52485
361,John always breaks the ice in class.,Kila wakati Jonh huteleza taarifa darasani.,Tatoeba,https://tatoeba.org/en/sentences/52567
362,John knows English history from A to Z.,John anajua historia yote ya Kiingereza.,Tatoeba,https://tatoeba.org/en/sentences/52638
363,Probably John will pass the examination.,Pengine John ataupita mtihani.,Tatoeba,https://tatoeba.org/en/sentences/52684
364,Mr Johnson suddenly changed his mind and signed the contract.,Bwana Johnson alibadilisha mawazo ghafla na kutia saini mkataba.,Tatoeba,https://tatoeba.org/en/sentences/52792
365,I can't understand why John turned down a job as good as that.,Siwezi kuelewa kwanini John alikataa kazi nzuri kama ile.,Tatoeba,https://tatoeba.org/en/sentences/52828
366,The shopping center is a mile further down the road.,Kituo cha ununuzi ni maili moja zaidi.,Tatoeba,https://tatoeba.org/en/sentences/52855
367,Mr Jordan woke up suddenly.,Bwana Jordan aliamka ghafla.,Tatoeba,https://tatoeba.org/en/sentences/52926
368,Mr George Bush is the forty-first president of the United States.,Bwana George Bush ndiye rais wa arobaini na moja wa Amerika.,Tatoeba,https://tatoeba.org/en/sentences/52935
369,Georgia is his native state.,Georgia ndio jimbo lake la asili.,Tatoeba,https://tatoeba.org/en/sentences/52978
370,Julie received a Christmas card from her brother in Italy.,Julie alipokea kasi ya Krismasi kutoka kwa kaka yake wa Italia.,Tatoeba,https://tatoeba.org/en/sentences/52997
371,Don't drop cigarette ash on the carpet.,Usiangusha jivu la sigara kwenye zulia.,Tatoeba,https://tatoeba.org/en/sentences/53030
372,Jack and Betty have been going steady for a month.,Jack na Betty wamekuwa na mahusiano thabiti kwa mwezi mmoja.,Tatoeba,https://tatoeba.org/en/sentences/53161
373,"Jack, Jill and Alice went up the hill.","Jack, Jill na Alice walipanda mlimani.",Tatoeba,https://tatoeba.org/en/sentences/53163
374,Mr Jackson has recently transferred to Tokyo from Los Angeles.,Bwana Jackson amehamia Tokyo kutoka Los Angeles hivi karibuni.,Tatoeba,https://tatoeba.org/en/sentences/53181
375,You cannot rely upon Jim's words since he tries to please everybody.,Hauwezi kutegemea maneno ya Jim kwani anajaribu kumpendeza kila mtu.,Tatoeba,https://tatoeba.org/en/sentences/53238
376,Jim and Mike threw the ball back and forth.,Jim na Mike walitupa mpira nyuma na mbele.,Tatoeba,https://tatoeba.org/en/sentences/53348
377,Jimmy is to some extent capable of performing this operation.,Jimmy kwa kiwango fulani anaweza kufanya operesheni hii.,Tatoeba,https://tatoeba.org/en/sentences/53373
378,But showing off the presents could embarrass the guests who did not bring one.,Lakini kuonyesha zawadi zake kunaweza kuwaaibisha wageni ambao hawakuleta chochote.,Tatoeba,https://tatoeba.org/en/sentences/53530
379,"But in many ways, the bird called Alex is unusual, for it has shown the kind of mental abilities that scientists once thought only humans had.","Lakini kwa njia kadhaa, ndege aitwaye Alex sio wa kawaida, kwa kuna ameonyesha uwezo wa kiakili ambao wanasayansi waliwahi kufikiri ni binadamu tu anao.",Tatoeba,https://tatoeba.org/en/sentences/53607
380,Did Jerry really win a lottery?,"Je, kweli Jerry alishinda bahati nasibu?",Tatoeba,https://tatoeba.org/en/sentences/53682
381,Jeff thinks he will never fall in love.,Jeff anafikiri hawezi kuangukia kwenye mapenzi.,Tatoeba,https://tatoeba.org/en/sentences/53684
382,The jet plane landed following the instructions of the control tower.,Ndege ya jeti ilitua kufuatia maagizo ya mnara wa kudhibiti.,Tatoeba,https://tatoeba.org/en/sentences/53699
383,It is exciting to welcome Jane.,Inafurahisha kumkaribisha Jane.,Tatoeba,https://tatoeba.org/en/sentences/53708
384,Jane must stop giving way to her desire for chocolate.,Jane lazima aache tamaa yake ya chokoleti.,Tatoeba,https://tatoeba.org/en/sentences/53797
385,Whether Shakespeare wrote this poem or not will probably remain a mystery.,"Kama Shakespeare aliandika shairi hili au la, litaendelea kuwa fumbo.",Tatoeba,https://tatoeba.org/en/sentences/53884
386,Sally called on Mr Taylor.,Sally alimwendea Bwana Taylor.,Tatoeba,https://tatoeba.org/en/sentences/53956
387,"To make matters worse, he isn't even conscious of annoying his neighbors.",Jambo baya hata zaidi ni kwamba hata haoni kuwa anawakasirisha majirani zake.,Tatoeba,https://tatoeba.org/en/sentences/53970
388,"To make matters worse, he began to drink sake.","Kufanya mambo mabaya zaidi, alianza kunywa mvinyo wa sake.",Tatoeba,https://tatoeba.org/en/sentences/53983
389,The whole soccer team was on cloud nine after winning the championship.,Timu nzima ya mpira walifurahia sana baada ya kushinda ubingwa.,Tatoeba,https://tatoeba.org/en/sentences/54123
390,Let's break up the party.,Tusitishe tafrija.,Tatoeba,https://tatoeba.org/en/sentences/54268
391,"Now, go and have a good time. The work can wait.","Sasa, nenda kapumzike. Kazi inaweza kungoja.",Tatoeba,https://tatoeba.org/en/sentences/54277
392,A map is available upon request.,Ramani inapatikana ukituma ombi.,Tatoeba,https://tatoeba.org/en/sentences/54298
393,The machine again made the usual noise and printed out the following analysis.,Mashine tena ilifanya kelele ya kawaida na kuchapisha uchambuzi ufuatao.,Tatoeba,https://tatoeba.org/en/sentences/54556
394,Such treatment would make anybody rebel.,Utendaji huo ungefanya mtu yeyote kuasi.,Tatoeba,https://tatoeba.org/en/sentences/54802
395,"If you request a further discount, we suggest changing the terms of payment.","Ukiomba kipunguzi zaidi, tutakushauri ubadilishe masharti ya malipo.",Tatoeba,https://tatoeba.org/en/sentences/54904
396,These green leaves turn red or yellow in fall.,Majani haya ya kijani hugeuka nyekundu au manjano katika msimu wa kipupwe.,Tatoeba,https://tatoeba.org/en/sentences/55047
397,"As these trees grow tall, they rob the grass of light.","Miti hii inapokua ndefu, hunyakua mwangaza kwa nyasi.",Tatoeba,https://tatoeba.org/en/sentences/55068
398,What accounts for these symptoms hasn't been discovered yet.,Kinachosababisha dalili hizi hakijagunduliwa bado.,Tatoeba,https://tatoeba.org/en/sentences/55166
399,"In all my career as a travel agent, I never visited Africa.","Katika kazi yangu yote kama wakala wa kusafiri, sikuwahi kutembelea Afrika.",Tatoeba,https://tatoeba.org/en/sentences/55334
400,It is something my mother made.,Mama yangu alikifanyiza.,Tatoeba,https://tatoeba.org/en/sentences/55406
401,This is too good a chance to lose.,Hii ni nafasi nzuri sana ya kupoteza.,Tatoeba,https://tatoeba.org/en/sentences/55486
402,This tour takes in each of the five main islands.,Ziara hii inahusika visiwa vyote vitano.,Tatoeba,https://tatoeba.org/en/sentences/56513
403,Nothing can excuse him for such rude behavior.,Hakuna kinachoweza kumruhusu kwa tabia hiyo mbaya.,Tatoeba,https://tatoeba.org/en/sentences/56544
404,This tree has been standing for five decades.,Mti huu umekuwa ukisimama kwa miongo mitano.,Tatoeba,https://tatoeba.org/en/sentences/56773
405,This book will be helpful to your study.,Kitabu hiki kitasaidia katika masomo yako.,Tatoeba,https://tatoeba.org/en/sentences/56968
406,This art collection is rich in paintings by Dutch masters.,Mkusanyiko huu wa sanaa ni tajiri katika picha za kuchora na mabwana wa Uholanzi.,Tatoeba,https://tatoeba.org/en/sentences/57445
407,There seems to be some genetic problem with this animal.,Inaonekana kuna shida ya kimaumbile kwa mnyama huyu.,Tatoeba,https://tatoeba.org/en/sentences/57639
408,Most snakes on this island are harmless.,Nyoka nyingi katika kisiwa hiki hawadhuru.,Tatoeba,https://tatoeba.org/en/sentences/57653
409,The city was ruined by the brutal force of nature.,Jiji liliharibiwa na nguvu ya kikatili ya asili.,Tatoeba,https://tatoeba.org/en/sentences/57830
410,Is there a museum in this town?,"Je, kuna makumbusho katika mji huu?",Tatoeba,https://tatoeba.org/en/sentences/57854
411,The frequency of crime in the town is high.,Masafa ya uhalifu mjini ni kubwa.,Tatoeba,https://tatoeba.org/en/sentences/57865
412,This boy has a strong and healthy body.,Mvulana huyu ana mwili thabiti na yenye afya.,Tatoeba,https://tatoeba.org/en/sentences/57949
413,I name this ship the Queen Elizabeth.,Naita meli hii Malkia Elizabeth.,Tatoeba,https://tatoeba.org/en/sentences/58089
414,Add up this column of figures.,Ongeza kolamu hii kwenye jedwali.,Tatoeba,https://tatoeba.org/en/sentences/58281
415,There are a great many books in this library.,Kuna vitabu vingi vizuri maktabani.,Tatoeba,https://tatoeba.org/en/sentences/58302
416,This lady witnessed an accident at three o'clock this afternoon.,Mwanamke huyi alishuhudia ajali saa tisa za mchana leo.,Tatoeba,https://tatoeba.org/en/sentences/58516
417,We'll need a head hunting agency to find the right man for this executive position.,Tutahitaji wataamu wa ajira kupata mtu anayefaa kwa msimamo huu wa mtendaji.,Tatoeba,https://tatoeba.org/en/sentences/58561
418,"When I have finished writing the letter, I will take you to the lake about two miles beyond the hill.","Nikimaliza kuandika barua, nitakupeleka kwenye ziwa umbali wa maili mbili zaidi ya kilima.",Tatoeba,https://tatoeba.org/en/sentences/58641
419,This clock strikes the quarter hour.,Saa hii inagonga robo saa.,Tatoeba,https://tatoeba.org/en/sentences/58945
420,This job makes tremendous claims on our emotional strength.,Kazi hii inafanya madai makubwa kwa uwezo nguvu zetu za kihisia.,Tatoeba,https://tatoeba.org/en/sentences/59108
421,"According to this magazine, my favorite actress will marry a jazz musician next spring.","Kulingana na gazeti hili, mwigizaji wangu pendwa atamuoa mwanamuziki wa jazz msimu ujao.",Tatoeba,https://tatoeba.org/en/sentences/59207
422,I hope this expense report contains all the relevant business expenses because I'm not paying a cent more after this.,Natumahi ripoti hii ya gharama ina gharama zote muhimu za biashara kwa sababu sitalipa senti nyingine zaidi baada ya hii.,Tatoeba,https://tatoeba.org/en/sentences/59410
423,Please accept our apologies for the trouble this matter has caused you.,Tafadhali ukubali msamaha wetu kwa tatizo ambalo jambo hili limesababisha.,Tatoeba,https://tatoeba.org/en/sentences/59492
424,This project will involve 50 trained staff members.,Mradi huu utahusisha wafanyakazi 50 waliopitia mafunzo.,Tatoeba,https://tatoeba.org/en/sentences/59533
425,This church dates from the 12th century.,Kanisa hili lilianzia karne ya 12.,Tatoeba,https://tatoeba.org/en/sentences/59674
426,The butcher who sold me this beef is always friendly.,Mchinjaji aliyeniuzia nyama hii ni rafiki kila wakati.,Tatoeba,https://tatoeba.org/en/sentences/59702
427,This rule does not apply to the case.,Sheria hii haitumiki kwa kesi hiyo.,Tatoeba,https://tatoeba.org/en/sentences/59756
428,This machine answers to human voice.,Mashine hii inajibu sauti ya mwanadamu.,Tatoeba,https://tatoeba.org/en/sentences/59790
429,I'd like to take advantage of this opportunity to thank you all for your cooperation.,Ningependa kuchukua nafasi hii kuwashukuru nyote kwa ushirikiano wenu.,Tatoeba,https://tatoeba.org/en/sentences/59833
430,This desk is different from the one I ordered.,Dawati ni tofauti na nililoagiza.,Tatoeba,https://tatoeba.org/en/sentences/59845
431,This painting will pass for genuine.,Picha hii itathibishwa kuwa halisi.,Tatoeba,https://tatoeba.org/en/sentences/59969
432,I felt like a fish out of water at this firm.,Nilihisi kama samaki nje ya maji katika kampuni hii.,Tatoeba,https://tatoeba.org/en/sentences/59999
433,The fire reduced the whole village to ashes.,Moto ulipunguza kijiji kizima kuwa majivu.,Tatoeba,https://tatoeba.org/en/sentences/60081
434,The scientist is famous not only in Japan but also in foreign countries.,"Mwanasayansi huyo sio maarufu nchini Japan tu, bali pia katika nchi za nje.",Tatoeba,https://tatoeba.org/en/sentences/60128
435,"With this one exception, it is quite wrong to suppose that a simple culture will also have a simple language.","Kwa kighairi hiki kimoja, si sawa kudhani kuwa utamaduni ulio rahisi pia una lugha rahisi.",Tatoeba,https://tatoeba.org/en/sentences/60279
436,Does this bus go to the train station?,"Je, basi hili hufika kwenye kituo cha treni?",Tatoeba,https://tatoeba.org/en/sentences/60703
437,The owner of this bar never sells liquor on credit.,Mmiliki wa bar hii huwa hauzi pombe kwa deni.,Tatoeba,https://tatoeba.org/en/sentences/60716
438,This theme should be treated in more detail.,Mada hii inapaswa kushughulikiwa kwa undani zaidi.,Tatoeba,https://tatoeba.org/en/sentences/60851
439,This chocolate is very sweet and tasty.,Chokoleti hii ni tamu sana na ina ladha.,Tatoeba,https://tatoeba.org/en/sentences/60895
440,This tire is showing wear.,Tairi hii inaonekana kuzeeka.,Tatoeba,https://tatoeba.org/en/sentences/60915
441,This symbol stands for strength and integrity.,Ishara inasimamia nguvu na uadilifu.,Tatoeba,https://tatoeba.org/en/sentences/61012
442,Don't pour hot water into the glass or it will crack.,Usimimine maji ya moto kwenye glasi au itapasuka.,Tatoeba,https://tatoeba.org/en/sentences/61446
443,The glass crashed to the ground.,Kioo kilianguka chini.,Tatoeba,https://tatoeba.org/en/sentences/61456
444,This is Miss Curtis.,Huyu ni Bi Curtis.,Tatoeba,https://tatoeba.org/en/sentences/61536
445,This is the TV station where my uncle works as an announcer.,Hii ndio kituo cha Runinga ambapo mjomba wangu hufanya kazi kama mtangazaji.,Tatoeba,https://tatoeba.org/en/sentences/61641
446,"Between ourselves, he keeps a mistress.","Baina yetu, anaendelea mpenzi wa kando.",Tatoeba,https://tatoeba.org/en/sentences/62026
447,"It's the same wherever you try and escape: everywhere is a death row, and everyone's a victim.","Ni sawa popote unapojaribu na kutoroka: kila mahali kuna safu ya kifo, na kila mtu ni mwathirika.",Tatoeba,https://tatoeba.org/en/sentences/62068
448,How long does it take from here to the station?,Inachukua muda gani kutoka hapa hadi stesheni?,Tatoeba,https://tatoeba.org/en/sentences/62099
449,Would you like another cup of coffee?,"Je, ungependa kikombe kingine cha kahawa?",Tatoeba,https://tatoeba.org/en/sentences/62256
450,Gordon has had his head in the clouds all week.,Gordon amekuwa na mawazo mengi wiki nzima.,Tatoeba,https://tatoeba.org/en/sentences/62284
451,I'd like seats about fifty yards from the court.,Ningependa viti viwe karibu na yadi hamsini kutoka kwa bustani.,Tatoeba,https://tatoeba.org/en/sentences/62303
452,The coach made the players run five miles a day.,Kocha huyo aliwafanya wachezaji kukimbia maili tano kwa siku.,Tatoeba,https://tatoeba.org/en/sentences/62305
453,Kelly cleared his throat and begin to speak.,Kelly alisafisha koo lake na kuanza kuongea.,Tatoeba,https://tatoeba.org/en/sentences/62564
454,"President Kennedy was killed, but his legend will live on forever.","Rais Kennedy aliuawa, lakini hadithi yake itaishi milele.",Tatoeba,https://tatoeba.org/en/sentences/62577
455,It was not until Kay received the doll that she stopped crying.,Ilikuwa hadi Kay alipopokea yule doli ambapo aliacha kulia.,Tatoeba,https://tatoeba.org/en/sentences/62668
456,Credit is the amount or sum placed at a person's disposal by a bank; a loan of money.,Mikopo ni kiasi au jumla iliyowekwa kuombwa na mtu; mkopo wa benki.,Tatoeba,https://tatoeba.org/en/sentences/62761
457,It's dangerous to tell Chris your secrets because he tells everybody.,Ni hatari kumwambia Chris siri zako kwasababu atamwambia kila mtu.,Tatoeba,https://tatoeba.org/en/sentences/62820
458,Chris was hired to paint houses and was able to raise the money.,Chris aliajiriwa kupaka nyumba rangi na aliweza kupata pesa hizo.,Tatoeba,https://tatoeba.org/en/sentences/62824
459,Cathy had her hat blown away.,Kofia ya Cathy ilipeperushwa.,Tatoeba,https://tatoeba.org/en/sentences/63189
460,The rough material hurt the child's tender skin.,Kitu kilimuumiza mtoto ngozi yake nyororo.,Tatoeba,https://tatoeba.org/en/sentences/63200
461,Kim's smile was very sweet.,Tabasamu la Kim lilikuwa tamu sana.,Tatoeba,https://tatoeba.org/en/sentences/63209
462,Playing country-western music on guitar is real kid stuff to a true professional.,Kucheza muziki wa nchi za magharibi kwenye gita ni vitu halisi vya watoto kwa mtaalamu wa kweli.,Tatoeba,https://tatoeba.org/en/sentences/63402
463,Cancer can be cured easily if it is found in its first phase.,Saratani inaweza kutibiwa kwa urahisi ikigunduliwa mapema.,Tatoeba,https://tatoeba.org/en/sentences/63418
464,Hold the button down until you hear the shutter make a clicking sound.,Shika kitufe chini hadi usikie kifuniko kikitoa sauti ya kubonyeza.,Tatoeba,https://tatoeba.org/en/sentences/63565
465,The Catholic Church is opposed to divorce.,Kanisa Katoliki linapinga talaka.,Tatoeba,https://tatoeba.org/en/sentences/63655
466,Cocktail parties can be boring.,Karamu za mapema jioni zinaweza kusinya.,Tatoeba,https://tatoeba.org/en/sentences/63774
467,It took me by surprise to hear that Carl was moving to Germany.,Ilinishangaza kusikia kwamba Carl alikuwa akihamia Ujerumani.,Tatoeba,https://tatoeba.org/en/sentences/63808
468,It was yesterday morning that I saw Mr Carter.,Ilikuwa jana asubuhi nilimwona Bwana Carter.,Tatoeba,https://tatoeba.org/en/sentences/63839
469,"Excuse me for interrupting you, but would you mind opening the window?","Niwie radhi kwa kukukatiza, lakini unaweza kuifungua dirisha hii?",Tatoeba,https://tatoeba.org/en/sentences/63845
470,Do you have any bags to check?,Una mifuko yoyote ya kuangalia?,Tatoeba,https://tatoeba.org/en/sentences/63883
471,Your beauty turns me pale.,Urembo wako unanigeuza rangi.,Tatoeba,https://tatoeba.org/en/sentences/64295
472,"This way, please, mademoiselle.","Tafadhari, njia ni hii dada.",Tatoeba,https://tatoeba.org/en/sentences/64363
473,The visitor has gone away five minutes before you came back.,Mgeni amekwenda dakika tano kabla ya hujarudi.,Tatoeba,https://tatoeba.org/en/sentences/64657
474,Most funny stories are based on comic situations.,Hadithi nyingi za kuchekesha zimeundwa kutokana na hali za ucheshi.,Tatoeba,https://tatoeba.org/en/sentences/64850
475,The man who nearly drowned began to breathe.,Mwanaume ambaye karibu azame alianza kupumua.,Tatoeba,https://tatoeba.org/en/sentences/64902
476,The opera starts at seven.,Opera unaanza saa saba.,Tatoeba,https://tatoeba.org/en/sentences/64906
477,The frightened boy's voice was shaking with terror.,Sauti ya mtoto wa kiume aliyeogopa ilitetema kwa hofu.,Tatoeba,https://tatoeba.org/en/sentences/64915
478,What a feast we had when we visited my aunt!,Tulipomtembelea shangazi tulifurahia karamu nzuri sana.,Tatoeba,https://tatoeba.org/en/sentences/64927
479,My grandma injured her leg in a fall.,Nyanya yangu alijeruhi mguu wake alipoanguka.,Tatoeba,https://tatoeba.org/en/sentences/64941
480,"Excuse me but, would you kindly lift that box for me?","Samahani, unaweza kuniinulia sanduku tafadhali?",Tatoeba,https://tatoeba.org/en/sentences/65010
481,"My uncle retired from teaching last year, but he still managed to hang onto a position at the university.","Mjomba wangu alistaafu kutoka kuwa mwalimu mwaka jana, lakini bado anshikilia cheo katika chuo kikuu.",Tatoeba,https://tatoeba.org/en/sentences/65067
482,Amy worked in the yard last Saturday.,Amy alifanyakazi uwanjani Jumamosi iliyopita.,Tatoeba,https://tatoeba.org/en/sentences/65378
483,That looks like the kind of guy who'd buy me lots of designer goods tee-hee-hee.,Hiyo inaonekana kama aina ya mtu ambaye angenunulia bidhaa nyingi za wabunifu tee-hee-hee.,Tatoeba,https://tatoeba.org/en/sentences/65468
484,He's in the money.,Yuko ndani ya pesa.,Tatoeba,https://tatoeba.org/en/sentences/65471
485,Mr Wood has his secretary type his letters.,Katibu wa Bw. Wood alimwandikia barua zake.,Tatoeba,https://tatoeba.org/en/sentences/65479
486,Mr Wood came to the door and spoke to Tony's mother.,Bwana Wood alifika mlangoni na kuzungumza na mama ya Tony.,Tatoeba,https://tatoeba.org/en/sentences/65484
487,Our cat is in the kitchen.,Paka yetu ipo jikoni.,Tatoeba,https://tatoeba.org/en/sentences/65516
488,"In India, the cow is a sacred animal.","Huko India, ng'ombe ni mnyama takatifu.",Tatoeba,https://tatoeba.org/en/sentences/65733
489,The Internet is very useful for knowing the circumstances of each part of the world.,Intanet inasaidia sana watu kujua mazingira ya kila sehemu ya dunia.,Tatoeba,https://tatoeba.org/en/sentences/65744
490,I'm so sorry about what I did. I wish I could just crawl into a hole and die.,Samahani sana kwa kile nilichofanya. Natamani hata nianguke kwenye shimo na kufa kabisa.,Tatoeba,https://tatoeba.org/en/sentences/65849
491,What a glorious fall day. This is what they mean by the lovely weather you get after a storm.,Siku njema iliyoje. Hii ndio maana ya hali ya hewa nzuri unayopata baada ya dhoruba.,Tatoeba,https://tatoeba.org/en/sentences/65851
492,When shall I come for you?,Ni wakati upi mwafaka wa kukuchukua?,Tatoeba,https://tatoeba.org/en/sentences/66389
493,I come from England.,Natoka Uingereza.,Tatoeba,https://tatoeba.org/en/sentences/66622
494,Just wandering around can be a good way to travel.,Kuzunguka tu inaweza kuwa njia nzuri ya kusafiri.,Tatoeba,https://tatoeba.org/en/sentences/66627
495,No country should interfere in another country's internal affairs.,Hakuna nchi inapaswa kuingilia mambo ya ndani ya nchi nyingine.,Tatoeba,https://tatoeba.org/en/sentences/66650
496,We have good news.,Tuna habari nzuri.,Tatoeba,https://tatoeba.org/en/sentences/66695
497,"No, please dial nine first.","Hapana, tafadhali bonyeza tisa kwanza.",Tatoeba,https://tatoeba.org/en/sentences/66808
498,Anne accepted Henry's proposal.,Anne amekubali ombi la Henry.,Tatoeba,https://tatoeba.org/en/sentences/66853
499,I think Ann loves Jack.,Nadhani Ann anampenda Jack.,Tatoeba,https://tatoeba.org/en/sentences/66865
500,One Sunday morning George burst into the living room and said the following.,Jumapili moja asubuhi George aliingia sebuleni na kusema yafuatayo.,Tatoeba,https://tatoeba.org/en/sentences/67149
501,One day Mike and Jane went downtown to do some shopping.,Siku moja Mike na Jane walikwenda jijini kwa ununuzi.,Tatoeba,https://tatoeba.org/en/sentences/67161
502,A woman lost her driver's license while she was shopping the other day at a department store.,Mwanamke alipoteza leseni yake ya udereva alipokuwa akinunua bidhaa juzi kwenye duka la idara.,Tatoeba,https://tatoeba.org/en/sentences/67219
503,Albert is engaged in foreign trade and often goes abroad.,Albert anajihusisha na biashara ya nje na mara nyingi huenda nje ya nchi.,Tatoeba,https://tatoeba.org/en/sentences/67303
504,Americans pay both federal taxes and state taxes.,Wamarekani wanalipa ushuru wa jimbo na serikali.,Tatoeba,https://tatoeba.org/en/sentences/67463
505,The United States seems to have got caught up in the troubles between the three nations in Asia.,Amerika inaonekana kuwa ilikumbana na shida kati ya mataifa matatu huko Asia.,Tatoeba,https://tatoeba.org/en/sentences/67499
506,In American football the defense has a specific job.,Katika soka la Amerika ulinzi una kazi fulani.,Tatoeba,https://tatoeba.org/en/sentences/67514
507,"In the justice system of the United States, there are twelve people on a jury.","Katika mfumo wa haki wa Amerika, kuna watu kumi na wawili kwenye benchi.",Tatoeba,https://tatoeba.org/en/sentences/67556
508,In the United States it is popular for girls to learn to skip rope.,Huko Amerika ni maarufu kwa wasichana kujifunza kuruka kamba.,Tatoeba,https://tatoeba.org/en/sentences/67620
509,"While some private and church schools in America have uniforms, they are not common.","Wakati shule zingine za kibinafsi na za kanisa huko Amerika zina sare, sio kawaida.",Tatoeba,https://tatoeba.org/en/sentences/67635
510,She was the last person I expected to meet that day.,Alikuwa ni mtu wa mwisho nilitarajia kumwona leo.,Tatoeba,https://tatoeba.org/en/sentences/67875
511,That store sells a wide range of goods.,Duka hilo huuza bidhaa kadhaa.,Tatoeba,https://tatoeba.org/en/sentences/67901
512,That store sells many things besides furniture.,Duka hilo huuza vitu vingi zaidi ya fanicha.,Tatoeba,https://tatoeba.org/en/sentences/67922
513,That building whose roof is brown is a church.,Jengo ambalo paa lake ni kahawia ni kanisa.,Tatoeba,https://tatoeba.org/en/sentences/67944
514,Look at those black clouds.,Tazama mawingu yale meusi.,Tatoeba,https://tatoeba.org/en/sentences/68380
515,That theater has a foreign film festival every other month.,Kwamba thieta ina tamasha ya filamu ya kigeni kila mwezi.,Tatoeba,https://tatoeba.org/en/sentences/68439
516,They are putting P on at that theater.,Wanawasha P kwenye thieta.,Tatoeba,https://tatoeba.org/en/sentences/68441
517,Men's suits are on sale this week at that department store.,Suti za wanaume zinauzwa wiki hii katika duka hilo la idara.,Tatoeba,https://tatoeba.org/en/sentences/68669
518,That salesman looks pretty smart.,Mtu huyo wa mauzo anaonekana mzuri sana.,Tatoeba,https://tatoeba.org/en/sentences/68680
519,That commercial makes a strong impression - especially the music. It stays in your head.,Matangazo hayp ya biashara huleta hisia kali - hasusna muziki. Inakaa kichwani mwako.,Tatoeba,https://tatoeba.org/en/sentences/68697
520,Do you know who that tall blonde girl in green is?,"Je, unajua msichana huyo mrembo aliye na rangi ya hudhurungi na nguo ya kibichi ni nani?",Tatoeba,https://tatoeba.org/en/sentences/68704
521,The relationships among those five people are complicated.,Mauhusiano kati ya hao watu watano ni magumu.,Tatoeba,https://tatoeba.org/en/sentences/68744
522,Are you studying?,"Je, unasoma?",Tatoeba,https://tatoeba.org/en/sentences/68954
523,Do you speak Japanese?,"Je, wasema Kijapani?",Tatoeba,https://tatoeba.org/en/sentences/69058
524,Did you go to Ming's party last Saturday?,"Je, ulienda kwa tafrija ya Ming Jumamosi?",Tatoeba,https://tatoeba.org/en/sentences/69157
525,You must go home.,Lazima uende nyumbani.,Tatoeba,https://tatoeba.org/en/sentences/69551
526,You've never been to Paris?,Hujawahi kwenda Pari?,Tatoeba,https://tatoeba.org/en/sentences/69789
527,"You can't imagine it, can you?","Hauwezi kufikiria, unaweza?",Tatoeba,https://tatoeba.org/en/sentences/71117
528,"If you act like a fool, you must be treated as such.","Ikiwa unatenda kama mjinga, lazima uchukuliwe kama vile.",Tatoeba,https://tatoeba.org/en/sentences/71332
529,When will we arrive?,Tutafika lini?,Tatoeba,https://tatoeba.org/en/sentences/71662
530,Mr Adams was foolish to agree to the proposal.,Bwana Adams alikuwa mjinga kukubali lile pendekezo.,Tatoeba,https://tatoeba.org/en/sentences/71749
531,I make a special point of avoiding that shop.,Ninafanya juhudi ili nilihepe duka lile.,Tatoeba,https://tatoeba.org/en/sentences/71907
532,Ireland and England are separated by the sea.,Ailandi na Uiengereza zimetenganishwa na bahari.,Tatoeba,https://tatoeba.org/en/sentences/71924
533,Ouch! My foot!,Ouch! Mguu wangu!,Tatoeba,https://tatoeba.org/en/sentences/72064
534,"Oh, the toast is burned black.","Oh, tosti umechomeka kuwa nyeusi.",Tatoeba,https://tatoeba.org/en/sentences/72107
535,Can you absolutely assure delivery by August 15?,"Je, unaweza kuwahakikishia utoaji kufikia Agosti 15?",Tatoeba,https://tatoeba.org/en/sentences/72326
536,Thank you for your letter of July 25 and the fabric sample.,Asante kwa barua yako ya Julai 25 na mfano wa kitambaa.,Tatoeba,https://tatoeba.org/en/sentences/72377
537,"After six hours' climbing, we finally succeeded in reaching the top of the mountain.","Baada ya kupanda kwa takribani masaa sita, hatimaye tulifanikiwa kufikia kilele cha mlima.",Tatoeba,https://tatoeba.org/en/sentences/72412
538,My airport shuttle bus leaves at six o'clock.,Basi langu kutoka uwanjani wa ndege linaondoka saa kumi na mbili.,Tatoeba,https://tatoeba.org/en/sentences/72425
539,The third star belonged to a certain king.,Nyota ya tatu ilikuwa ya mfalme fulani.,Tatoeba,https://tatoeba.org/en/sentences/72633
540,March comes between February and April.,Mwezi wa Machi upo kati ya Februari na Aprili.,Tatoeba,https://tatoeba.org/en/sentences/72706
541,The path between the two houses was blocked by snow.,Upenyo uliokuwepo Kati ya nyumba mbili uliharibiwa na barafu.,Tatoeba,https://tatoeba.org/en/sentences/72882
542,"We have two spare rooms upstairs, neither of which has been used for years.","Tunayo vyumba viwili vya akiba, lakini hakuna kati hivo viwili hakuna kilichotumiwa kwa miaka.",Tatoeba,https://tatoeba.org/en/sentences/72898
543,Sum up the passage within 200 words.,Fupisha kifungu hiki kwa maneno yasiyozidi 200.,Tatoeba,https://tatoeba.org/en/sentences/72981
544,"We'll release the final agenda on the morning of Monday, January 20, so please reply quickly.","Tutatoa ajenda ya mwisho asubuhi ya Jumatatu, Januari 20, kwa hivyo tafadhali jibu haraka.",Tatoeba,https://tatoeba.org/en/sentences/73187
545,A dollar is equal to a hundred cents.,Dola ni sawa na senti mia.,Tatoeba,https://tatoeba.org/en/sentences/73213
546,"During the Depression in the 1930's, many wealthy people lost everything in the stock market crash.","Wakati wa Unyogovu miaka ya 1930, watu wengi matajiri walipoteza kila kitu kwenye soko la hisa.",Tatoeba,https://tatoeba.org/en/sentences/73292
547,"In 1860, Lincoln was elected President of the United States.","Mnamo 1860, Lincoln alichaguliwa kuwa Rais wa Amerika.",Tatoeba,https://tatoeba.org/en/sentences/73307
548,"In 1853, Perry asked Japan to open the door to America.","Mwaka wa 1853, Perry aliuliza Japan ifungulie Marekani mlango.",Tatoeba,https://tatoeba.org/en/sentences/73309
549,"In 1603, when King James I came into power, football was allowed again.","Mwaka 1603, Mfalme James wa kwanza alipoingia madarakani, mpira wa miguu uliruhusiwa tena.",Tatoeba,https://tatoeba.org/en/sentences/73316
550,"We must leave the hotel before 10 a.m., otherwise we will miss the train for Miami.","Lazima tuondoke hotelini kabla ya saa 10 asubuhi, vinginevyo tutakosa treni ya Miami.",Tatoeba,https://tatoeba.org/en/sentences/73420
551,The fog began to disappear around ten o'clock.,Ukungu ulianza kutoweka karibu saa kumi.,Tatoeba,https://tatoeba.org/en/sentences/73421
552,Can you lend me a dime?,"Je, unaweza kuniazima senti kumi?",Tatoeba,https://tatoeba.org/en/sentences/73469
553,The words'beautiful' and'ugly' are relative terms.,Maneno'mrembo' na'mbaya' ni maneno ya kawaida.,Tatoeba,https://tatoeba.org/en/sentences/73536
554,"""How are you feeling this morning?"" ""Pretty good, thanks.""",Habari yako leo? Vizuri! Asante.,Tatoeba,https://tatoeba.org/en/sentences/73696
555,"What are you referring to by ""relationship""?","Unamaanisha nini ukisema ""uhusiano""?",Tatoeba,https://tatoeba.org/en/sentences/73735
556,You're taking on the company style.,Sasa umeanza kujizoesha mienendo ya kampuni.,Tatoeba,https://tatoeba.org/en/sentences/237665
557,"By signing the contract, I committed myself to working there for another five years.","Kwa kusaini mkataba, nilijitolea kufanya kazi huko kwa miaka mingine mitano.",Tatoeba,https://tatoeba.org/en/sentences/237915
558,Thank you for the draft of the Agreement.,Asante kwa huu mswada wa makubaliano.,Tatoeba,https://tatoeba.org/en/sentences/237918
559,The police are investigating the cause of the crash around the clock.,Polisi wanachunguza sababu ya ajali hiyo saa nzima.,Tatoeba,https://tatoeba.org/en/sentences/238182
560,The police broke up the fight.,Polisi walivunja mapigano.,Tatoeba,https://tatoeba.org/en/sentences/238213
561,The police are looking into the cause of the accident.,Polisi wanachunguza kisababishi cha ajali.,Tatoeba,https://tatoeba.org/en/sentences/238293
562,"At the theater, Kathy changed seats with her mother.","Katika ukumbi, Kathy alibadilisha viti na mamake.",Tatoeba,https://tatoeba.org/en/sentences/238471
563,"Shot, huh?","Piga, huh?",Tatoeba,https://tatoeba.org/en/sentences/238483
564,He is by no means a pleasant fellow to associate with.,Yeye si mtu mzuri wa kushirikiana naye.,Tatoeba,https://tatoeba.org/en/sentences/238536
565,The gold cup was given to the winner of the final match.,Kikombe cha dhahabu kilipewa mshindi wa mechi ya fainali.,Tatoeba,https://tatoeba.org/en/sentences/238554
566,Please accept this gift for the celebration on your wedding.,Tafadhali pokea zawadi hii ya kusherehekea harusi yako.,Tatoeba,https://tatoeba.org/en/sentences/238708
567,Patterns of married life are changing a lot.,Mifumo ya maisha ya ndoa inabadilika sana.,Tatoeba,https://tatoeba.org/en/sentences/238738
568,Health is an important factor of happiness.,Afya ni jambo muhimu kwa furaha.,Tatoeba,https://tatoeba.org/en/sentences/238989
569,I am not in the least afraid of dogs.,Mimi siko mmoja wa mbwa waoga.,Tatoeba,https://tatoeba.org/en/sentences/239134
570,"The dog, seeing me beyond his reach, began barking.","Mbwa, alipokosa kunifikia, alianza kubweka.",Tatoeba,https://tatoeba.org/en/sentences/239197
571,The dog sat down by the man.,Mbwa akaketi karibu na mtu.,Tatoeba,https://tatoeba.org/en/sentences/239218
572,Training conditions workers to react quickly to an emergency.,Mafunzo huwafanya wafanyakazi kukabiliana na dharura haraka.,Tatoeba,https://tatoeba.org/en/sentences/239258
573,Silk feels soft.,Silika inahisi laini.,Tatoeba,https://tatoeba.org/en/sentences/239261
574,How are you? What sort of day are you having today?,"Hujambo, bwana? Habari gani za mchana?",Tatoeba,https://tatoeba.org/en/sentences/239423
575,We can not be too careful in operating a nuclear power plant.,Hatuwezi kuwa waangalifu sana katika kuendesha kiwanda cha nguvu za nyuklia.,Tatoeba,https://tatoeba.org/en/sentences/239471
576,We currently have 200 well organized sales offices all over Japan.,Hivi sasa tuna ofisi 200 za mauzo zenye utaratibu mzuri kote nchini Japan.,Tatoeba,https://tatoeba.org/en/sentences/239593
577,Private charity is only a drop in the bucket.,Msaada wa kibinafsi ni mdogo mno.,Tatoeba,https://tatoeba.org/en/sentences/239819
578,Thank you for setting the record straight.,Asante kwa kulainisha mambo.,Tatoeba,https://tatoeba.org/en/sentences/240263
579,The operator told me to hang up and wait for a moment.,Muendeshaji huyo aliniambia ni kate simu nisubiri kidogo.,Tatoeba,https://tatoeba.org/en/sentences/240276
580,The birds ate the bugs taking turns.,Ndege walikula mende wakiachiana.,Tatoeba,https://tatoeba.org/en/sentences/240300
581,We should draw the line between public and private affairs.,Tunapaswa kutofautisha kati ya mambo ya umma na ya kibinafsi.,Tatoeba,https://tatoeba.org/en/sentences/240467
582,The ad agency has a lot riding on this account.,Shirika lina hela nyingi kwenye akaunti hii.,Tatoeba,https://tatoeba.org/en/sentences/240847
583,Attack is the best form of defense.,Mashambulizi ni aina bora ya utetezi.,Tatoeba,https://tatoeba.org/en/sentences/240888
584,"To make matters worse, it began to rain heavily.","Ili kufanya mambo kuwa mabaya zaidi, ilianza kunyesha sana.",Tatoeba,https://tatoeba.org/en/sentences/240891
585,I was offered the choice of tea or coffee.,Nilipewa chaguo la chai au kahawa.,Tatoeba,https://tatoeba.org/en/sentences/240962
586,Try not to make random statements.,Jaribu usitoe kauli za kiholela.,Tatoeba,https://tatoeba.org/en/sentences/241081
587,Will you put a dot before the names of the successful students?,Utaweka alama ya kikomo kabla ya majina ya wanafunzi waliofanikiwa.,Tatoeba,https://tatoeba.org/en/sentences/241302
588,The torture made him confess to crimes he had not committed.,Mateso hayo yalimfanya akiri makosa ambayo hakufanya.,Tatoeba,https://tatoeba.org/en/sentences/241342
589,I congratulate you on your passing the state examination.,Ninakupongeza kwa kupita mtihani wa serikali.,Tatoeba,https://tatoeba.org/en/sentences/241380
590,The United Nations makes efforts to keep the earth in a state of peace.,Umoja wa Mataifa hufanya juhudi kuweka dunia katika hali ya amani.,Tatoeba,https://tatoeba.org/en/sentences/241469
591,I cast aside my chains.,Niliweka kando minyororo yangu.,Tatoeba,https://tatoeba.org/en/sentences/241954
592,I will side with you just this once.,Nitakubaliana nawe mara moja tu.,Tatoeba,https://tatoeba.org/en/sentences/241958
593,I will have been to New York twice this time.,Nitakuwa nimeenda New York mara mbili sasa.,Tatoeba,https://tatoeba.org/en/sentences/241961
594,"You've worked hard this morning, Simon.","Umefanya bidii asubuhi ya leo, Simon.",Tatoeba,https://tatoeba.org/en/sentences/242192
595,Did you see him at the station this morning?,Ulimwona kwenye kituo asubuhi ya leo?,Tatoeba,https://tatoeba.org/en/sentences/242240
596,I will have joined the ski tour five times when I join it again.,Nitakuwa nimejiunga na ski tour mara tanoi nikijiunga nao tena.,Tatoeba,https://tatoeba.org/en/sentences/242284
597,We are going to mount a hill near our school this Sunday.,Tutaweka kilima karibu na shule yetu Jumapili hii.,Tatoeba,https://tatoeba.org/en/sentences/242335
598,"Today, more and more people are changing jobs in order to get a better salary and higher social status.","Leo, watu zaidi na zaidi wanabadilisha kazi ili kupata mshahara bora na hadhi ya juu katika kijamii.",Tatoeba,https://tatoeba.org/en/sentences/242456
599,Nowadays there is a close relationship between foreign relations and domestic affairs.,Siku hizi kuna uhusiano wa karibu kati ya uhusiano wa nje na mambo ya ndani.,Tatoeba,https://tatoeba.org/en/sentences/242476
600,"Nowadays, there are still a few groups of people in different parts of the world who do not have permanent homes.","Siku hizi, bado kuna makundi machache ya watu katika sehemu tofauti ulimwenguni ambao hawana nyumba za kudumu.",Tatoeba,https://tatoeba.org/en/sentences/242479
601,"According to today's morning paper, the condemned criminal committed suicide.","Kutokana na gazeti la leo asubuhi, mhalifu aliyeshutumiwa alijiua.",Tatoeba,https://tatoeba.org/en/sentences/242615
602,Today the new leaf sent out a bud.,Leo janijipya limeota tawi.,Tatoeba,https://tatoeba.org/en/sentences/243043
603,I'm invited to Claudia's party tonight.,Nimealikwa kwenye sherehe ya Claudia itakayofanyika usiku.,Tatoeba,https://tatoeba.org/en/sentences/243334
604,"In a crowded train, I make it a rule to give my seat to old people.","Katika treni iliyojaa watu, ninaifanya kuwa sheria kutoa kiti changu kwa wazee.",Tatoeba,https://tatoeba.org/en/sentences/243512
605,The worst friend and enemy is but Death.,Rafiki na adui mbaya zaidi ni Kifo.,Tatoeba,https://tatoeba.org/en/sentences/243714
606,Recently the demand for this product has increased faster than the supply.,Majuzi mahitaji ya bidhaa hii yameongezeka haraka kuliko usambazaji.,Tatoeba,https://tatoeba.org/en/sentences/243730
607,Two books stand out among the dozens recently published on the Royal Family.,Vitabu viwili vimeibuka kati ya dazeni zilizochapishwa hivi karibuni kuhusu familia ya kifalme,Tatoeba,https://tatoeba.org/en/sentences/243839
608,Senior students have access to the library at weekends.,Wanafunzi wakubwa huenda maktabnia wikendi.,Tatoeba,https://tatoeba.org/en/sentences/244069
609,The attitude of the court toward young criminals is different from its attitude toward adult criminals.,Mtazamo wa mahakama kwa wahalifu wachanga ni tofauti na mtazamo wake kwa wahalifu watu wazima.,Tatoeba,https://tatoeba.org/en/sentences/244235
610,Yesterday I wrote to Ellen.,Jana nilimwandikie Ellen.,Tatoeba,https://tatoeba.org/en/sentences/244335
611,A farewell party was held in honor of Mr Jones yesterday.,Hafla ya kuaga ilifanyika kwa heshima ya Bwana Jones jana.,Tatoeba,https://tatoeba.org/en/sentences/244389
612,Profit on computers for the previous year was nearly ten percent higher than the current year.,Faida kwenye tarakilishi za mwaka uliopita zilikuwa karibu asilimia kumi kuliko mwaka huu.,Tatoeba,https://tatoeba.org/en/sentences/244724
613,Salmon go up the river and lay their eggs in the sand.,Salmoni huenda juu ya mto na kuweka mayai yao kwenye mchanga.,Tatoeba,https://tatoeba.org/en/sentences/244921
614,The murderer will soon confess his crime.,Muuaji hivi karibuni atakiri uhalifu wake.,Tatoeba,https://tatoeba.org/en/sentences/244946
615,"Unfortunately, the hotel that you suggested was completely booked up.","Kwa bahati mbaya, hoteli ambayo umependekeza imejaa.",Tatoeba,https://tatoeba.org/en/sentences/245275
616,Collect your thoughts before you begin your work.,Weka maoni yako pamoja kabla ya kuanza kazi yako.,Tatoeba,https://tatoeba.org/en/sentences/245325
617,The butler announced Mr. and Mrs. Smith.,Mhudumu alitangaza Bw. na Bi. Smith.,Tatoeba,https://tatoeba.org/en/sentences/245494
618,My sister works at the United States Embassy in London.,Dada yangu anafanya kazi katika Ubalozi wa Amerika huko London.,Tatoeba,https://tatoeba.org/en/sentences/245578
619,There are many doubts to a child.,Kuna mashaka mengi kuhusu mtoto.,Tatoeba,https://tatoeba.org/en/sentences/245820
620,I am never free from worries about my child.,Sikuwahi kamwe kutokuwa na wasiwasi kuhusu mwanagu.,Tatoeba,https://tatoeba.org/en/sentences/245837
621,The market drop has cleaned me out.,Kushuka kwa soko kumenifilisisha.,Tatoeba,https://tatoeba.org/en/sentences/246145
622,"I'm on the road a lot, and my clients are complaining that they can never reach me.","Niko barabarani sana, na wateja wangu wanalalamika kwamba hawawezi kunifikia.",Tatoeba,https://tatoeba.org/en/sentences/246390
623,The candidate whom I cast a vote for was elected.,Mgombeaji ambaye nilimpigia kura alichaguliwa.,Tatoeba,https://tatoeba.org/en/sentences/246961
624,They would never fuss about me if I were Fred Smith.,Hawangeweza kubishana juu yangu kama ningekuwa Fred Smith.,Tatoeba,https://tatoeba.org/en/sentences/247062
625,"Every time I call on you, you're out.","Kila wakati ninaku ita, uko nje.",Tatoeba,https://tatoeba.org/en/sentences/247086
626,We made for a pond at the foot of the hill.,Tulitengeneza bwawa chini ya kilima.,Tatoeba,https://tatoeba.org/en/sentences/247229
627,Our club activities are always spoiled by his behavior.,Mara zote shughuli za klabu yetu huharibiwa na tabia yake.,Tatoeba,https://tatoeba.org/en/sentences/247385
628,Those who buy this comic book in our store are mostly junior high school students.,Wale ambao hununua kitabu hiki cha ucheshi kwenye duka letu ni wanafunzi wa kiwango cha juu cha shule za upili.,Tatoeba,https://tatoeba.org/en/sentences/247660
629,We have been discussing minor matters; it's high time we began talking turkey.,Tumekuwa tukijadili masuala madogo; ni wakati muafaka kuanza kuzungumzia Uturuki.,Tatoeba,https://tatoeba.org/en/sentences/247720
630,We regard Dr. Brown as the best heart specialist in the United States.,Tunamwona Dkt. Brown kama mtaalamu bora zaidi wa moyo nchini Marekani.,Tatoeba,https://tatoeba.org/en/sentences/247731
631,We won the match.,Tulishinda mechi.,Tatoeba,https://tatoeba.org/en/sentences/248110
632,We have the exclusive right to sell them.,Tunayo haki ya kipekee ya kuziuza.,Tatoeba,https://tatoeba.org/en/sentences/248172
633,All of us stared at her.,Wote tuliangalia saa yake.,Tatoeba,https://tatoeba.org/en/sentences/248324
634,We are students.,Sisi ni wanafunzi.,Tatoeba,https://tatoeba.org/en/sentences/248532
635,We hired a boat by the hour.,Tulikodesha mashua kwa saa moja.,Tatoeba,https://tatoeba.org/en/sentences/248794
636,We take part in Red Cross movement.,Tunashiriki katika harakati za Msalaba Mwekundu.,Tatoeba,https://tatoeba.org/en/sentences/248963
637,We chose her a nice birthday present.,Tulimchagulia zawadi nzuri ya kuzaliwa.,Tatoeba,https://tatoeba.org/en/sentences/249289
638,We elected her mayor.,Tulimchagua kuwa meya wetu.,Tatoeba,https://tatoeba.org/en/sentences/249314
639,We ate fresh fruit after dinner.,Tulikula matunda freshi baada ya chajio.,Tatoeba,https://tatoeba.org/en/sentences/249453
640,We adults shouldn't destroy the intelligent and creative capacity of children.,Sisi watu wazima hatupaswi kuharibu uwezo wa akili na ubunifu wa watoto.,Tatoeba,https://tatoeba.org/en/sentences/249537
641,Please let me know about it.,Tafadhali kufahamishe kuihusu.,Tatoeba,https://tatoeba.org/en/sentences/250026
642,My uncle is an amateur cricket player.,Mjomba wangu ni mchezaji wa kriketi asiye stadi.,Tatoeba,https://tatoeba.org/en/sentences/250246
643,"My train leaves at seven, arriving in Tokyo at nine.","Treni yangu inaondoka saa saba, kufika Tokyo saa tisa.",Tatoeba,https://tatoeba.org/en/sentences/251226
644,"To my knowledge, he has not been involved in the fraud scheme.","Kwa ufahamu wangu, hakuhusika katika mpango wa udanganyifu.",Tatoeba,https://tatoeba.org/en/sentences/251451
645,Our city has no water service yet.,Mji wetu bado hauna huduma ya maji.,Tatoeba,https://tatoeba.org/en/sentences/251500
646,"It's my special recipe, rabbit stew.","Ni mapishi yangu maalum, kitoweo cha sungura.",Tatoeba,https://tatoeba.org/en/sentences/251554
647,I have a telephone in my room.,Nina simu katika chumba changu.,Tatoeba,https://tatoeba.org/en/sentences/251766
648,I insisted that we change our original plan.,Nilisisitiza tubadilishe mpango wetu wa hapo awali.,Tatoeba,https://tatoeba.org/en/sentences/252225
649,I may have hurt his feelings.,Ninaweza kuwa nimeumiza hisia zake.,Tatoeba,https://tatoeba.org/en/sentences/252336
650,I put my fingers in my ears to block out the terrible sounds.,Ninaweka vidole vyangu masikioni mwangu kuzuia kelele.,Tatoeba,https://tatoeba.org/en/sentences/252382
651,I wear size six gloves.,Ninavaa glavu saizi sita.,Tatoeba,https://tatoeba.org/en/sentences/252619
652,I don't know you.,Sikujui.,Tatoeba,https://tatoeba.org/en/sentences/252916
653,I came upon a rare stamp at that store.,Nilipata stempu adimu katika duka lile.,Tatoeba,https://tatoeba.org/en/sentences/252958
654,I am an American.,Mimi ni Mmarekani.,Tatoeba,https://tatoeba.org/en/sentences/253017
655,I come from Australia.,Ninatoka Australia.,Tatoeba,https://tatoeba.org/en/sentences/253219
656,I imagined him a tall man.,Nilidhania kuwa yeye ni mrefu.,Tatoeba,https://tatoeba.org/en/sentences/253360
657,I was involved in a petty argument.,Nilihusika katika ubishi bure.,Tatoeba,https://tatoeba.org/en/sentences/253397
658,I have been living here for these ten years.,Nimeishi hapa kwa miaka hii kumi.,Tatoeba,https://tatoeba.org/en/sentences/253484
659,I paid twenty thousand yen for this hearing aid.,Nililipa yen elfu ishirini kwa kifaa hicho cha kusikia.,Tatoeba,https://tatoeba.org/en/sentences/253729
660,I need this.,Nahitaji hii.,Tatoeba,https://tatoeba.org/en/sentences/253814
661,I have a computer.,Nina kompyuta.,Tatoeba,https://tatoeba.org/en/sentences/253848
662,I had the artist paint my portrait.,Mchoraji alitia rangi mchoro wa sura yangu.,Tatoeba,https://tatoeba.org/en/sentences/254258
663,I had the article accepted by a travel magazine.,Makala hayo yalikubaliwa na jarida la kusafiri.,Tatoeba,https://tatoeba.org/en/sentences/254284
664,I compromised with her on the point.,Wailisikilizana na yeye kwa hoja.,Tatoeba,https://tatoeba.org/en/sentences/254591
665,I bet five pounds on the horse.,Niliweka kamari ya pauni tano kuhusu farasi.,Tatoeba,https://tatoeba.org/en/sentences/254608
666,I saw the old gentleman cross the street and enter a store on the corner.,Nilimwona muungwana mzee akivuka barabara na kuingia dukani kwenye kona.,Tatoeba,https://tatoeba.org/en/sentences/254728
667,I know little or nothing about it.,Ninajua kidogo au kitu chochote juu yake.,Tatoeba,https://tatoeba.org/en/sentences/254763
668,I only happened to pass here just now.,Nimepitia hapa tu sasa hivi.,Tatoeba,https://tatoeba.org/en/sentences/255018
669,I worked with Mr Spencer for a year in New York.,Nilifanya kazi na Bw Spencer kwa mwaka mmoja huko New York.,Tatoeba,https://tatoeba.org/en/sentences/255337
670,I come from Brazil.,Ninatoka Brazil.,Tatoeba,https://tatoeba.org/en/sentences/255520
671,I belong to the brass band.,Mimi ni mwana kikundi wa brasi bendi.,Tatoeba,https://tatoeba.org/en/sentences/255521
672,"Yesterday, I went to see Martha as I hadn't seen her for several months.","Jana, nilikwenda kumuona Martha kwani sikuwa nimemwona kwa miezi kadhaa.",Tatoeba,https://tatoeba.org/en/sentences/255622
673,I still have some money in hand.,Bado Nina kiasi fulani cha pesa.,Tatoeba,https://tatoeba.org/en/sentences/255649
674,I like to eat apples.,Napenda kula tufaha.,Tatoeba,https://tatoeba.org/en/sentences/255926
675,I am studying very hard.,Najifunza kwa bidii.,Tatoeba,https://tatoeba.org/en/sentences/256080
676,I left home early so I'd be on time for the meeting.,Nilitoka nyumbani mapema ili nifike mkutanoni wakati unaofaa.,Tatoeba,https://tatoeba.org/en/sentences/256566
677,I was asked to buy some cakes on the way home from the office.,Niliagizwa kununua keki nikielekea nyumbani kutoka ofisini.,Tatoeba,https://tatoeba.org/en/sentences/256571
678,I am afraid of bears.,Naogopa vifaru.,Tatoeba,https://tatoeba.org/en/sentences/257026
679,I slipped and hurt myself while I was clearing the road of snow this morning.,Niliteleza nikajijeruhi wakati nilipokuwa naondoa theluji barabarani asubuhi ya leo.,Tatoeba,https://tatoeba.org/en/sentences/257524
680,I come from Saitama.,Ninatoka Saitama.,Tatoeba,https://tatoeba.org/en/sentences/257700
681,I have a bicycle.,Nina baiskeli.,Tatoeba,https://tatoeba.org/en/sentences/258209
682,I had to see someone on business.,Nilifaa kumwona mtu kwa kibiashara.,Tatoeba,https://tatoeba.org/en/sentences/258614
683,I had hardly started to eat when I noticed that she was crying.,Ilikuwa vigumu kuanza nilipotambua kuwa alikuwa akilia.,Tatoeba,https://tatoeba.org/en/sentences/258746
684,I am a teacher.,Mimi ni mwalimu.,Tatoeba,https://tatoeba.org/en/sentences/259069
685,Who am I?,Mimi ni nani?,Tatoeba,https://tatoeba.org/en/sentences/259378
686,I acted to protect myself from a similar destiny.,Nilitenda ili nijikinge na hatima kama hiyo.,Tatoeba,https://tatoeba.org/en/sentences/259714
687,I saw a horse pulling a cart.,Niliona farasi akivuta mkokoteni.,Tatoeba,https://tatoeba.org/en/sentences/259904
688,I know that he will be introduced to a lady by his uncle today.,Ninajua kuwa atatambulishwa kwa mwanamke na mjomba wake leo.,Tatoeba,https://tatoeba.org/en/sentences/259950
689,I am to have lunch with him.,Nafaa kula chakula cha mchana pamoja naye.,Tatoeba,https://tatoeba.org/en/sentences/260223
690,I reminded him of his interview with the president.,Nilimkumbusha kuhusu mahojiano yake na rais.,Tatoeba,https://tatoeba.org/en/sentences/260418
691,I cannot forgive him because he insulted me in public.,Siwezi kumsamehe kwa sababu alinitusi hadharani.,Tatoeba,https://tatoeba.org/en/sentences/260913
692,I want to live.,Nataka kuishi.,Tatoeba,https://tatoeba.org/en/sentences/261906
693,I'll come back.,Nitarudi.,Tatoeba,https://tatoeba.org/en/sentences/261982
694,Tell him either to call on me or to ring me up.,Mwambie labda aniite au anipigie simu.,Tatoeba,https://tatoeba.org/en/sentences/262447
695,We named the dog Tim.,Tumpa mbwa jina la Tim.,Tatoeba,https://tatoeba.org/en/sentences/262642
696,We have learned much about survival from lower forms of animal life.,Tumejifunza mengi kuhusu kuishi kutoka kwa aina ya chini ya maisha ya wanyama.,Tatoeba,https://tatoeba.org/en/sentences/262913
697,We decided to cease financial support.,Tuliamua kusitisha msaada wa kifedha.,Tatoeba,https://tatoeba.org/en/sentences/263037
698,Private detectives were hired to look into the strange case.,Wapelelezi wa kibinafsi waliajiriwa ili kuchunguza kesi hiyo ya kustaajabisha.,Tatoeba,https://tatoeba.org/en/sentences/263337
699,I don't know how to operate a spinning wheel.,Sijui jinsi ya kuendesha gurudumu la kuruka.,Tatoeba,https://tatoeba.org/en/sentences/263338
700,At the games they were sold by men who kept them warm in hot-water tanks.,Kwenye michezo waliuzwa na wanaume waliowapa joto katika matangi ya maji moto.,Tatoeba,https://tatoeba.org/en/sentences/263547
701,Please ask the secretary to stock the office supplies in the storage room.,Tafadhali muombe katibu ahifadhi vifaa vya ofisi kwa stoo.,Tatoeba,https://tatoeba.org/en/sentences/263812
702,Better drop by his gallery if you have time.,Unaweza kuenda kwenye duka lake la ukiwa na muda.,Tatoeba,https://tatoeba.org/en/sentences/263920
703,My temper sometimes gets the better of me.,Wakati mwingine hasira zangu unisaidia.,Tatoeba,https://tatoeba.org/en/sentences/264103
704,The next stage was to enter a good arts school.,Hatua inayofuata ilikuwa kuingia shule nzuri ya sanaa.,Tatoeba,https://tatoeba.org/en/sentences/264293
705,Do good to those who hate you.,Watendeeni mema wanaowachukia.,Tatoeba,https://tatoeba.org/en/sentences/264823
706,The deer slept on a bed of leaves.,Kulungu alilala kwenye kitanda cha majani.,Tatoeba,https://tatoeba.org/en/sentences/264914
707,The fact is that I can't swim.,Kwa kweli siwezi kuogelea.,Tatoeba,https://tatoeba.org/en/sentences/265107
708,"Some say society should be corrected first, but that is to put the cart before the horse.","Wengine husema jamii irekebishwe kwanza, lakini hiyo ni kuweka mkokoteni mbele ya farasi.",Tatoeba,https://tatoeba.org/en/sentences/265348
709,Something must be wrong with our car; the engine is giving off smoke.,"Kuna kitu hakipo sawa na gari letu, injini inatoa moshi.",Tatoeba,https://tatoeba.org/en/sentences/265433
710,The younger generation looks at things differently.,Kizazi kipya huangalia mambo kwa njia tofauti.,Tatoeba,https://tatoeba.org/en/sentences/265773
711,There is a lack of communication between the young and the old.,Kuna ukosefu wa mawasiliano kati ya vijana na wazee.,Tatoeba,https://tatoeba.org/en/sentences/265800
712,It became popular among young people to wear hunting boots.,Ilikuja kuwa maarufu miongoni mwa vijana kuvaa buti za uwindaji.,Tatoeba,https://tatoeba.org/en/sentences/265805
713,Their sweet melody made young people feel free.,Nyimbo zao tamu ziliwafanya vijana wahisi huru.,Tatoeba,https://tatoeba.org/en/sentences/265823
714,The host cut the turkey for the guests.,Mwenyeji waliwachinjia wageni bata mzinga.,Tatoeba,https://tatoeba.org/en/sentences/265854
715,The chief engineer did research hand in hand with his assistant.,Mhandisi mkuu alifanya utafiti pamoja na msaidizi wake.,Tatoeba,https://tatoeba.org/en/sentences/265867
716,I'm up to my neck in work.,Nina shughuli nyingi kazini.,Tatoeba,https://tatoeba.org/en/sentences/266129
717,The Prime Minister's explanation of the scandal just wouldn't wash with the public.,Maelezo ya Waziri Mkuu juu ya kashfa hiyo hayajaridhisha umma.,Tatoeba,https://tatoeba.org/en/sentences/266137
718,The Prime Minister held a press conference yesterday.,Waziri Mkuu alikuwa na mkutano na waandishi wa habari jana.,Tatoeba,https://tatoeba.org/en/sentences/266159
719,The prime minister was unable to form a cabinet.,Waziri Mkuu hakuweza kuunda Baraza la Mawaziri.,Tatoeba,https://tatoeba.org/en/sentences/266163
720,There is close relationship between supply and demand.,Kuna uhusiano wa karibu kati ya upatikanaji na mahitaji.,Tatoeba,https://tatoeba.org/en/sentences/266248
721,You'd better avoid discussion of religion and politics.,Ni bora uepuke majadiliano juu ya dini na siasa.,Tatoeba,https://tatoeba.org/en/sentences/266304
722,Slaves find power in religion.,Watumwa wanapata nguvu katika dini.,Tatoeba,https://tatoeba.org/en/sentences/266307
723,Gravity pulls things toward the center of the earth.,Nguvu za uvutano huvuta vitu zikielekea katikati ya dunia.,Tatoeba,https://tatoeba.org/en/sentences/266605
724,My uncle guaranteed my debts.,Mjomba wangu alihakikishia deni langu.,Tatoeba,https://tatoeba.org/en/sentences/266645
725,He always talks as though he knows how to handle himself but you never know how he'll act when the chips are down.,Huwa anaongea kila wakati kana kwamba anajua jinsi ya kujishughulikia lakini huwezi kujua atakuwaje mambo yakiwa mabaya.,Tatoeba,https://tatoeba.org/en/sentences/266813
726,You'd better examine the contract carefully before signing.,Ni bora uchunguze mkataba kwa uangalifu kabla ya kusaini.,Tatoeba,https://tatoeba.org/en/sentences/267128
727,So valuable were books that the greatest care was taken of them.,Vitabu vilikuwa vya dhamani na vililindwa vizuri.,Tatoeba,https://tatoeba.org/en/sentences/267153
728,My wife's hands are slightly smaller than the shop assistant's.,Mikono ya mke wangu ni midogo kidogo kuliko mikono ya msaidizi katika duka.,Tatoeba,https://tatoeba.org/en/sentences/267335
729,Do something about the flow of blood from the wound.,Fanya kitu kuhusu mtiririko wa damu kutoka kwa jeraha.,Tatoeba,https://tatoeba.org/en/sentences/267346
730,The scar shows clearly.,Kovu linaonyesha wazi.,Tatoeba,https://tatoeba.org/en/sentences/267361
731,Little girls in general are fond of dolls.,Wasichana wadogo kwa ujumla wanapenda madoli.,Tatoeba,https://tatoeba.org/en/sentences/267528
732,Leaves lay thick in the lane.,Majani mazito yako kwenye barabara hiyo.,Tatoeba,https://tatoeba.org/en/sentences/267658
733,"Would you just move along a bit, please?","Je, unaweza kusonga mbele kidogo, tafadhali?",Tatoeba,https://tatoeba.org/en/sentences/267703
734,"The girl listened to music, the boy was reading a book.","Msichana alisikiza muziki, mvulana alikuwa anasoma kitabu.",Tatoeba,https://tatoeba.org/en/sentences/267852
735,The girl tried hard to hold back her tears.,Msichana alijaribu sana kufungia machozi.,Tatoeba,https://tatoeba.org/en/sentences/267860
736,The boy was anxious for a bicycle.,Mvule alikuwa na wasiwasi ya baiskeli.,Tatoeba,https://tatoeba.org/en/sentences/267977
737,The youth was arrested for being involved in a riot.,Huyu kijana alikamatwa kwa kushiriki mandamano.,Tatoeba,https://tatoeba.org/en/sentences/268044
738,There were bits of broken glass on the floor.,Kulikuwa na vipande vya glasi iliyovunjika kwenye sakafu.,Tatoeba,https://tatoeba.org/en/sentences/268082
739,"The floor was painted green, while the walls were yellow.","Sakafu ilikuwa ya rangi ya kijani, huku ukuta ulikuwa wa manjano.",Tatoeba,https://tatoeba.org/en/sentences/268097
740,Would you do me a favor by moving that chair over to the corner so that I can sweep the floor?,"Je, ungenifanyia fadhili kwa kusongesha kiti kwenye kona ili niweze kufagia sakafu?",Tatoeba,https://tatoeba.org/en/sentences/268099
741,You can't accuse him of stealing unless you have proof.,Hauwezi kumshutumu kwa kuiba ila tu ukiwa thibitisho.,Tatoeba,https://tatoeba.org/en/sentences/268222
742,The castle stands facing a beautiful lake.,Kasri linatazma ziwa zuri.,Tatoeba,https://tatoeba.org/en/sentences/268469
743,"A polite way to reveal knowledge of a fact without telling the source of the information is to say, ""a little bird told me"".","Njia ya upole ya kufunua maarifa ya ukweli bila kufichua chanzo cha habari ni kusema, ""ndege mdogo aliniambia"".",Tatoeba,https://tatoeba.org/en/sentences/268515
744,The doorbell rang during the meal.,Kelele ya mlangoni ililia wakati wa chakula.,Tatoeba,https://tatoeba.org/en/sentences/268712
745,It's a fort built to defend the town from invasion.,Ni ngome iliyojengwa kulinda mji kutokana na uvamizi.,Tatoeba,https://tatoeba.org/en/sentences/268876
746,Lately I've had the time to quietly enjoy the wonders of nature.,Hivi majuzi nimekuwa nikifurahia kwa kimya maajabu ya mazingira.,Tatoeba,https://tatoeba.org/en/sentences/268991
747,He didn't want to disappoint his wife by giving up his new position.,Hakutaka kumwangusha mkewe kwa kuacha cheo chake kipya.,Tatoeba,https://tatoeba.org/en/sentences/269209
748,"Newspapers, television, and radio are called the mass media.","Magazeti, runinga, na redio huitwa vyombo vya habari vya umma.",Tatoeba,https://tatoeba.org/en/sentences/269374
749,Two whole pages of the newspaper were devoted to the news of the royal divorce.,Kurasa mbili za gazeti zilitengewa habari ya talaka ya kifalme.,Tatoeba,https://tatoeba.org/en/sentences/269375
750,"According to the newspaper, the boy was knocked unconscious and lay on his back with his eyes closed.","Kulingana na gazeti hili, kijana huyo aligongwa akazimia na kulalia mgongoni mwake huku macho yake yakiwa yamefungwa.",Tatoeba,https://tatoeba.org/en/sentences/269401
751,The function of the press is to provide the common people with facts.,Kazi ya waandishi wa habari ni kuwapa watu wa kawaida ukweli.,Tatoeba,https://tatoeba.org/en/sentences/269415
752,The newspaper always keeps us informed of the events taking place in the world.,Gazeti linatuarifu matukio yanayofanyika ulimwenguni.,Tatoeba,https://tatoeba.org/en/sentences/269434
753,Glue the photograph to your application form.,Shikanisha picha kwa fomu yako ya maombi.,Tatoeba,https://tatoeba.org/en/sentences/269516
754,"After she filled out the application, the records clerk told her that the fee was eight dollars.","Baada ya kujaza fomu ya maombi, karani wa kumbukumbu alimwambia kwamba ada yake ni dola nane.",Tatoeba,https://tatoeba.org/en/sentences/269552
755,Go straight ahead.,Nenda moja kwa moja.,Tatoeba,https://tatoeba.org/en/sentences/269559
756,Stop trying to make us follow all these subtle clues. I wish you would say what you want to say more clearly.,Acha kutufanya tufuate dalili hizi za hila. Natamani ungesema kwa usahihi zaidi kile unachotaka kusema.,Tatoeba,https://tatoeba.org/en/sentences/269599
757,The discovery of truth should remain the single aim of science.,Ugunduzi wa ukweli unapaswa kubaki lengo moja la sayansi.,Tatoeba,https://tatoeba.org/en/sentences/269610
758,God created the world.,Mungu aliumba dunia.,Tatoeba,https://tatoeba.org/en/sentences/269624
759,"When meeting a person for the first time, be sure to pay attention to the distance placed between yourself and your partner.","Wakati wa kukutana na mtu kwa mara ya kwanza, kuwa makini kwa nafasi iliyopo kati yako na mwenzi wako.",Tatoeba,https://tatoeba.org/en/sentences/269913
760,Don't speak ill of others while they are away.,Usiongee vibaya juu ya wengine wanapokuwa mbali.,Tatoeba,https://tatoeba.org/en/sentences/269921
761,What one is is more important than what one has.,Alichonacho in muhimu zaidi kuliko alichokuwa nacho.,Tatoeba,https://tatoeba.org/en/sentences/270189
762,There is no limit to human progress.,Hakuna ukomo kwa maendeleo ya binadamu.,Tatoeba,https://tatoeba.org/en/sentences/270222
763,"The world needs to change its thinking and behavior, especially in the developed nations.","Ulimwengu unahitaji kubadilisha fikira na tabia yake, haswa katika mataifa yaliyoendelea.",Tatoeba,https://tatoeba.org/en/sentences/271148
764,The world needs to develop new energy sources in place of oil.,Ulimwengu unahitaji kukuza vyanzo vipya vya nishati badala ya mafuta.,Tatoeba,https://tatoeba.org/en/sentences/271158
765,Does a uniform eliminate class difference?,"Je, sare huondoa tofauti za tabaka?",Tatoeba,https://tatoeba.org/en/sentences/271258
766,The struggle to succeed sometimes leaves people feeling empty.,Mapambano ya kufanikiwa wakati mwingine huwacha watu wakihisi tupu.,Tatoeba,https://tatoeba.org/en/sentences/271291
767,Politics was the main topic of their conversation.,Hueleza kwa muhtasari mada kuu za somo.,Tatoeba,https://tatoeba.org/en/sentences/271358
768,The government watched the activities of radical groups carefully.,Serikali ilitazama shughuli za vikundi vya waasi kwa uangalifu.,Tatoeba,https://tatoeba.org/en/sentences/271453
769,The government made an announcement to the effect that taxes would be raised.,Serikali ilitangaza kwamba kodi zitaongezwa.,Tatoeba,https://tatoeba.org/en/sentences/271484
770,"Although the government refuses to admit it, its economic policy is in ruins.","Hata ingwa serikali inakataa kukubali, sera zake za uchumi ni za uharibifu.",Tatoeba,https://tatoeba.org/en/sentences/271492
771,"According to the stars, she and I aren't supposed to have much chemistry between us.","Kulingana na nyota, yeye na mimi hatustahili kuwa na mapenzi kati yetu.",Tatoeba,https://tatoeba.org/en/sentences/271539
772,"Rain or shine, the opening ceremony is to begin at nine.","Kuwe na mvua au jua, sherehe ya ufunguzi itaanza saa tisa.",Tatoeba,https://tatoeba.org/en/sentences/271570
773,He has a reputation as being straight as an arrow. He'd never get involved in corruption.,Ana sifa ya kunyooka kama mshale. Hawezi kamwe kujihusisha na ufisadi.,Tatoeba,https://tatoeba.org/en/sentences/271709
774,The students found the final examination to be a breeze.,"Wanafunzi waligundua kuwa, mitihani ya mwisho ilikuwa mizuri.",Tatoeba,https://tatoeba.org/en/sentences/271864
775,"A blue suit, white shirt and red tie are essential for all male workers.","Suti ya bluu, shati nyeupe na tai nyekundu ni muhimu kwa wafanyakazi wote wa kiume.",Tatoeba,https://tatoeba.org/en/sentences/271981
776,Moral and physical development are remarkable in the youth.,Maendeleo ya maadili na ya mwili ni ya kupendeza katika ujana.,Tatoeba,https://tatoeba.org/en/sentences/272023
777,The rising generation always have some funny ideas.,Kizazi hiki kinachoibuka kina maoni fulani ya kuchekesha kila wakati.,Tatoeba,https://tatoeba.org/en/sentences/272024
778,Soap helps remove the dirt.,Sabuni husaidia kuondoa uchafu.,Tatoeba,https://tatoeba.org/en/sentences/272214
779,Babies want plenty of sleep.,Watata wanafaa kulala sana.,Tatoeba,https://tatoeba.org/en/sentences/272392
780,The baby was amusing itself with the cat's tail.,Mtoto alikuwa akijiburudisha na mkia wa paka.,Tatoeba,https://tatoeba.org/en/sentences/272404
781,We look forward to receiving your quote by return mail.,Tunatazamia kupokea nukuu yako kwa barua ya kurudi.,Tatoeba,https://tatoeba.org/en/sentences/272503
782,His steps were clearly marked in the snow.,Nyayo zake zilionekana kwenye barafu.,Tatoeba,https://tatoeba.org/en/sentences/272589
783,The promise I made to you last week still holds true.,Ahadi niliyokupa juma lililopita bado ni kweli.,Tatoeba,https://tatoeba.org/en/sentences/272714
784,There's been a constant stream of complaint calls since last week.,"Tangu wiki iliyopita, kumekuwepo na mtiririko wa simu za malalamishi.",Tatoeba,https://tatoeba.org/en/sentences/272717
785,"On last week's English test, my score was worse than hers.","Kwenye jaribio la Kiingereza la wiki iliyopita, alama yangu ilikuwa mbaya kuliko yake.",Tatoeba,https://tatoeba.org/en/sentences/272724
786,Our teacher advanced the date of the exam.,Mwalimu wetu alisogeza mbele tarehe ya mtihani.,Tatoeba,https://tatoeba.org/en/sentences/273000
787,The teacher explained the new lesson at length to the students.,Mwalimu alielezea somo jipya kwa urefu kwa wanafunzi.,Tatoeba,https://tatoeba.org/en/sentences/273009
788,The teacher stressed the importance of daily practice.,Mwalimu alisisitiza umuhimu wa mazoezi ya kila siku.,Tatoeba,https://tatoeba.org/en/sentences/273070
789,Many families had lost their savings during the war and had nothing to fall back on.,Familia nyingi zilipoteza akiba zao wakati wa vita na hwauka na chochote cha kutegemea.,Tatoeba,https://tatoeba.org/en/sentences/273332
790,"During the war, America tried to stop trading with England.","Wakati wa vita huo, Amerika ilijaribu kuacha kufanya biashara na Uingereza",Tatoeba,https://tatoeba.org/en/sentences/273335
791,The fountain sends hot water to a height of 170 feet.,Kibubujiko hurusha maji moto futi 170 juu.,Tatoeba,https://tatoeba.org/en/sentences/273344
792,Traveling by ship gives us great pleasure.,Kusafiri kwa meli hutupendeza sana.,Tatoeba,https://tatoeba.org/en/sentences/273402
793,It is dull to travel by ship.,Haichangamshi kusafiri kwa meli.,Tatoeba,https://tatoeba.org/en/sentences/273405
794,The ship wound in and out among the islands.,Meli iliingia ndani na nje baina ya visiwa.,Tatoeba,https://tatoeba.org/en/sentences/273467
795,The ship reached its destination in safety.,Meli iliwasiri salama.,Tatoeba,https://tatoeba.org/en/sentences/273480
796,A captain is in charge of his ship and its crew.,Nahodha hudhibiti meli na wafanyakazi wake.,Tatoeba,https://tatoeba.org/en/sentences/273504
797,A captain controls his ship and its crew.,Nahodha hudhibiti meli na wafanyakazi wake.,Tatoeba,https://tatoeba.org/en/sentences/273508
798,The former captain was superior to the present one.,Nahodha wa zamani alikuwa bora kuliko huyu wa sasa.,Tatoeba,https://tatoeba.org/en/sentences/273581
799,I haven't seen Karen since we fell out last month.,Sijamwona Karen tangu tuachane mwezi uliopita.,Tatoeba,https://tatoeba.org/en/sentences/273625
800,"After the initial shock of hearing of her grandfather's death, the girl started to cry.","Baada ya mshtuko wa kwanza kwa habari ya kifo cha babu yake, msichana huyo alianza kulia.",Tatoeba,https://tatoeba.org/en/sentences/273849
801,Thank you for sending me a nice card.,Asante kwa kunitumia kadi nzuri.,Tatoeba,https://tatoeba.org/en/sentences/273944
802,Don't punish him for breaking the window. He is not to blame.,Usimuadhibu kwa kuvunja dirisha. Yeye sio wa kulaumiwa.,Tatoeba,https://tatoeba.org/en/sentences/274230
803,Would you mind if I shut the window? I have a slight cold.,"Je, utajari Kama nitafunga dirisha? Nina baridi sana.",Tatoeba,https://tatoeba.org/en/sentences/274241
804,Please close the window.,Tafadhali funga dirisha.,Tatoeba,https://tatoeba.org/en/sentences/274242
805,"To no one's surprise, loud noise has been proven to affect one's sense of hearing.","Kwa mshangao, kelele kubwa imethibitishwa kuwa inaathiri hisia za kusikia.",Tatoeba,https://tatoeba.org/en/sentences/274319
806,A card was attached to the gift.,Kadi iliambatanishwa kwenye zawadi.,Tatoeba,https://tatoeba.org/en/sentences/274350
807,A fast walker can walk six kilometers in an hour.,Mtu anayetembea haraka anaweza kutembea umbali wa kilomita sita kwa saa.,Tatoeba,https://tatoeba.org/en/sentences/274480
808,"Watch your step, or you will slip and fall.","Tazama hatua yako, au utateleza na kuanguka.",Tatoeba,https://tatoeba.org/en/sentences/274495
809,Solar energy may be able to play a significant role in our daily life.,Nishati ya jua inaweza kutekeleza jukumu muhimu katika maisha yetu ya kila siku.,Tatoeba,https://tatoeba.org/en/sentences/275031
810,The sun sends out an incredible amount of heat and light.,Jua hutoa kiasi kikubwa cha joto na mwangaza.,Tatoeba,https://tatoeba.org/en/sentences/275139
811,I injured myself during the physical education lesson.,Nilijeruhiwa wakati wa somo la mazoezi ya mwili.,Tatoeba,https://tatoeba.org/en/sentences/275239
812,They wanted to negotiate the contract on equal terms.,Walitaka kujadili mkataba kwa masharti sawa.,Tatoeba,https://tatoeba.org/en/sentences/275284
813,The captain gave orders for a salute to be fired.,Kapteni aliamuru saluti ipigwe.,Tatoeba,https://tatoeba.org/en/sentences/275382
814,Men of the rank of captain and below live in this building.,"Wanaume wenye cheo cha unahodha na chini yake, wanaishi katika jengo hili.",Tatoeba,https://tatoeba.org/en/sentences/275383
815,"Whoever the representative is from their division, treat him well.","Yeyote anayewakilisha kutoka kwa kitengo chao, mshughulikie vizuri.",Tatoeba,https://tatoeba.org/en/sentences/275393
816,"College students should study hard, but equally they should also make time for an active social life.","Wanafunzi wa vyuo vikuu wanapaswa kusoma kwa bidii, lakini pia kwa usawa wanapaswa kupata wakati wa maisha ya kijamii.",Tatoeba,https://tatoeba.org/en/sentences/275633
817,The president shall be selected by majority vote.,Rais atachaguliwa kwa kura ya wengi.,Tatoeba,https://tatoeba.org/en/sentences/275912
818,The huge waves upset their boat.,Mawimbi makubwa yanasumbua mashua yao.,Tatoeba,https://tatoeba.org/en/sentences/275931
819,I got a big pay raise.,Nilipata nyongeza mkubwa wa mshahara.,Tatoeba,https://tatoeba.org/en/sentences/275956
820,Tall trees catch much wind.,Miti mirefu hushika upepo mwingi.,Tatoeba,https://tatoeba.org/en/sentences/275991
821,"The entire theater turned to chaos when somebody cried ""Fire!"".","Thieta yote iligeuka mtu alipolia ""Moto!"".",Tatoeba,https://tatoeba.org/en/sentences/276112
822,Someone knocked on the door.,Mtu alibisha mlango.,Tatoeba,https://tatoeba.org/en/sentences/276122
823,Two of my books have been taken.,Viwili kati ya vitabu vyangu vimechukuliwa.,Tatoeba,https://tatoeba.org/en/sentences/276156
824,I hope that some scientist will soon discover a cure for AIDS.,Natumai kuwa mwanasayansi fulani atagundua tiba ya UKIMWI hivi karibuni.,Tatoeba,https://tatoeba.org/en/sentences/276300
825,No one called my attention to it.,Hakuna aliyeshighulikia swala langu.,Tatoeba,https://tatoeba.org/en/sentences/276582
826,"On warm days, bears stretch out or lie on their backs with their feet in the air.","Katika siku za joto, wazazi hutawilisha au hulalia migongo yao na miguu yao huweka hewani.",Tatoeba,https://tatoeba.org/en/sentences/276785
827,Each boy student has a school badge on his cap.,Kila mwanafunzi wa kiume ana beji ya shule kwenye kofia yake.,Tatoeba,https://tatoeba.org/en/sentences/276914
828,It is true of American society that the male is the head of the household.,"Ni kweli kwamba katika jamii ya Marekani, mume ndiye mkubwa wa nyumba.",Tatoeba,https://tatoeba.org/en/sentences/276925
829,The men are smiling on cue.,Wanaume wanatabasamu wanapozinduliwa.,Tatoeba,https://tatoeba.org/en/sentences/276932
830,There is a shopping district underground.,Kuna eneo la ununuzi kwenye ghorofa ya chini.,Tatoeba,https://tatoeba.org/en/sentences/277068
831,The tourists as well as local people come to the square for shopping.,Watalii na pia watu wa eneo hilo huja kwenye mraba kwa ununuzi.,Tatoeba,https://tatoeba.org/en/sentences/277168
832,Hours lost on the ground cancel out the advantage of speed in the air.,Masaa yaliyopotezwa kwenye ardhi yanawiana na faida ya kasi hewani.,Tatoeba,https://tatoeba.org/en/sentences/277176
833,"Indicate size, color, and style on the order form.","Onyesha ukubwa, rangi na mtindo kwa fomu ya kuagiza.",Tatoeba,https://tatoeba.org/en/sentences/277667
834,"The long cruel winter at last came to an end, giving place to a gentle warm spring.","Msimu mrefu wa baridi kali mwishoni ulikamilika, na msimu wa chemchemi ukaja na joto.",Tatoeba,https://tatoeba.org/en/sentences/278085
835,The pain shoots into my right leg.,Maumivu yananidunga kwa mguu wangu wa kulia.,Tatoeba,https://tatoeba.org/en/sentences/278310
836,You can go out and play as long as you stay in the yard.,Unaweza kwenda nje na kucheza maadamu hutoki nje ya ua.,Tatoeba,https://tatoeba.org/en/sentences/278467
837,The hostile army began to attack.,Jeshi adui lilianza kushambulia.,Tatoeba,https://tatoeba.org/en/sentences/278693
838,The Emperor prayed for the souls of the deceased.,Kaisari aliombea roho za waliofariki.,Tatoeba,https://tatoeba.org/en/sentences/278953
839,"On the way out I said to my waitress, ""Be careful, Sue. There's something funny about the glasses you gave me - they're filled in on the top, and there's a hole on the bottom!""","Nikiwa njiani kutoka nikamwambia mhudumu wangu, ""Kuwa mwangalifu, Sue. Kuna kitu cha kuchekesha kuhusu glasi ulionipa - zimejazwa juu, na kuna shimo chini! """,Tatoeba,https://tatoeba.org/en/sentences/279014
840,"By tradition, people play practical jokes on 1 April.","Kama mazoea, watu hufanya utani tarehe 1 Aprili.",Tatoeba,https://tatoeba.org/en/sentences/279072
841,Turn off the light.,Zima taa.,Tatoeba,https://tatoeba.org/en/sentences/279153
842,The invention of the telephone caused a revolution in our way of living.,Uvumbuzi wa simu ulisababisha mapinduzi katika njia yetu ya kuishi.,Tatoeba,https://tatoeba.org/en/sentences/279294
843,I wish people would stop throwing away empty cans and other trash along the path up the mountain.,Natamani watu wangeacha kutupa mikebe mitupu na takataka zingine njiani kwenda mlimani.,Tatoeba,https://tatoeba.org/en/sentences/279398
844,The angry crowd threw missiles at the police.,Umati wenye hasira uliwatupia makombora polisi.,Tatoeba,https://tatoeba.org/en/sentences/279563
845,We're running short of fuel for the winter.,Tutakosa mafuta kwa msimu wa baridi.,Tatoeba,https://tatoeba.org/en/sentences/279622
846,Ice covers the lake during the winter.,Barafu hufunika ziwa wakati wa msimu wa baridi.,Tatoeba,https://tatoeba.org/en/sentences/279656
847,Tokyo is surrounded by many satellite cities.,Tokyo imezungukwa na miji mingi ya satelaiti.,Tatoeba,https://tatoeba.org/en/sentences/279774
848,The authorities have been hiding the facts from the public.,Mamlaka yamekuwa yakificha ukweli kutoka kwa umma.,Tatoeba,https://tatoeba.org/en/sentences/279890
849,Television sets began to appear house by house at that time.,Runinga zilianza kuonekana nyumba kwa nyumba wakati huo.,Tatoeba,https://tatoeba.org/en/sentences/279913
850,We sell goods on commission.,Tunauza bidhaa kwa mafao.,Tatoeba,https://tatoeba.org/en/sentences/280024
851,"Having a splitting headache, I went to bed earlier than usual.","Kuumwa sana na kichwa, kulifanya niende kulala mapema zaidi.",Tatoeba,https://tatoeba.org/en/sentences/280121
852,Animal bodies are made up of cells.,Miili ya wanyama imeundwa na seli.,Tatoeba,https://tatoeba.org/en/sentences/280232
853,You can't be at two places at once.,Hauwezi kuwa katika sehemu mbili mara moja.,Tatoeba,https://tatoeba.org/en/sentences/280314
854,The company has decided to sell some of its money-losing units.,Kampuni imeamua kuuza baadhi ya vitengo vyake vinavyoleta hasara.,Tatoeba,https://tatoeba.org/en/sentences/280342
855,I will mentally return to childhood and do it all over again.,Nitarudi kiakili utotoni na kuifanya tena.,Tatoeba,https://tatoeba.org/en/sentences/280368
856,"Losing the way, he chose the road at random.","Alipopoteza njia, alichagua barabara kwa bahati nasibu.",Tatoeba,https://tatoeba.org/en/sentences/280392
857,Special services include a personal driver for each guest.,Huduma maalum inajumuisha dereva wa kibinafsi kwa kila mgeni.,Tatoeba,https://tatoeba.org/en/sentences/280538
858,Persons with special skills can easily get jobs.,Watu walio na stadi maalum wanaweza kupata kazi kwa urahisi.,Tatoeba,https://tatoeba.org/en/sentences/280540
859,"Except in special circumstances, anyone is allowed to enter the building.","Isipokuwa katika hali maalum, mtu yeyote anaruhusiwa kuingia ndani ya jengo.",Tatoeba,https://tatoeba.org/en/sentences/280542
860,By special arrangement we were allowed to enter the building.,Tuliruhusiwa kuingia ndani ya jengo hilo kwa mpangilio maalum.,Tatoeba,https://tatoeba.org/en/sentences/280545
861,Take any books that you want to read.,Chagua vitabu vyovyoye unavihitaji kusoma.,Tatoeba,https://tatoeba.org/en/sentences/280583
862,"When suddenly faced with a dangerous situation, hold your horses - make sure of the proper action, then act.","Ukikabiliwa na hali ya hatari kwa ghafla, kaa kimya - hakikisha hatua sahihi, kisha chukua hatua.",Tatoeba,https://tatoeba.org/en/sentences/280644
863,"All of a sudden, the door shut with a bang.","Ghafla, mlango ulifungwa kwa mpigo.",Tatoeba,https://tatoeba.org/en/sentences/280647
864,A sudden crack of thunder broke his sleep.,Mlio mkubwa wa radi ulimtoa usingizini.,Tatoeba,https://tatoeba.org/en/sentences/280681
865,"In the southern region, sales were up 47 percent.","Katika kanda ya Kusini, mauzo yalikuwa asilimia 47.",Tatoeba,https://tatoeba.org/en/sentences/280801
866,The nun prayed and crossed herself.,Mtawa aliomba kisha akafanya ishara ya msalaba.,Tatoeba,https://tatoeba.org/en/sentences/280997
867,"Flesh gives birth to flesh, Spirit gives birth to Spirit.","Mwili huzaa mwili, Roho huzaa Roho.",Tatoeba,https://tatoeba.org/en/sentences/281008
868,I come from Japan.,Ninatoka Japani.,Tatoeba,https://tatoeba.org/en/sentences/281170
869,Japan's foreign direct investment reached $10 billion last year.,Uwekezaji wa moja kwa moja wa kigeni wa Japan ulifikia dola bilioni 10 mwaka jana.,Tatoeba,https://tatoeba.org/en/sentences/281391
870,Japan's money power has a global reach now.,Nguvu ya pesa ya Japan ina ufikiaji wa ulimwengu sasa.,Tatoeba,https://tatoeba.org/en/sentences/281399
871,Japan is expected to play a greater role in international society.,Japan inatarajiwa kuchukua jukumu kubwa katika jamii ya kimataifa.,Tatoeba,https://tatoeba.org/en/sentences/281532
872,Japan stood with the United States at the U. N. Assembly.,Japan ilisimama na Merika katika Mkutano wa U. N.,Tatoeba,https://tatoeba.org/en/sentences/281534
873,Japan must depend on foreign trade to make ends meet.,Japan lazima itegemee biashara ya nje kujipatia mapato.,Tatoeba,https://tatoeba.org/en/sentences/281549
874,Japan needed contact with the Western countries.,Japan ilihitaji mawasiliano na nchi za Magharibi.,Tatoeba,https://tatoeba.org/en/sentences/281560
875,Japan depends on foreign countries for oil.,Japan inategemea nchi za kigeni kwa mafuta.,Tatoeba,https://tatoeba.org/en/sentences/281564
876,Japan achieved a remarkable development in industrial technology after the war.,Japan ilipata maendeleo makubwa katika teknolojia ya viwanda baada ya vita.,Tatoeba,https://tatoeba.org/en/sentences/281567
877,"One of the important differences between Japanese and Americans is that Japanese tend to choose a safe course in life, while Americans choose to explore and challenge life.","Tofauti mojawapo kati ya Wajapani na Wamarekani ni kwamba Wajapani huchagua njia salama maishani, huku Wamarekani huchagua kupambana na changamoto za maisha.",Tatoeba,https://tatoeba.org/en/sentences/281709
878,The Japanese tend to identify themselves with the group they belong to.,Wajapani hujitambulisha na kundi ambalo wao ni wanachama.,Tatoeba,https://tatoeba.org/en/sentences/281727
879,"When the cat's away, the mice do play.","Wakati paka ni mbali, panya hucheza.",Tatoeba,https://tatoeba.org/en/sentences/282006
880,Writing new year's cards is a Japanese institution.,Kuandika kadi za mwaka mpya ni desturi ya Kijapani.,Tatoeba,https://tatoeba.org/en/sentences/282188
881,"While a brain operation is being performed, both doctors and nurses must handle the patient with kid gloves and yet with all speed practical.","Wakati wa kufanya upasuaji wa ubongo, madaktari na wauguzi lazima wamhudumie mgongwa wakiwa na glavu ingawa kwa haraka inayowezekana.",Tatoeba,https://tatoeba.org/en/sentences/282285
882,Wide is the gate and broad is the way that leads to destruction.,Mlango mpana na mkubwa ni njia ambayo huelekea kwenye maangamizo.,Tatoeba,https://tatoeba.org/en/sentences/282358
883,"As I checked your delivery that I received, I found it included a T-shirt which I did not order.","Nilipotazama mzigo ulionilitea, niligundua kuna fulana ambayo sikuagiza.",Tatoeba,https://tatoeba.org/en/sentences/282477
884,The judge was exhausted from the nervous strain.,Jaji alikuwa amechoka kutokana na tatizo la neva.,Tatoeba,https://tatoeba.org/en/sentences/282739
885,The criminal robbed the landlord of a hundred thousand dollars and ran away.,Mhalifu alimuibia mpangishaji nyumba dola mia elfu kisha akakimbia.,Tatoeba,https://tatoeba.org/en/sentences/282798
886,Isn't he gorgeous? - So tall and smart-looking.,"Je, yeye si mtanashati? Ni mrefu sana na ana mwonekano mzuri.",Tatoeba,https://tatoeba.org/en/sentences/282852
887,"He is Mr Brown, chairman of the committee.","Yeye ni Bwana Bown, mwenyekiti wa kamati.",Tatoeba,https://tatoeba.org/en/sentences/282868
888,What was his motive for setting the house on fire?,Kusudi lake lilikuwa nini kuwasha moto kwenye nyumba?,Tatoeba,https://tatoeba.org/en/sentences/283084
889,"The moment he touched it, it blew up.","Wakati alipoiguza, ilipasuka.",Tatoeba,https://tatoeba.org/en/sentences/283141
890,He can't have solved it.,Hangeweza kutatua.,Tatoeba,https://tatoeba.org/en/sentences/283152
891,I'll wait here till he comes back.,Nitamsubiri mpaka arudi.,Tatoeba,https://tatoeba.org/en/sentences/283517
892,It never occurred to me that he might insist on treating me to dinner.,Haijawahi kunitokea kwamba anaweza kusisitiza kuninunulia chajio.,Tatoeba,https://tatoeba.org/en/sentences/283720
893,"He writes a daily journal, and that inspired me to try doing the same thing, but in English.","Anaandika shajara, na hiyo imenitia moyo kujaribu kufanya hivyo, lakini kwa Kiingereza.",Tatoeba,https://tatoeba.org/en/sentences/284192
894,He has no sympathy for single parent families.,Hana huruma kwa familia za mzazi mmoja.,Tatoeba,https://tatoeba.org/en/sentences/284911
895,I would be grateful if you could give him some information on local conditions.,Ningefurahi ikiwa unaweza kumpa habari kadhaa kuhusu hali za kawaida.,Tatoeba,https://tatoeba.org/en/sentences/285058
896,His alibi is above suspicion.,Dai lake limezidi tuhuma.,Tatoeba,https://tatoeba.org/en/sentences/285235
897,Such conduct on his part gave rise to her parents' suspicion.,Tabia kama hiyo upande wake ilisababisha tuhuma za wazazi wake.,Tatoeba,https://tatoeba.org/en/sentences/285373
898,His behavior is always honorable.,Tabia yake ni ya kuheshimika siku zote.,Tatoeba,https://tatoeba.org/en/sentences/285409
899,His recovery was nothing short of a miracle.,"Kupona kwake, kulikuwa kwa miujiza sana.",Tatoeba,https://tatoeba.org/en/sentences/285774
900,His technique was unique and absolutely amazing.,Mbinu yake ilikuwa ya kipekee na ya kushangaza mno.,Tatoeba,https://tatoeba.org/en/sentences/285868
901,He turned to a tall woman nearby.,Alimgeukia mwanamke mrefu aliyekaribu.,Tatoeba,https://tatoeba.org/en/sentences/285906
902,Some board members questioned his ability to run the corporation.,Baadhi ya wanachama wa tume walihoji uwezo wake wa kuendesha shirika hilo.,Tatoeba,https://tatoeba.org/en/sentences/285932
903,His absence gave birth to all sorts of rumors.,Kukosa kwake kulileta uvumi mwingi.,Tatoeba,https://tatoeba.org/en/sentences/285969
904,His latest novel marks a great advance on his previous ones.,Riwaya yake ya hivi karibuni inaashiria maendeleo makubwa kwa zile za awali.,Tatoeba,https://tatoeba.org/en/sentences/286342
905,His latest works are on display at the city hall. They are fabulous beyond description.,Kazi zake mpya zimeonyeshwa katika ukumbi wa halmashauri ya Jiji. Ni wazuri sana kupita maelezo.,Tatoeba,https://tatoeba.org/en/sentences/286347
906,I would have failed but for his help.,"Laiti singepata usaidizi wake, singefaulu.",Tatoeba,https://tatoeba.org/en/sentences/286699
907,I wonder if his tax returns will stand close examination.,Nashangaa ikiwa malipo yake ya ushuru yatastahimili uchunguzi.,Tatoeba,https://tatoeba.org/en/sentences/286995
908,"Sailing a boat, his chief hobby, costs him most of his salary.","Kuendesha mashua, kazi anayoipenda, inamgharimu mshahara wake.",Tatoeba,https://tatoeba.org/en/sentences/287123
909,I think his suggestion is worth considering.,Nafikiri pendekezo lake linafaa kuzingatiwa.,Tatoeba,https://tatoeba.org/en/sentences/287194
910,His discovery gave rise to a revolution in transport.,Ugunduzi wake ulileta mapinduzi katika uchukuzi.,Tatoeba,https://tatoeba.org/en/sentences/287310
911,The way he spoke attracted the attention of a famous writer.,Namna alivyoongea ilivutia makini ya mwandishi mashuhuri.,Tatoeba,https://tatoeba.org/en/sentences/287852
912,He is the man who I believe can help you.,Yeye ni MTU ambaye ninaamini anaweza kunisaidia.,Tatoeba,https://tatoeba.org/en/sentences/287959
913,He divided one million dollars among his five sons.,Aligawanya dola milioni moja kati ya wanawe watano.,Tatoeba,https://tatoeba.org/en/sentences/288347
914,They were born one month apart in 1970.,Walizaliwa mwaka 1970 wakipishana mwezi moja.,Tatoeba,https://tatoeba.org/en/sentences/288400
915,He reached home shortly before five o'clock.,Alifika nyumbani muda mfupi kabla ya saa kumi na moja jioni.,Tatoeba,https://tatoeba.org/en/sentences/288602
916,He comes from England.,Anatoka Uingereza.,Tatoeba,https://tatoeba.org/en/sentences/288977
917,"He ate chicken, along with salad and rolls.","Alikula kuku, saladi pamoja na vikuto.",Tatoeba,https://tatoeba.org/en/sentences/290046
918,He got tired soon.,Alichoka karibuni.,Tatoeba,https://tatoeba.org/en/sentences/290234
919,He refused to accept such an absurd proposal.,Alikataa kukubali pendekezo kama hilo la upuuzi.,Tatoeba,https://tatoeba.org/en/sentences/290554
920,He denied having taken part in the crime.,Alikana kwamba kushiriki kwenye uhalifu huo.,Tatoeba,https://tatoeba.org/en/sentences/291233
921,He gave the poor woman some bread and a five dollar bill besides.,Alimpa yule mwanamke maskini mkate na noti ya dola tano.,Tatoeba,https://tatoeba.org/en/sentences/291249
922,He hid behind the tree.,Akajificha nyuma ya mti.,Tatoeba,https://tatoeba.org/en/sentences/291296
923,He is a tennis player.,Yeye ni mchezaji wa tenisi.,Tatoeba,https://tatoeba.org/en/sentences/291869
924,He gave an account of how he had escaped.,Alitoa taarifa ya jinsi alivyonusurika.,Tatoeba,https://tatoeba.org/en/sentences/291984
925,"When he entered the building, he was frightened by a sudden cry.","Alipoingia ndani ya jengo hilo, alishtushwa na kilio cha ghafla.",Tatoeba,https://tatoeba.org/en/sentences/292570
926,He made a fortune by writing a best selling novel.,Alipata pesa kwa kuandika riwaya bora ya kuuza.,Tatoeba,https://tatoeba.org/en/sentences/292651
927,He explained the process of building a boat.,Alifafanua mchakato wa ujenzi wa mashua.,Tatoeba,https://tatoeba.org/en/sentences/292700
928,He kicked the ball out of the ground.,Alitupa mpira nje ya uwanja.,Tatoeba,https://tatoeba.org/en/sentences/292708
929,He is nothing but a child.,Yeye ni mtoto tu.,Tatoeba,https://tatoeba.org/en/sentences/292785
930,He was within an ace of success.,Alikuwa katika ukamilifu wa mafanikio.,Tatoeba,https://tatoeba.org/en/sentences/293101
931,He is a good student.,Yeye ni mwanafunzi mzuri.,Tatoeba,https://tatoeba.org/en/sentences/293224
932,He put his finger on the cause of the rocket's failure to orbit.,Alinyooshea kidole sababu ya roketi kushindwa kufuata obiti.,Tatoeba,https://tatoeba.org/en/sentences/293367
933,He keeps a diary in English.,Huwa anahifadhi shajara kwa Kiingereza.,Tatoeba,https://tatoeba.org/en/sentences/293966
934,He took a pencil in his hand.,Alishika penseli kwenye mkono wake.,Tatoeba,https://tatoeba.org/en/sentences/294137
935,He sometimes loses his temper for nothing.,Wakati mwingine yeye hukasirika bure.,Tatoeba,https://tatoeba.org/en/sentences/294246
936,He walked about the streets.,Alitembea kwenye mitaa.,Tatoeba,https://tatoeba.org/en/sentences/294767
937,He connected the cord to the machine.,Aliunganisha waya ya umeme kwa mashine.,Tatoeba,https://tatoeba.org/en/sentences/295080
938,I wonder if he can lend me his guitar during the vacation.,Nashangaa kama anaweza kunikopesha gita lake wakati wa likizo.,Tatoeba,https://tatoeba.org/en/sentences/295201
939,He put his foot on the brake suddenly.,Alishika breki mguu mtupu kwa ghafla.,Tatoeba,https://tatoeba.org/en/sentences/295218
940,He wasted his time on gambling at the horse races.,Alipoteza wakati wake kwa kamari kwenye mbio za farasi.,Tatoeba,https://tatoeba.org/en/sentences/295287
941,I am sure he would be the last person to do it.,Ninahakika atakuwa mtu wa mwisho kukifanya.,Tatoeba,https://tatoeba.org/en/sentences/295794
942,He wishes to resign on the grounds that his health is failing.,Anatamani kujiuzulu kwa sababu kwamba afya yake inadhoofika.,Tatoeba,https://tatoeba.org/en/sentences/295922
943,He did it as he had been told.,Alifanya kama alivyoambiwa.,Tatoeba,https://tatoeba.org/en/sentences/296099
944,He had the good fortune to be rescued from the burning building.,Alikuwa na bahati nzuri ya kuokolewa kutoka kwa jengo lililokuwa linawaka moto.,Tatoeba,https://tatoeba.org/en/sentences/296303
945,He will assist us in changing the tire.,Atatisaidia kubadilisha tairi.,Tatoeba,https://tatoeba.org/en/sentences/297322
946,He asked me if I knew his father.,Aliniuliza ikiwa ninamjua baba yake.,Tatoeba,https://tatoeba.org/en/sentences/297452
947,"He said he would write to me, but he hasn't.","Alisema ataniandikia, lakini bado hajafanya hivyo.",Tatoeba,https://tatoeba.org/en/sentences/297715
948,He took offense at what I said and turned on his heels.,Mambo niliyosema yalimkasirisha na akaondoka ghafla.,Tatoeba,https://tatoeba.org/en/sentences/297846
949,He is no relation to me.,Hana uhusiano nami.,Tatoeba,https://tatoeba.org/en/sentences/297918
950,He sent an immediate reply to my telegram.,Alituma jibu la haraka kwenye telegramu yangu.,Tatoeba,https://tatoeba.org/en/sentences/297962
951,He is concerned about the result of the exam.,Ana wasiwasi kuhusu matokeo ya mtihani.,Tatoeba,https://tatoeba.org/en/sentences/298277
952,He drew a check for twenty thousand yen in favor of his wife.,Aliandika cheki kwa yen elfu ishirini kwa mkewe.,Tatoeba,https://tatoeba.org/en/sentences/298721
953,He is eating.,Anakula.,Tatoeba,https://tatoeba.org/en/sentences/299788
954,He was sent into combat.,Alipelekwa vitani.,Tatoeba,https://tatoeba.org/en/sentences/300720
955,He was holding a large box in his arms.,Amebeba sanduku kubwa mkononi.,Tatoeba,https://tatoeba.org/en/sentences/301215
956,He turns off the lights so as not to waste electricity.,Yeye huzima taa ili wasiharibu umeme.,Tatoeba,https://tatoeba.org/en/sentences/301811
957,He cleaned out his saving on betting.,Alitumia akiba yake yote kwa kamari.,Tatoeba,https://tatoeba.org/en/sentences/301826
958,He is possessed of a strong fighting instinct.,Anatawaliwa na silika kubwa ya mapigano.,Tatoeba,https://tatoeba.org/en/sentences/302011
959,He owed his success to both ability and industry.,Mafanikio yake yalitokana na uwezo na bidii.,Tatoeba,https://tatoeba.org/en/sentences/302369
960,He drove a nail into the board.,Aligongelea msumari kwenye bodi.,Tatoeba,https://tatoeba.org/en/sentences/302473
961,He decided to play it safe and pull out of the tournament due to his injured knee.,Aliamua kucheza kwa usalama na kujitoa katika mashindano baada ya kuumia goti.,Tatoeba,https://tatoeba.org/en/sentences/303046
962,He built hospitals and helped the people of Africa improve their lives.,Alijenga mahosipitali na alisaidia watu wa Afrika kuboresha maisha yao.,Tatoeba,https://tatoeba.org/en/sentences/303092
963,He broke the law.,Alivunja sheria,Tatoeba,https://tatoeba.org/en/sentences/303653
964,He left on an expedition to the North Pole.,Aliondoka kwa safari ya kwenda North Pole.,Tatoeba,https://tatoeba.org/en/sentences/303728
965,"As he grew up, he learned to put things in perspective.","Wakati wa kukuwa, alijifunza kuweka vitu kwa mtazamo.",Tatoeba,https://tatoeba.org/en/sentences/304911
966,They had only one child.,Walikuwa na mtoto mmoja tu.,Tatoeba,https://tatoeba.org/en/sentences/305072
967,Their bags were checked by security guards at the gate.,Mifuko yao ilikaguliwa na walinzi getini.,Tatoeba,https://tatoeba.org/en/sentences/305163
968,Their manner of bringing up their children is extremely unusual.,Jinsi wanavyolea watoto wao sio kawaida kabisa.,Tatoeba,https://tatoeba.org/en/sentences/305212
969,They developed a special computer system and fixed it to his wheelchair.,Waliandaa mfumo maalum wa kompyuta na kuisimamisha kwa kiti chake cha magurudumu.,Tatoeba,https://tatoeba.org/en/sentences/305379
970,They sat in the front row of the concert hall and heard the orchestra clearly.,Walikaa mstari wa mbele wa ukumbi wa tamasha na walisikia okestra vizuri.,Tatoeba,https://tatoeba.org/en/sentences/305634
971,They attempted in vain to bribe the witness.,Walijaribu kutoa rushwa kwa shahidi huyo,Tatoeba,https://tatoeba.org/en/sentences/305800
972,They sent me a sample in answer to my request.,Walinitumia sampuli katika kujibu ombi langu.,Tatoeba,https://tatoeba.org/en/sentences/306151
973,They all account Mr James an able businessman.,Wote wanathibitisha Bwana James kuwa mwanabiashara mwenye uwezo.,Tatoeba,https://tatoeba.org/en/sentences/306295
974,They experienced emotional pain and despair.,Walipata maumivu ya kihisia na kukata tamaa.,Tatoeba,https://tatoeba.org/en/sentences/306319
975,There is a strong bond of affection between them.,Kuna uhusiano mkubwa wa kimapenzi kati yao.,Tatoeba,https://tatoeba.org/en/sentences/306376
976,They shot down two enemy planes during the raid.,Walipiga risasi ndege mbili za adui wakati wa uvamizi.,Tatoeba,https://tatoeba.org/en/sentences/306400
977,They earn their living by collecting and selling old newspapers.,Wanapata pesa za kujikimu kwa kukusanya na kuuza magazeti ya zamani.,Tatoeba,https://tatoeba.org/en/sentences/306476
978,They went on a voyage.,Wamesafiri.,Tatoeba,https://tatoeba.org/en/sentences/306539
979,They believe their country is secure against foreign enemies.,Wanaamini kuwa nchi yao iko salama dhidi ya maadui wa kigeni.,Tatoeba,https://tatoeba.org/en/sentences/306794
980,They are in the teachers' room.,Wamo chumbani mwa mwalimu.,Tatoeba,https://tatoeba.org/en/sentences/306884
981,They had better have kept their mouths shut.,Ingekuwa bora kama wangenyamaza.,Tatoeba,https://tatoeba.org/en/sentences/307609
982,"They mentioned two famous tourist spots, neither of which we have visited yet.",Walitaja maeneo mawili maarufu ya watalii ambayo hatujawahi kuyatembelea.,Tatoeba,https://tatoeba.org/en/sentences/307633
983,I received a letter from her to the effect that she couldn't accept my marriage proposal.,Nilipokea barua kutoka kwake ikionyesha kwamba hakuweza kukubali ombi langu la ndoa.,Tatoeba,https://tatoeba.org/en/sentences/308161
984,I could hear her sobbing in her bedroom.,Nilimsikia akipiga kelele chumbani mwake.,Tatoeba,https://tatoeba.org/en/sentences/308488
985,"As soon as she entered the room, I rose to my feet and made a deep bow.","Mara tu alipoingia chumbani, niliinuka na kuinama.",Tatoeba,https://tatoeba.org/en/sentences/308493
986,The man whom she is talking with is Mr Allen.,Mwanamume ambaye anaongea naye ni Bwana Allen.,Tatoeba,https://tatoeba.org/en/sentences/308552
987,Singing comes as naturally to her as flying does to birds.,Kuimba huja kwa kawaida kwake kama vile kuruka kwa ndege.,Tatoeba,https://tatoeba.org/en/sentences/308677
988,I remember meeting her somewhere.,Nakumbuka kukutana naye mahali fulani.,Tatoeba,https://tatoeba.org/en/sentences/308732
989,Her folks cannot help worrying about her wound.,Wazazi wake hawawezi jizuia kuhofia kidonda chake.,Tatoeba,https://tatoeba.org/en/sentences/309111
990,Her voice still rings in my ears.,Sauti yake bado ipo masikioni mwangu.,Tatoeba,https://tatoeba.org/en/sentences/309501
991,Her beauty cast a spell over him.,Urembo wake ulimletea mapepo.,Tatoeba,https://tatoeba.org/en/sentences/309671
992,Her father works at the bank.,Babake anafanya kazi kwenye benki.,Tatoeba,https://tatoeba.org/en/sentences/309705
993,I can't make head nor tail of her lecture on health and physical education.,Sikuelewa kamwe hotuba yake kuhusu afya na elimu ya mwili.,Tatoeba,https://tatoeba.org/en/sentences/309739
994,Her name was Agnes then.,Jina lake lilikuwa Agnes wakati huo.,Tatoeba,https://tatoeba.org/en/sentences/309800
995,"Instead of giving Alex a nut each time he said something, she'd only give it when he specifically said ""nut.""","Badala ya kumpa Alex njugu kila wakati akisema kitu, angetoa tu akisema ""njugu.""",Tatoeba,https://tatoeba.org/en/sentences/309903
996,She set a new Japanese record in the 100 meter dash.,Aliweka rekodi mpya ya Kijapani kwenye dashi ya mita 100.,Tatoeba,https://tatoeba.org/en/sentences/310050
997,She will be back in less than ten minutes.,Atarudi chini ya dakika kumi.,Tatoeba,https://tatoeba.org/en/sentences/310067
998,"She made a tour of America, stopping in six cities.","Alifanya ziara ya Amerika, huku akisimama katika miji sita.",Tatoeba,https://tatoeba.org/en/sentences/310198
999,She comes from California.,Anatoka California.,Tatoeba,https://tatoeba.org/en/sentences/310689
1000,She got her coat and hat on.,Alikuwa amevalia koti na kofia yake.,Tatoeba,https://tatoeba.org/en/sentences/310792
1001,She has been on a diet for the past two months because she put on too much weight during the winter.,Amekuwa muangalifu kwa mlo kwa miezi miwili iliyopita kwa sababu aliongeza uzito sana wakati wa msimu wa baridi.,Tatoeba,https://tatoeba.org/en/sentences/310802
1002,She needs help.,Anahitaji msaada.,Tatoeba,https://tatoeba.org/en/sentences/310809
1003,She took first prize in the race.,Alichukua tuzo ya kwanza katika mbio.,Tatoeba,https://tatoeba.org/en/sentences/311146
1004,She owns a Turner.,Anamiliki mkereza.,Tatoeba,https://tatoeba.org/en/sentences/311501
1005,She is looking for her missing wallet.,Anatafuta mkoba wake ambao imepotea.,Tatoeba,https://tatoeba.org/en/sentences/311862
1006,She is panting from playing basketball.,Anajitolea kucheza mpira wa kikapu.,Tatoeba,https://tatoeba.org/en/sentences/311966
1007,She screams if you even touch her funny bone.,Anapiga mayowe hata ukimgusa mfupa wake wa kuchekesha.,Tatoeba,https://tatoeba.org/en/sentences/312056
1008,She beat off a big snake with a plastic toy bat.,Alipiga nyoka mkubwa na paka ya toy ya plastiki.,Tatoeba,https://tatoeba.org/en/sentences/312101
1009,She admitted to having heroin.,Alikubali kuwahi kuvuta mihandarati.,Tatoeba,https://tatoeba.org/en/sentences/312156
1010,She takes pleasure in seeing horror films.,Anafurahia kutazama filamu za kutisha.,Tatoeba,https://tatoeba.org/en/sentences/312193
1011,She went out of her way to do such a foolish thing.,Alifanya kitendo hiki cha kijinga kimakusudi.,Tatoeba,https://tatoeba.org/en/sentences/312457
1012,She says she will call you later.,Anasema atakupigia baadaye.,Tatoeba,https://tatoeba.org/en/sentences/313542
1013,She was dropped from the height of happiness into the depth of misery.,Alitoka kwenye furaha nyingi hadi kwenye huzuni ya kukithiri.,Tatoeba,https://tatoeba.org/en/sentences/313590
1014,She wore a diamond ring on her left third finger.,Alivaa pete ya almasi kwenye kidole chake cha tatu cha kushoto.,Tatoeba,https://tatoeba.org/en/sentences/313758
1015,She lived next door to us.,Aliishi karibu nasi.,Tatoeba,https://tatoeba.org/en/sentences/314299
1016,She means more than my life to me.,Anamaanisha zaidi ya maisha yangu kwangu.,Tatoeba,https://tatoeba.org/en/sentences/314389
1017,She has an automatic washing machine.,Ana mashine moja kwa moja ya kuosha.,Tatoeba,https://tatoeba.org/en/sentences/314582
1018,She is capable of handling the circumstances.,Ana uwezo wa kushughulikia hali hizo.,Tatoeba,https://tatoeba.org/en/sentences/314602
1019,She slowly developed hatred toward me.,Polepole akanichukia.,Tatoeba,https://tatoeba.org/en/sentences/314995
1020,"Besides attending the funeral, she needs to make all the arrangements.","Mbali na kuhudhuria mazishi, anahitaji kufanya mipango yote.",Tatoeba,https://tatoeba.org/en/sentences/315542
1021,Who is she?,Yeye ni nani?,Tatoeba,https://tatoeba.org/en/sentences/315731
1022,She was studying drama on a special scholarship.,Alikuwa anasomea mchezo wa kuigiza kupitia ufadhili maalum.,Tatoeba,https://tatoeba.org/en/sentences/316027
1023,She stopped smoking on account of health concerns for her pregnancy.,Aliacha kuvuta sigara kwa sababu ya afya yake wakati wa ujauzito.,Tatoeba,https://tatoeba.org/en/sentences/316107
1024,She was eager to feed the birds.,Alikuwa na hamu ya kuwalisha ndege.,Tatoeba,https://tatoeba.org/en/sentences/316121
1025,She filed a suit for divorce against him.,Alifungua kesi ya talaka dhidi yake.,Tatoeba,https://tatoeba.org/en/sentences/316321
1026,She is proud of being beautiful.,Anajivunia kuwa mrembo.,Tatoeba,https://tatoeba.org/en/sentences/316620
1027,She usually sleeps for eight hours.,Kawaida yeye hulala kwa masaa nane.,Tatoeba,https://tatoeba.org/en/sentences/316792
1028,She was filled with deep grief to hear of her father's sudden death.,Alijawa na huzuni kubwa kusikia juu ya kifo cha ghafla cha baba yake.,Tatoeba,https://tatoeba.org/en/sentences/316801
1029,She was educated in the United States.,Alipata elimu nchini Marekani.,Tatoeba,https://tatoeba.org/en/sentences/316892
1030,She came running with her eyes shining.,Alikuja akikimbia huku macho yaking'aa.,Tatoeba,https://tatoeba.org/en/sentences/317202
1031,They shot the film in an actual desert.,Walichukua filamu kwenye jangwa halisi.,Tatoeba,https://tatoeba.org/en/sentences/317706
1032,They held a special session on trade problems.,Walifanya kikao maalumu juu ya shida za kibiashara.,Tatoeba,https://tatoeba.org/en/sentences/317719
1033,The secretary asked that I hold the line until Mr Williams was free to take my call.,Katibu aliomba nisubiri hadi Bwana Williams awe huru kuchukua simu yangu.,Tatoeba,https://tatoeba.org/en/sentences/317847
1034,Small hills look flat from an airplane.,Milima ndogo hukaa tambarare kutoka kwa ndege.,Tatoeba,https://tatoeba.org/en/sentences/317974
1035,I have no objection to paying a special fee if it is necessary.,Sina pingamizi kulipia ada maalum ikiwa itanilazimu.,Tatoeba,https://tatoeba.org/en/sentences/318255
1036,Her courage during her illness is an inspiration to us all.,Ujasiri wake wakati wa ugonjwa wake unaleta matumaini kwetu sote.,Tatoeba,https://tatoeba.org/en/sentences/318469
1037,"Poverty is a pain, but no disgrace.","Umasikini ni mchungu, lakini hauonewi haya.",Tatoeba,https://tatoeba.org/en/sentences/318566
1038,It was unfortunate that he lost his passport.,Ni bahati mbaya alipoteza pasipoti yake.,Tatoeba,https://tatoeba.org/en/sentences/318583
1039,A good husband makes a good wife.,Mume mzuri hufanya mke mzuri.,Tatoeba,https://tatoeba.org/en/sentences/318690
1040,Daddy loves to say funny things.,Baba anapenda kusema vitu vya kuchekesha.,Tatoeba,https://tatoeba.org/en/sentences/318971
1041,Father would often read detective stories in his spare time.,Baba alikuwa anasoma hadithi za kijasusi kwa wakati wake wa mapumziko.,Tatoeba,https://tatoeba.org/en/sentences/319087
1042,My father has given up smoking recently.,Babangu ameacha uvutaji wa sigara hivi majuzi.,Tatoeba,https://tatoeba.org/en/sentences/319142
1043,My father sat reading the evening paper.,Babangu aliketi akisoma gazeti la jioni.,Tatoeba,https://tatoeba.org/en/sentences/319381
1044,Physics is the basic physical science.,Fizikia ni sayansi ya kimsingi ya mwili.,Tatoeba,https://tatoeba.org/en/sentences/319983
1045,The soldiers got to the foot of the hill before dawn.,Maaskari walifika chini ya kilima kabla ya mawio.,Tatoeba,https://tatoeba.org/en/sentences/320113
1046,She got her feet wet teaching while she was in the Peace Corps.,Alisimama wakati akiwa kwenye Peace Corps.,Tatoeba,https://tatoeba.org/en/sentences/320185
1047,Throughout the United State large numbers of young people enter college every year.,Amerika nzima idadi kubwa ya vijana huingia vyuo vikuu kila mwaka.,Tatoeba,https://tatoeba.org/en/sentences/320227
1048,I watched television during a break in my studies.,Nilitazama runinga wakati wa likizo ya masomo yangu.,Tatoeba,https://tatoeba.org/en/sentences/320416
1049,The sheriff beat the suspect until he was almost dead.,Liwali alimpiga mtuhumiwa hadi alikaribia kufa.,Tatoeba,https://tatoeba.org/en/sentences/320469
1050,Her mother knocked on the door.,Mama yake alimbishia mlango.,Tatoeba,https://tatoeba.org/en/sentences/320889
1051,Throw a stick and watch the dog fetch it.,Tupa fimbo na utazame mbwa akiileta.,Tatoeba,https://tatoeba.org/en/sentences/321232
1052,Stay where you are until I give you a sign.,Bakia ulipo hadi nikupe ishara.,Tatoeba,https://tatoeba.org/en/sentences/321339
1053,I saw a marvelous animal act at the circus.,Niliona kitendo cha ajabu cha wanyama kwenye sarakasi.,Tatoeba,https://tatoeba.org/en/sentences/321624
1054,"I went down to the sports office to sign up for the last position on the basketball team, but somebody else beat me to it.","Nilienda kwa ofisi ya michezo kusaini nafasi ya mwisho kwenye timu ya mpira wa magongo, lakini mtu mwingine alinishinda.",Tatoeba,https://tatoeba.org/en/sentences/321678
1055,I have a good many things to do today.,Nina mambo mengi ya kufanya leo.,Tatoeba,https://tatoeba.org/en/sentences/321822
1056,I was not being taught to experiment or even to repeat experiments.,Sikuwa ninafunzwa kujaribu au hata kuregelea majaribio.,Tatoeba,https://tatoeba.org/en/sentences/321847
1057,I'd like to engage in foreign trade in the future.,"Ningependa kushiriki katika biashara ya kigeni, siku za usoni.",Tatoeba,https://tatoeba.org/en/sentences/321863
1058,We saw Mac make a fantastic shot.,Tuliona Mac akifanya jaribio zuri.,Tatoeba,https://tatoeba.org/en/sentences/322023
1059,The queen of the witches is dead.,Malkia wa wachawi ameuawa.,Tatoeba,https://tatoeba.org/en/sentences/322272
1060,Every Tuesday her fat little fingers flew like birds up and down the keys of song too.,Kila Jumanne vidole vyake vyenye vinene viliruka kama ndege juu na chini kwa mapigo ya wimbo pia.,Tatoeba,https://tatoeba.org/en/sentences/322360
1061,It's no good making the same old products year after year.,Si vizuri kutokeza bidhaa ile ile mwaka baada ya mwaka.,Tatoeba,https://tatoeba.org/en/sentences/322481
1062,"If something were wrong with my car, I'd go by bus.","Ikiwa kitu kilikuwa kibaya kwa gari langu, ningeenda kwa basi.",Tatoeba,https://tatoeba.org/en/sentences/322571
1063,"Unable to prove his innocence, he was forced to leave his native town.","Kwa kuwa hakuweza kuthibitisha kutokuwa na hatia, alilazimika kuondoka mji wake wa kuzaliwa.",Tatoeba,https://tatoeba.org/en/sentences/322791
1064,I'd like to make a tour of famous sites in London tomorrow.,Ningependa kufanya ziara ya tovuti maarufu huko London kesho.,Tatoeba,https://tatoeba.org/en/sentences/323356
1065,A house built of wood is more easily burnt than a house of stone.,Nyumba iliyojengwa kwa mbao huchomeka kwa urahisi zaidi kuliko nyumba ya jiwe.,Tatoeba,https://tatoeba.org/en/sentences/323644
1066,"There were times, at falling night, when he looked up with curiosity to the stars.","Kuna nyakati, usiku ukicha, alipotazama nyota juu, kwa udadisi.",Tatoeba,https://tatoeba.org/en/sentences/323964
1067,It's only when I can't sleep at night that the ticking of the clock becomes loud enough to bother me.,Ni wakati tu nashindwa kulala usiku ambapo mlio wa saa unazidi na kunisumbua.,Tatoeba,https://tatoeba.org/en/sentences/324032
1068,The fields lay covered with deep snow.,Mashamba yalifunikwa na theluji nzito.,Tatoeba,https://tatoeba.org/en/sentences/324110
1069,The savage robbed me of my precious jewels and ran away.,Katili huyo aliniibia vito vyangu vya thamani na kukimbia.,Tatoeba,https://tatoeba.org/en/sentences/324137
1070,Oil paintings show to advantage at a distance.,Rangi za mafuta zinaonyesha kufaidi kwa mbali.,Tatoeba,https://tatoeba.org/en/sentences/324268
1071,The capable detective was assigned to investigate the cause of the tragedy.,Mpelelezi mwenye uwezo alipewa upelelezi wa sababu ya janga hilo.,Tatoeba,https://tatoeba.org/en/sentences/324458
1072,"After dinner, George's dad took him aside.","Baada ya chajio, babake George alimchukua kando.",Tatoeba,https://tatoeba.org/en/sentences/324640
1073,The point is they're too young.,Swala ni kuwa ni wadogo sana.,Tatoeba,https://tatoeba.org/en/sentences/324902
1074,"The dancers look delicate in their white dresses, but they are really as strong as horses.","Wachezaji wanaonekana maridadi katika mavazi yao meupe, lakini ni wenye nguvu kama farasi.",Tatoeba,https://tatoeba.org/en/sentences/324924
1075,The greedy man was by no means satisfied with the reward.,Mtu mwenye tamaa hataridhika kamwe na thawabu.,Tatoeba,https://tatoeba.org/en/sentences/324948
1076,Complete agreement between theory and practice is a rare case.,Makubaliano kamili kati ya nadharia na uhalisia ni hali adimu.,Tatoeba,https://tatoeba.org/en/sentences/325356
1077,"In the absence of my travel partner, I took several solo trips.","Kwa kukosekana kwa mwenzi wangu wa kusafiri, nilisafiri mara kadhaa za pekee yangu.",Tatoeba,https://tatoeba.org/en/sentences/325596
1078,The two countries will negotiate a settlement to the crisis.,Nchi hizo mbili zitajadili maafikiano ya mgogoro.,Tatoeba,https://tatoeba.org/en/sentences/325614
1079,Both parties took a step towards a solution.,Vyama vyote vilichukua hatua kuelekea suluhisho.,Tatoeba,https://tatoeba.org/en/sentences/325635
1080,"Why do you insist on paying for your school expenses yourself, when your parents are willing to give you financial support?","Je, kwanini unasisitiza kulipia gharama yako ya shule, wakati wazazi wakotayari kukupa msaada wa kifedha?",Tatoeba,https://tatoeba.org/en/sentences/325648
1081,"The dishes were not so delicious, but otherwise the party was a success.","Vyakula havikuwa tamu sana, lakini sherehe ilikuwa ya kufana.",Tatoeba,https://tatoeba.org/en/sentences/325791
1082,The hunter shot a bear.,Mwindaji aliua dubu.,Tatoeba,https://tatoeba.org/en/sentences/325817
1083,Take Jennifer for example.,Chukua Jennifer kama mfano.,Tatoeba,https://tatoeba.org/en/sentences/326005
1084,"Birds, for instance, have a special protective device.","Kwa mfano, ndege wana kifaa maalum cha kinga.",Tatoeba,https://tatoeba.org/en/sentences/326015
1085,"Work is not only important for economic benefits, the salary, but also for social and psychological needs, the feeling of doing something for the good of society.","Kazi sio muhimu tu kwa faida za kiuchumi, mshahara, lakini pia kwa mahitaji ya kijamii na kisaikolojia, hisia za kufanya jambo kwa faida ya jamii.",Tatoeba,https://tatoeba.org/en/sentences/326335
1086,Old people need something to live for.,Watu wazee wanahitaji kitu ili waishi.,Tatoeba,https://tatoeba.org/en/sentences/326415
1087,The old woman sent a servant for the trunk.,Mama mzee alimtuma kijakazi kwa shina.,Tatoeba,https://tatoeba.org/en/sentences/326470
1088,June is a social season in London.,June ni msimu wa jamii mjini London,Tatoeba,https://tatoeba.org/en/sentences/326480
1089,"The peace talks failed again, with both sides blaming the other for the failure.","Mazungumzo ya amani yalishindwa kufanikiwa tena, na kila upande ukilaumu mwingine kwa kushindwa huku.",Tatoeba,https://tatoeba.org/en/sentences/326513
1090,"""You're right, certainly you don't seem to have been into it today."" ""Eh! You can tell that sort of thing?""","""Uko sahihi, hakika unaonekana haikuingia leo."" ""Eh! Unaweza kusema kitu kama hicho? """,Tatoeba,https://tatoeba.org/en/sentences/326692
1091,To say that it gives the impression of a cheap toy is unfair to cheap toys.,Kusema kwamba inatoa hisia ya toy ya bei rahisi sio haki kwa toy.,Tatoeba,https://tatoeba.org/en/sentences/326701
1092,"Never mind that. After all, up till now he's been stuffing himself on huge profits, selling brand-name goods of no real worth at high prices. From now on, he can just try his best at honest trade.",Usiyajali hayo. Hadi kufikia sasa amejiwekea faida kubwa ya kuuza bidhaa maarufu bila thamani yoyote. Kuanzia sasa anaweza kujaribu awezavyo katika biashara halali.,Tatoeba,https://tatoeba.org/en/sentences/326849
1093,"No, please don't concern yourself. I have learnt to do as the Romans when in Rome.","Hapana, tafadhali usijishughulishe. Nimejifunza kufanya jinsi Warumi wanavoyofanya wakiwa Roma",Tatoeba,https://tatoeba.org/en/sentences/326850
1094,"Hey, pops! What are you doing!","Aisee, ah! Unafanya nini!",Tatoeba,https://tatoeba.org/en/sentences/326888
1095,"Before meeting your guests, be sure to carefully check that the toilet door locks.","Kabla ya kukutana na wageni wako, hakikisha kwamba mlango wa choo unafungika.",Tatoeba,https://tatoeba.org/en/sentences/326903
1096,"Dammit, she completely ignored me.","Aisee, akanipuuza kabisa.",Tatoeba,https://tatoeba.org/en/sentences/326936
1097,Click: Quickly pushing the mouse's left hand side button once.,Bonyeza: Mara moja kusukuma kitufe cha kushoto cha kiteuzi mara moja.,Tatoeba,https://tatoeba.org/en/sentences/326940
1098,"If you climb up this mountain, you'll reach the lab.","Ukipandisha juu ya huu mlima, utafikia maabara.",Tatoeba,https://tatoeba.org/en/sentences/326982
1099,This isn't my blood. It's all splash-back from my opponent. There isn't a single scratch on me.,Hii si damu. Yote yako nyuma kutoka kwa mpinzani wangu. Hakuna mkwaruzo hata mmoja kwangu.,Tatoeba,https://tatoeba.org/en/sentences/327005
1100,"Now that you mention it, I wasn't involved in the decision-making for the vital part.","Kwa vile umeitaja, sikuhusika katika kufanya uamuzi wa sehemu muhimu.",Tatoeba,https://tatoeba.org/en/sentences/327077
1101,Even disaster is better than such a divorce between emotion and action.,Hata janga ni bora kuliko talaka kama hiyo baina ya hisia na matendo.,Tatoeba,https://tatoeba.org/en/sentences/327091
1102,If she finds out that that uniform was one I bought to get my former girlfriend to be a pretend'high school girl'...,"Ikiwa atagundua kuwa sare hiyo ndiyo nilinunua kupata rafiki yangu wa zamani kujifanya ""msichana wa shule ya upili""",Tatoeba,https://tatoeba.org/en/sentences/327102
1103,"That's a misunderstanding, for sure. You're giving me too much credit.",Hiyo ni kutokuelewana kwa hakika. Unanipa sifa nyingi sana.,Tatoeba,https://tatoeba.org/en/sentences/327115
1104,"I searched at the pub for the person I had met online, but there was nobody who looked like that.","Nilimtafuta kwenye baa mtu niliyekutana naye mtandaoni, lakini hakukuwa na mtu aliyeonekana kama huyo.",Tatoeba,https://tatoeba.org/en/sentences/327157
1105,Helen's words suddenly filled me with new energy.,Maneno ya Helen ghafla yalinijaza nguvu mpya.,Tatoeba,https://tatoeba.org/en/sentences/327274
1106,Also as they are in an intimate relationship they are in a situation where it is easy for them to suffer from violence and difficult for them to bring complaints about that to court.,Pia kwa vile wapo katika uhusiano wa karibu wapo katika hali ambayo ni rahisi kwao kuteseka kwa unyanyasaji na ngumu kwao kuleta malalamishi hayo mahakamani.,Tatoeba,https://tatoeba.org/en/sentences/327313
1107,I didn't know what was what. The inside of my head had gone to panic mode and I couldn't get things straight.,"Sikujua kilikuwa ni nini. Ndani ya kichwa changu, nilikuwa katika hali ya wasiwasi na singeweza kuweka vitu sawa.",Tatoeba,https://tatoeba.org/en/sentences/327414
1108,Don't you always sleep like a log yourself? I can understand your feelings of wanting them to enjoy their meal but don't be in such a rush.,"Je, huwa huwa hulali kama mlingoti wewe? Ninaweza kuelewa hisia zako za kutaka wafurahie chakula chao lakini usiwe na haraka sana.",Tatoeba,https://tatoeba.org/en/sentences/327509
1109,So it's finally time to pay the piper.,Kwa hivyo ni wakati wa kumlipa mchezaji -zumari.,Tatoeba,https://tatoeba.org/en/sentences/327560
1110,My hair's messed up this morning. At least lend me a hand mirror - it should be shut in the drawer there.,Nywele yangu imechakaa asubuhi ya leo. Angalau nikope kioo cha mkono - inapaswa kufungwa kwenye droo hapo.,Tatoeba,https://tatoeba.org/en/sentences/327569
1111,"His criminal record is apparently for murder, but he won't start to talk about the details.","Historia yake ya uhalifu ni ya mauaji, lakini hawezi kuongelea kwa undani.",Tatoeba,https://tatoeba.org/en/sentences/327594
1112,That's me - the coward unable to screw up his courage and find out the truth.,Huyo ni mimi-mwoga asiyeweza kudhibiti ujasiri wake na kuupata ukweli.,Tatoeba,https://tatoeba.org/en/sentences/327619
1113,"I can feel not only people's souls, but also the faint spirit held by buildings, walls and such.","Naweza kuhisi sio tu roho za watu, lakini pia roho dhaifu ya kushikiliwa na majengo, ukuta na vitu kama hivyo.",Tatoeba,https://tatoeba.org/en/sentences/327738
1114,What was the gross income in the previous calendar year?,Mapato ya kijumla ya mwaka uliopita yalikuwa aje?,Tatoeba,https://tatoeba.org/en/sentences/327798
1115,"As a general rule, the pension amount is based on price changes in the previous year.","Kama kanuni ya jumla, kiasi cha pensheni kinategemea mabadiliko ya bei katika mwaka uliopita.",Tatoeba,https://tatoeba.org/en/sentences/327906
1116,There are wheels within wheels.,Kuna magurudumu ndani ya magurudumu.,Tatoeba,https://tatoeba.org/en/sentences/328053
1117,That's no good! You're tall so you've got to be in the forward defence.,Hiyo sio nzuri! Wewe ni mrefu kwa hivyo lazima uwe kwenye mstari wa mbele.,Tatoeba,https://tatoeba.org/en/sentences/328094
1118,"I'm sure it's tough taking part in the activities of two clubs, but good luck!","Nina hakika ni ngumu kushiriki katika shughuli za vilabu viwili, lakini kila la heri!",Tatoeba,https://tatoeba.org/en/sentences/328129
1119,"""Is that some sort of uniform?"" ""Oh right, it's because I play field hockey.""","""Je! Hiyo ni aina fulani ya sare?"" ""Sawa, ni kwa sababu mimi nacheza mchezo wa magogo.""",Tatoeba,https://tatoeba.org/en/sentences/328173
1120,Oh no! I'm late again!! I'm going to get the nickname'King of Late arrival'.,"Jamani! Nimechelewa tena! Nitapata jina la utani ""Mfalme wa kuwasili kuchelewa'.",Tatoeba,https://tatoeba.org/en/sentences/328273
1121,"What does destroying evidence get you? The usual thing would be to contact the police, wouldn't it?","Je, kuharibu ushahidi unakupataje? Jambo la kawaida litakuwa kuwasiliana na polisi, sivyo?",Tatoeba,https://tatoeba.org/en/sentences/328316
1122,Thank you for waiting. One kid's meal and an ice cream soda.,Asante kwa kusubiri. Chakula cha mtoto mmoja na soda ya barafu.,Tatoeba,https://tatoeba.org/en/sentences/328374
1123,"You need permission to put up that sort of poster, and, most of all, you're ruining the looks of the street!","Unahitaji kupata ruhusu kubandika matangazo, na isitoshe, unaharibu sura ya mtaa!",Tatoeba,https://tatoeba.org/en/sentences/328431
1124,This week I've watched foreign car-action movies with subtitles for three days in a row.,Wiki hii nimetazama sinema za vitendo vya gari la kigeni na nukuu kwa siku tatu mfululizo.,Tatoeba,https://tatoeba.org/en/sentences/328468
1125,"There is a world of difference between, ""somehow being understood"" and ""using correct English.""","Kuna dunia mbili kati ya, ""kutoelekewe kinamna"" na ""kutumia Kiingereza sahihi.""",Tatoeba,https://tatoeba.org/en/sentences/328473
1126,You couldn't say that was a plan with any sense of reality to it.,Ungesema hiyo ilikuwa mpango bila uhalisi wake.,Tatoeba,https://tatoeba.org/en/sentences/328484
1127,Despair drove him to attempt suicide.,Kukata tamaa kulimfanya ajaribu kujiua,Tatoeba,https://tatoeba.org/en/sentences/328486
1128,It's when you become able to move that the real value of health hits home.,Ni wakati utaweza kuhama ndipo utafahamu thamani halisi ya afya.,Tatoeba,https://tatoeba.org/en/sentences/328498
1129,In my daily life I take care in various ways of my body so as not to damage my health.,Katika maisha yangu ya kila siku ninajali mwili wangu kwa njia mbalimbali ili nisidhuru afya yangu.,Tatoeba,https://tatoeba.org/en/sentences/328643
1130,We drew lots to decide who would go first at the early morning reception desk.,Alipiga kura kuamua ni nani atakayekwenda kwanza kwenye dawati la mapokezi ya asubuhi.,Tatoeba,https://tatoeba.org/en/sentences/328785
1131,"""Certainly if someone is _that_ beautiful you'd draw back from approaching her."" ""Thought you'd agree.""","""Kwa kweli ikiwa mtu ni mrembo utaokukurudisha kwake."" ""Nilidhani utakubali.""",Tatoeba,https://tatoeba.org/en/sentences/328796
1132,Just press the button and a clear photo will be produced by the latest technology.,Bonyeza kitufe na picha nzuri itatolewa na teknolojia ya hivi karibuni.,Tatoeba,https://tatoeba.org/en/sentences/328970
1133,"An office building, with 22 stories above ground and 2 below, is under construction.","Jengo la ofisi, lenye ghorofa 22 juu ya ardhi na 2 chini, linajengwa.",Tatoeba,https://tatoeba.org/en/sentences/329063
1134,He is a keen Stephen King fan.,Yeye ni shabiki wa Stephen King.,Tatoeba,https://tatoeba.org/en/sentences/329116
1135,"The surgery, performed at our clinic, is over in half an hour.","Upasuaji uliofanywa katika kliniki yetu, ilikuwa zaidi ya nusu saa.",Tatoeba,https://tatoeba.org/en/sentences/329119
1136,"When you swallow a dangerous substance, what you need to do depends on what you swallowed.","Unapomeza dutu hatari, kile unahitaji kufanya inategemea kile ulichomeza.",Tatoeba,https://tatoeba.org/en/sentences/329170
1137,What do you do when you get writer's block while writing a script?,"Je, unafanya nini unapopata bloki ya mwandishi wakati wa kuandika hati?",Tatoeba,https://tatoeba.org/en/sentences/329182
1138,Changes of leadership have a great effect on the international political economy.,Mabadiliko ya uongozi yana athari kubwa kwa uchumi wa kisiasa wa kimataifa.,Tatoeba,https://tatoeba.org/en/sentences/329217
1139,The rise and fall of prices caused a financial crisis.,Kupanda na kushuka kwa bei kulisababisha dharura ya kifedha.,Tatoeba,https://tatoeba.org/en/sentences/329241
1140,"Mum, a mere woman surrounded by men, works in a construction company as a site foreman.","Mama, mwanamke tu aliyezungukwa na wanaume, hufanya kazi katika kampuni ya ujenzi kama msimamizi wa ujenzi.",Tatoeba,https://tatoeba.org/en/sentences/329242
1141,The front wheel plays an important role in two-wheeled vehicles moving without falling over.,Gurudumu la mbele ni sehemu muhimu katika magari yenye magurudumu mawili kwa kusonga bila kuanguka chini.,Tatoeba,https://tatoeba.org/en/sentences/329311
1142,"The meaning of the'dollar peg' is ""stick with the strong countries.""","Maana ya'pegi ya dola' ni ""shikamana na nchi zenye nguvu.""",Tatoeba,https://tatoeba.org/en/sentences/329356
1143,"If you're going to apologise, sooner is better.",Ni bora Kama utaomba msamaha mapema.,Tatoeba,https://tatoeba.org/en/sentences/329370
1144,What you need to take part in business management is the team spirit to work with many colleagues.,Unachohitaji kushiriki katika usimamizi wa biashara ni roho ya timu ili ufanye kazi na wenzako wengi.,Tatoeba,https://tatoeba.org/en/sentences/329409
1145,"Thinking about those sorts of things, I watched ""Duck Soup"" again.","Kufikiria juu ya vitu vya aina hiyo, niliangalia tena ""supu ya bata"".",Tatoeba,https://tatoeba.org/en/sentences/329504
1146,"The basis of this system is that the students must take turns in teaching, they have to help each other.","Msingi wa mfumo huu ni kwamba wanafunzi lazima wachukue zamu katika kufundisha, lazima wasaidiane.",Tatoeba,https://tatoeba.org/en/sentences/329534
1147,"I don't know if he has any special powers or not, but he's probably stronger than a normal human.","Sijui kama ana nguvu yoyote maalum au la, lakini labda ana nguvu kuliko mwanadamu wa kawaida.",Tatoeba,https://tatoeba.org/en/sentences/329542
1148,But I will always be honest with you about the challenges we face.,Lakini nitakuwa nakueleza ukweli kuhusu changamoto tunazopitia.,Tatoeba,https://tatoeba.org/en/sentences/330419
1149,"As Lincoln said to a nation far more divided than ours, we are not enemies but friends.","Kama Lincoln alivyosema kwa taifa lililogawanyika zaidi kuliko letu, sisi sio maadui bali marafiki.",Tatoeba,https://tatoeba.org/en/sentences/330529
1150,To those who seek peace and security: We support you.,Kwa wale wanaotafuta amani na usalama: Tunawaunga mkono.,Tatoeba,https://tatoeba.org/en/sentences/330535
1151,"And to those Americans whose support I have yet to earn, I may not have won your vote tonight, but I hear your voices. I need your help. And I will be your president, too.","Na kwa wale Wamarekani ambao sijapata uungwaji mkono wao, labda sijashinda kura zenu usiku wa leo, lakini nimesikia sauti zenu. Ninahitaji msaada wako. Na nitakuwa rais wenu pia.",Tatoeba,https://tatoeba.org/en/sentences/347782
1152,I don't know.,Sijui.,Tatoeba,https://tatoeba.org/en/sentences/349064
1153,When is the party?,Tamasha litakuwa lini?,Tatoeba,https://tatoeba.org/en/sentences/351807
1154,Who are you?,Wewe ni nani?,Tatoeba,https://tatoeba.org/en/sentences/356200
1155,Who are you?,Nyinyi ni nani?,Tatoeba,https://tatoeba.org/en/sentences/356200
1156,"Sticks and stones may break my bones, but names will never hurt me.","Vijiti na mawe yanaweza kuvunja mifupa yangu, lakini lakabu hayawezi kunikasirisha.",Tatoeba,https://tatoeba.org/en/sentences/356279
1157,The amount of smoke that comes out of an electronic cigarette isn't bad at all.,Kiasi cha moshi ambacho hutoka kwenye sigara ya elektroniki sio mbaya hata.,Tatoeba,https://tatoeba.org/en/sentences/357914
1158,Happy New Year!,Heri ya mwaka mpya!,Tatoeba,https://tatoeba.org/en/sentences/361350
1159,A typical example of a field is provided by the real numbers.,Mfano wa kawaida wa uwanda hutolewa na nambari halisi.,Tatoeba,https://tatoeba.org/en/sentences/367410
1160,It is sweet and right to die for your homeland.,Ni vyema na sawa kufa kwa ajili ya nchi yako.,Tatoeba,https://tatoeba.org/en/sentences/369966
1161,You are my friend.,Wewe ni rafiki yangu.,Tatoeba,https://tatoeba.org/en/sentences/370562
1162,Eleven students received the award.,Wanafunzi kumi na moja walipokea tuzo hiyo.,Tatoeba,https://tatoeba.org/en/sentences/370972
1163,"It ain't like we gotta sell stuff, you know.","Sio kama tunapaswa kuuza vitu, unajua.",Tatoeba,https://tatoeba.org/en/sentences/373257
1164,Are you ready?,Uko tayari?,Tatoeba,https://tatoeba.org/en/sentences/376424
1165,I don't understand.,Sielewi.,Tatoeba,https://tatoeba.org/en/sentences/376611
1166,I have a question.,Nina swali.,Tatoeba,https://tatoeba.org/en/sentences/378292
1167,I have a dog.,Nina mbwa.,Tatoeba,https://tatoeba.org/en/sentences/378502
1168,Do you know the difference between silver and tin?,"Je, unajua tofauti kati ya fedha na bati?",Tatoeba,https://tatoeba.org/en/sentences/387419
1169,Kent is a born leader.,Kent alizaliwa kiongozi.,Tatoeba,https://tatoeba.org/en/sentences/387553
1170,How are you today?,Habari za leo?,Tatoeba,https://tatoeba.org/en/sentences/388255
1171,How are you today?,Habari za mchana?,Tatoeba,https://tatoeba.org/en/sentences/388255
1172,She hated him.,Alimchukia.,Tatoeba,https://tatoeba.org/en/sentences/388371
1173,She didn't like him.,Hakumpenda.,Tatoeba,https://tatoeba.org/en/sentences/388373
1174,The shepherd always tries to persuade the sheep that their interests and his own are the same.,"Kila wakati, mchungaji hujaribu kushawishi kondoo wake kuwa masilahi yao na yake ni sawa.",Tatoeba,https://tatoeba.org/en/sentences/390150
1175,"There are those, who, in distress, seek the help of other people's prayers, but have no mind to pray for themselves.","Kuna wale ambao, wakiwa na shida, hutafuta msaada kwa sala za watu wengine, lakini hawana dhana ya kujiombea.",Tatoeba,https://tatoeba.org/en/sentences/391921
1176,It is better to keep your mouth shut and appear stupid than to open it and remove all doubt.,Ni bora kunyamaza na kuonekana mjinga kuliko kuzungumza na kuondoa shaka zote.,Tatoeba,https://tatoeba.org/en/sentences/393244
1177,I'm responsible for protecting her.,Nina jukumu la kumlinda.,Tatoeba,https://tatoeba.org/en/sentences/394807
1178,"In addition to a blocked nose, I'm also suffering from a high temperature.","Kwa kuongeza kwenye pua iliyovujika, pia nina joto la juu.",Tatoeba,https://tatoeba.org/en/sentences/395911
1179,We got some special evidence that proves that he is guilty.,Tulipata ushahidi maalum unaothibitisha kuwa yeye ana hatia.,Tatoeba,https://tatoeba.org/en/sentences/396399
1180,About a dozen trees had soon been planted.,Karibu miti kadhaa ilikuwa imepandwa hivi karibuni.,Tatoeba,https://tatoeba.org/en/sentences/397990
1181,Underneath we wrote the names of the students in our class.,Chini yake tuliandika majina ya wanafunzi katika darasa letu.,Tatoeba,https://tatoeba.org/en/sentences/398040
1182,He was found guilty of attempted murder for attacking his mother with a knife.,Alipatikana na hatia ya kujaribu mauaji kwa kushambulia mama yake kwa kisu.,Tatoeba,https://tatoeba.org/en/sentences/398104
1183,"I hope you consider my request for a day off this Tuesday 8th. If possible, I'd appreciate you letting me recover those hours any other day.","Natumai unafikiria ombi langu la siku ya kuondoka Jumanne hii 8. Ikiwezekana, ningekushukuru ukiruhusu kulipia masaa hayo siku nyingine yoyote.",Tatoeba,https://tatoeba.org/en/sentences/399435
1184,Is there any chance that he will come?,"Je, kuna nafasi yoyote kwamba atakuja?",Tatoeba,https://tatoeba.org/en/sentences/400135
1185,For years he has been at the market every Tuesday morning with his fish stall.,"Kwa miaka nyingi, amekuwa katika soko, kila Jumanne asubuhi na kibanda chake cha samaki.",Tatoeba,https://tatoeba.org/en/sentences/400426
1186,He is sincere in his promises.,Ni mwaminifu kwa ahadi zake.,Tatoeba,https://tatoeba.org/en/sentences/402039
1187,Are you at home?,"Je, wewe ni nyumbani?",Tatoeba,https://tatoeba.org/en/sentences/405500
1188,What's your name?,Jina lako nani?,Tatoeba,https://tatoeba.org/en/sentences/408293
1189,What's your name?,Jina lako ni nani?,Tatoeba,https://tatoeba.org/en/sentences/408293
1190,"No matter how bad it gets, she won't die of that kind of sickness.","Haijalishi hali ni mbaya kiasi gani, hatakufa kwa ugonjwa wa aina hiyo.",Tatoeba,https://tatoeba.org/en/sentences/408985
1191,"When she first saw the size of it, my naive girlfriend was blown away.","Alipoona saizi yake kwa mara ya kwanza, rafiki yangu wa kike asiye na huruma alishambuliwa.",Tatoeba,https://tatoeba.org/en/sentences/409765
1192,"The Russians copy the French ways, but always fifty years later.","Warusi huiga njia za Ufaransa, lakini kila wakati miaka hamsini baadaye.",Tatoeba,https://tatoeba.org/en/sentences/410336
1193,"A little nap and, just like that, I'm as fresh as a daisy.","Kulala kidogo na hivyo tu, niko safi kama daisy.",Tatoeba,https://tatoeba.org/en/sentences/410798
1194,"Those who would give up Essential Liberty to purchase a little Temporary Safety, deserve neither Liberty nor Safety.","Wale ambao wanaweza kuuachilia Uhuru Muhimu ili kununua Usalama wa Muda Kidogo, hawastahili Uhuru wala Usalama.",Tatoeba,https://tatoeba.org/en/sentences/411115
1195,I saw Andrea leaving home.,Nilimuona Andrea akitoka nyumbani.,Tatoeba,https://tatoeba.org/en/sentences/411935
1196,I see Dana.,Namuona Dana.,Tatoeba,https://tatoeba.org/en/sentences/411960
1197,Ann is a sucker for chocolate.,Ann ni mnyonyaji wa chokoleti.,Tatoeba,https://tatoeba.org/en/sentences/413338
1198,This movie is about a poor girl who gets mistaken for the daughter of a rich man in the confusion following a train crash.,Hii sinema ni kuhusu binti maskini aliyekosewa kufananishwa na binti wa tajiri katika mkanganyiko uliofuatia ajali ya treni.,Tatoeba,https://tatoeba.org/en/sentences/413518
1199,Why were you picking up guys?,Mbona mlikuwa mnachukua watu?,Tatoeba,https://tatoeba.org/en/sentences/413773
1200,The soul that desires God to surrender himself to it entirely must surrender itself entirely to him without keeping anything for itself.,Nafsi inayotamani Mungu ajisalimishe kwake kabisa lazima ijisalimishe kwake bila kujiwekea chochote.,Tatoeba,https://tatoeba.org/en/sentences/413871
1201,We all labour against our own cure; for death is the cure of all disease.,Sote tunajitahidi dhidi ya tiba yetu wenyewe; kwa maana mauti ni tiba ya magonjwa yote.,Tatoeba,https://tatoeba.org/en/sentences/414415
1202,It scares me not to see you online the entire day.,Inaniogopesha kutokuona mtandaoni siku nzima.,Tatoeba,https://tatoeba.org/en/sentences/414938
1203,UN stands for United Nations.,"UM, unamaanisha Umoja wa Mataifa.",Tatoeba,https://tatoeba.org/en/sentences/415500
1204,"While we were out for a picnic, our house's lock was picked by a thief.","Tulipokuwa inje kwa matembezini, kifungio cha nyumba yetu ulivunjwa na mwizi.",Tatoeba,https://tatoeba.org/en/sentences/416877
1205,Revenge is a dish best served cold.,Kulipiza kisasi ni jambo linalofanywa kwa utaratibu.,Tatoeba,https://tatoeba.org/en/sentences/417475
1206,"Gentlemen, lift the toilet seat! Ladies also like to sit dry.","Waungwana, nyanyua kiti cha choo! Mabibi pia hupenda kukaa pakavu.",Tatoeba,https://tatoeba.org/en/sentences/418717
1207,This miserable old church is the oldest building in our country.,Kanisa hili la ajabu la zamani ndilo jengo kongwe zaidi katika nchi yetu.,Tatoeba,https://tatoeba.org/en/sentences/421388
1208,Stuff today and starve tomorrow.,Shindilia leo na ufe njaa kesho.,Tatoeba,https://tatoeba.org/en/sentences/423247
1209,A man with a full belly thinks no one is hungry.,Aliyeshiba anadhani hakuna mtu aliye na njaa.,Tatoeba,https://tatoeba.org/en/sentences/423299
1210,It is sweet and noble to die for one's country.,Ni vyemau na heshima kufia nchi yako.,Tatoeba,https://tatoeba.org/en/sentences/430193
1211,"This morning, I went to a fish selling counter and the flying fish was very fresh and also on sale.","Asubuhi hii, nilikwenda kwenye duka la kuuza samaki na samaki wa kuruka alikuwa safi sana na pia kwenye mauzo.",Tatoeba,https://tatoeba.org/en/sentences/430741
1212,"Gentlemen, start your engines.","Waungwana, anzeni injini zenu.",Tatoeba,https://tatoeba.org/en/sentences/431628
1213,Are you hungry?,"Je, una njaa?",Tatoeba,https://tatoeba.org/en/sentences/434242
1214,Are you hungry?,"Je, mna njaa?",Tatoeba,https://tatoeba.org/en/sentences/434242
1215,Carlos is intelligent and creative.,Carlos ni mwenye akili na ubunifu.,Tatoeba,https://tatoeba.org/en/sentences/434440
1216,Do you sell formal wear?,"Je, unauza mavazi rasmi?",Tatoeba,https://tatoeba.org/en/sentences/434616
1217,He is teaching Arabic.,Anafundisha Kiarabu.,Tatoeba,https://tatoeba.org/en/sentences/434946
1218,"Hello, what's your name?","Jambo, jina lako ni nani?",Tatoeba,https://tatoeba.org/en/sentences/435080
1219,"Could I have the bill, please?","Naweza kupata bili, tafadhali?",Tatoeba,https://tatoeba.org/en/sentences/435203
1220,How is the family?,Hamjambo nyumbani?,Tatoeba,https://tatoeba.org/en/sentences/436133
1221,How much must I pay?,Nilipe kiasi gani?,Tatoeba,https://tatoeba.org/en/sentences/436231
1222,I am sure.,Nina uhakika.,Tatoeba,https://tatoeba.org/en/sentences/436433
1223,I don't understand you.,Sikuelewi.,Tatoeba,https://tatoeba.org/en/sentences/436555
1224,I have a chest pain.,Nina maumivu ya kifua.,Tatoeba,https://tatoeba.org/en/sentences/436623
1225,While looking at the flowers I thought suddenly that humans too had a good side. It's humans who discovered the beauty of flowers and it's also humans who can appreciate them.,Nikiwa nayatazama maua kwa ghafla nilidhani kuwa wanadamu pia wana upande mzuri. Ni wanadamu ambao waligundua uzuri wa maua na pia ni wanadamu ambao wanaweza kuyathamini.,Tatoeba,https://tatoeba.org/en/sentences/439558
1226,He returned from Canada.,Alirejea kutoka Canada.,Tatoeba,https://tatoeba.org/en/sentences/453381
1227,Love is blind.,Mahaba ni tongo.,Tatoeba,https://tatoeba.org/en/sentences/453394
1228,On the edge of the cliff bloom the most beautiful flowers.,Maua mazuri zaidi yamekua kwenye ukingo wa jabali.,Tatoeba,https://tatoeba.org/en/sentences/453906
1229,The fast and effective solution for finding the job of your dreams!,Suluhisho la haraka na bora la kupata kazi ya ndoto zako!,Tatoeba,https://tatoeba.org/en/sentences/454477
1230,I will show you some.,Nitakuonesha baadhi.,Tatoeba,https://tatoeba.org/en/sentences/455763
1231,I'd like to introduce my good friend Luis.,Ningependa kukujulisha kwa rafiki yangu Luis.,Tatoeba,https://tatoeba.org/en/sentences/455849
1232,Me neither.,Wala si mimi.,Tatoeba,https://tatoeba.org/en/sentences/456389
1233,My teacher is Mrs. Li.,Mwalimu wangu ni Bi. Li,Tatoeba,https://tatoeba.org/en/sentences/456479
1234,I tied my dog to a tree in the garden.,Nimefunga mbwa wangu kwenye mti bustanini.,Tatoeba,https://tatoeba.org/en/sentences/460029
1235,Jessie spoke bad French and worse German.,Jessie aliongea Kifaransa na Kijerumani kibaya.,Tatoeba,https://tatoeba.org/en/sentences/460430
1236,"Take one four times a day, after meals.","Meza moja mara nne kwa siku, baada ya kula.",Tatoeba,https://tatoeba.org/en/sentences/462498
1237,The library is to the right.,Maktaba ni upande wa kulia.,Tatoeba,https://tatoeba.org/en/sentences/462766
1238,The short woman wears a gray suit.,Mwanamke mfupi amevaa suti ya kijivu.,Tatoeba,https://tatoeba.org/en/sentences/462920
1239,Wait for the green signal before starting to cross.,Subiri kwa alama ya kijani kabla ya kuanza kuvuka.,Tatoeba,https://tatoeba.org/en/sentences/464318
1240,What is my room number?,Chumba changu ni namba ngapi?,Tatoeba,https://tatoeba.org/en/sentences/464588
1241,I would like to give you a piece of advice.,Ningependa kukupa ushauri.,Tatoeba,https://tatoeba.org/en/sentences/467641
1242,I go to school.,Naenda shule.,Tatoeba,https://tatoeba.org/en/sentences/472089
1243,"The present agreement is put forth in two copies, signed by the two parties.","Makubaliano ya sasa yamewekwa kwa nakala mbili, zilizosainiwa na pande hizo mbili.",Tatoeba,https://tatoeba.org/en/sentences/477221
1244,My father works in a factory.,Babangu anafanya kazi kwa kiwanda.,Tatoeba,https://tatoeba.org/en/sentences/477355
1245,Peace is not the absence of violence but the presence of justice.,Amani sio ukosefu wa vurugu bali uwepo wa haki.,Tatoeba,https://tatoeba.org/en/sentences/478467
1246,I wonder where your brother has gone to.,Nashangaa ndugu yako ameenda wapi.,Tatoeba,https://tatoeba.org/en/sentences/478577
1247,They were determined to travel the length of Vietnam in just eight days.,Waliazimia kusafiri urefu wa Vietnam katika siku nane tu.,Tatoeba,https://tatoeba.org/en/sentences/478825
1248,The supervisor bought a really powerful machine.,Msimamizi alinunua mashine yenye nguvu kweli.,Tatoeba,https://tatoeba.org/en/sentences/485373
1249,The poison spread through his whole body.,Sumu ilisambaa mwili wake wote.,Tatoeba,https://tatoeba.org/en/sentences/499307
1250,The world follows one golden rule: whoever has the gold makes the rules.,Ulimwengu hufuata kanuni moja ya kidhahabu: yeyote aliye na dhahabu huyo ndiye huweka sheria.,Tatoeba,https://tatoeba.org/en/sentences/502380
1251,I met an ear nose and throat doctor at a party on Sunday.,Nilikutana na daktari wa pua na koo kwenye sherehe Jumapili.,Tatoeba,https://tatoeba.org/en/sentences/502669
1252,Many people never get it right and end up landing jobs in government. How they do it will forever remain a mystery.,Watu wengi hawaipati sawasawa na kuishia ajira serikalini. Jinsi wanavyofanya hivyo itabakia kuwa maajabu.,Tatoeba,https://tatoeba.org/en/sentences/503566
1253,"The father of a father is a grandfather, a grandfather's father is a great-grandfather, a great-grandfather's father is a great-great-grandfather, but no word has been decided upon for the generations before great-great-grandfather.","Baba yake baba ni babu, babu yake baba ni babu-mkuu, baba ya babu-mkuu ni babu mkuu-mkuu, lakini hakuna neno ambalo limeamuliwa kwa vizazi kabla ya babu mkuu-mkuu.",Tatoeba,https://tatoeba.org/en/sentences/504785
1254,Don't worry.,Hakuna matata.,Tatoeba,https://tatoeba.org/en/sentences/506446
1255,Someday you'll regret this.,Hutajutia baadaye kuhusiana na haya.,Tatoeba,https://tatoeba.org/en/sentences/508303
1256,Any man who can drive safely while kissing a pretty lady is simply not giving the kiss the attention it deserves.,Mwanaume yeyote anayeweza kuendesha kwa usalama wakati akimbusu mwanamke mrembo haweki makini kwenye busu hiyo.,Tatoeba,https://tatoeba.org/en/sentences/509746
1257,Focus on one thing and do it well.,Shughulikia kitu kimoja na ufanye vizuri.,Tatoeba,https://tatoeba.org/en/sentences/509839
1258,Enter the laboratory and press the emergency button.,Ingia maabara na ubonyeze kifungo cha dharura.,Tatoeba,https://tatoeba.org/en/sentences/510823
1259,Road traffic injuries are a major public health problem and a leading cause of death.,Majeraha ya trafiki barabarani ni shida kubwa ya kiafya na sababu kuu ya vifo.,Tatoeba,https://tatoeba.org/en/sentences/512518
1260,"I thought I had him in a corner, but then he pulled an unexpected move and completely turned the tables on me.","Nilidhani nimemweza, lakini kisha akapiga hatua isiyotarajiwa na akabadilisha mambo kabisa.",Tatoeba,https://tatoeba.org/en/sentences/516575
1261,She got out the bottle of champagne she'd been saving for a special occasion.,Alipata chupa ya champagne ambayo amekuwa akihifadhi kwa hafla maalum.,Tatoeba,https://tatoeba.org/en/sentences/518099
1262,Birds disturb the soil.,Ndege huvuruga udongo.,Tatoeba,https://tatoeba.org/en/sentences/518867
1263,How many is nine minus six?,"Tisa ukiondoa sita, jibu lake ni nini?",Tatoeba,https://tatoeba.org/en/sentences/519105
1264,I will come back next week.,Nitarudi wiki ijayo.,Tatoeba,https://tatoeba.org/en/sentences/520142
1265,The lack of evidence to the contrary is itself evidence that your theory is probably right.,Ukosefu wa ushahidi kwa upande mwingine ni ushahidi kwamba nadharia yako labda ni sawa.,Tatoeba,https://tatoeba.org/en/sentences/522315
1266,The Queen's crown was made of gold.,Taji ya Malkia ilitengenezwa kwa dhahabu.,Tatoeba,https://tatoeba.org/en/sentences/522633
1267,I always thought that a stroke was one of nature's ways to tell you that it's time to die.,Siku zote nilidhani kwamba kiharusi ni njia moja ya asili ya kukuambia kuwa ni wakati wa kufa.,Tatoeba,https://tatoeba.org/en/sentences/528323
1268,Animals act according to their instincts.,Wanyama hutenda kulingana na silika zao.,Tatoeba,https://tatoeba.org/en/sentences/528503
1269,"""It's a woman as wants to see you;"" the boy answered, pointing towards the shop.","""Aliyetaka kukuona alikuwa mwanamke;"" yule mvulana alijibu, alionyesha dukani.",Tatoeba,https://tatoeba.org/en/sentences/530911
1270,"Even though I walk through the valley of the shadow of death, I will fear no evil, for you are with me; your rod and your staff, they comfort me.","Japo nipitapo kwenye bonde la mauti, sitaogopa ubaya wowote, kwa maana wewe u nami; fimbo yako na gongo lako, zinanifariji.",Tatoeba,https://tatoeba.org/en/sentences/532008
1271,"In spite of my diet, I couldn't help taking a slice of chocolate cake.","Licha ya lishe yangu, sikuweza kusaidia kuchukua kipande cha keki ya chokoleti.",Tatoeba,https://tatoeba.org/en/sentences/533602
1272,Waste not a single grain of rice!,usipoteze hata nafaka moja la mchele!,Tatoeba,https://tatoeba.org/en/sentences/534640
1273,The groom was getting cold feet just minutes before the wedding.,Bwana harusi alikuwa anasitasita dakika chache kabla ya harusi.,Tatoeba,https://tatoeba.org/en/sentences/534645
1274,I love Fist of the North Star!,Napenda ngumi ya North Star!,Tatoeba,https://tatoeba.org/en/sentences/534879
1275,We have a gig at the club tomorrow night.,Tunaye tamasha kwenye kilabu kesho usiku.,Tatoeba,https://tatoeba.org/en/sentences/535188
1276,Patty was so short that she couldn't reach the branch.,Patty alikuwa mfupi sana kiasi kwamba hakuweza kufikia tawi.,Tatoeba,https://tatoeba.org/en/sentences/537387
1277,"After ten years as business partners, they decided to part ways.","Baada ya miaka kumi kama washirika wa biashara, waliamua kuachana.",Tatoeba,https://tatoeba.org/en/sentences/538925
1278,The child was made a ward of the state.,Mtoto huyo alifanywa tuzo kwa taifa.,Tatoeba,https://tatoeba.org/en/sentences/539141
1279,The boy didn't reach his father's height of six feet.,Mvulana hakufikia urefu wa baba yake wa futi sita.,Tatoeba,https://tatoeba.org/en/sentences/539537
1280,Nicholas and Maria love each other.,Nicholas na Maria wanapendana.,Tatoeba,https://tatoeba.org/en/sentences/539642
1281,"If you repeat a joke two hundred fifty six times, it will set everybody's teeth on edge.","Ukirudia utani mara mia mbili hamsini na sita, itachekesha kila mtu.",Tatoeba,https://tatoeba.org/en/sentences/540758
1282,It would have been better if you had not gone there.,Bora usingekwenda hapo.,Tatoeba,https://tatoeba.org/en/sentences/541478
1283,"When one meets people online, one must be careful of wolves in sheep's clothing.","Mtu anapokutana na watu mtandaomi, lazima mtu awe mwangalifu wa mbwa mwitu katika mavazi ya kondoo.",Tatoeba,https://tatoeba.org/en/sentences/541757
1284,Read the fine print whenever you take out a loan.,Soma maagizo wakati wowote unapochukua mkopo.,Tatoeba,https://tatoeba.org/en/sentences/541985
1285,Roger Miller began writing songs because he loved the music he heard on the radio.,Roger Miller alianza kuandika nyimbo kwa sababu alipenda muziki aliosikia kwenye redio.,Tatoeba,https://tatoeba.org/en/sentences/552249
1286,"Upon finding out about the others' success, she turned green with envy.","Alipogundua mafanikio ya wengine, alibadilika kijani kwa wivu.",Tatoeba,https://tatoeba.org/en/sentences/554621
1287,Everyone has duties to the community in which alone the free and full development of his personality is possible.,Kila mtu ana jukumu kwa jamii ambayo peke yake maendeleo kamili ya utu wake inawezekana.,Tatoeba,https://tatoeba.org/en/sentences/554898
1288,"If you stop every time a dog barks, your road will never end.","Ikiwa utasimama kila wakati mbwa atabweka, safari yako haitakamilika.",Tatoeba,https://tatoeba.org/en/sentences/556726
1289,A small gain is better than a great loss.,Faida ndogo ni bora kuliko hasara kubwa.,Tatoeba,https://tatoeba.org/en/sentences/562887
1290,The judge handed down a sentence of five years hard labor.,Jaji alitoa hukumu ya miaka kumi na ngazi ngumu.,Tatoeba,https://tatoeba.org/en/sentences/566377
1291,All that's left for me is to drink myself silly with vodka and to get lost in sleep.,Kilichobaki kwangu ni kunywa vodka kijinga na kupotelea usingizini.,Tatoeba,https://tatoeba.org/en/sentences/567931
1292,"Please introduce yourself, sir. What's your profession?","Tafadhali jitambulishe, bwana. Unafanya kazi gani?",Tatoeba,https://tatoeba.org/en/sentences/567987
1293,Germans have no sense of humor? I don't find that funny.,Wajerumani hawana ucheshi? Sioni kuwa ya kuchekesha.,Tatoeba,https://tatoeba.org/en/sentences/568188
1294,"Don't worry, I have every angle covered.","Usijali, kila pembe linashughulikiwa.",Tatoeba,https://tatoeba.org/en/sentences/569009
1295,How are things?,Habari gani?,Tatoeba,https://tatoeba.org/en/sentences/569283
1296,How are things?,Habari?,Tatoeba,https://tatoeba.org/en/sentences/569283
1297,A flush is a poker hand where all five cards are of the same suit.,Flush ni mkono wa poker ambapo kadi zote tano ni za suti moja.,Tatoeba,https://tatoeba.org/en/sentences/573585
1298,When did you start studying English?,Ulianza lini kukisoma Kiingereza?,Tatoeba,https://tatoeba.org/en/sentences/573896
1299,"The audience believed it to be part of the act, rather than a short circuit.",Hadhira iliamini kuwa ilikuwa sehemu ya igizo badala ya mzunguko mfupi.,Tatoeba,https://tatoeba.org/en/sentences/573898
1300,"My wife gave birth to a child when we were very poor. While she was sleeping, I cooked rice and vegetables for several days and surprised her with the variety and taste of my cooking.","Mke wangu alizaa mtoto wakati tulikuwa masikini sana. Alipokuwa amelala, nikampikia wali na mboga kwa siku kadhaa na nikamshangaza na anuwai na uonjo wa upishi wangu.",Tatoeba,https://tatoeba.org/en/sentences/573956
1301,"Miracles do exist, but we just don't notice them in the flow of events.",Miujiza ipo lakini ni vile tu hatuitambui katika matukio ya kawaida.,Tatoeba,https://tatoeba.org/en/sentences/574204
1302,"Mommy, why don't I have an uncle with a beard?","Mama, kwanini sina mjomba mwenye ndevu?",Tatoeba,https://tatoeba.org/en/sentences/576695
1303,"Dogs can't talk, but it's almost as if the puppy's eyes said, ""No, I don't have a home.""","Mbwa hawawezi kuongea, lakini ni kama macho ya kijibwa kilisema, ""Hapana, sina nyumba.""",Tatoeba,https://tatoeba.org/en/sentences/577536
1304,A perfect map would have to be as big as the territory it represents.,Ramani kamili ingebidi iwe na ukubwa kama wa eneo inayowakilisha.,Tatoeba,https://tatoeba.org/en/sentences/584946
1305,A warehouse full of illegal fireworks blew up and destroyed a whole city block.,Ghala lililojaa vibaka vya moto visivyo halali lililipuka na kuharibu jiji lote.,Tatoeba,https://tatoeba.org/en/sentences/588141
1306,The wife stood up from her chair. She then looked at the door.,Mke akasimama kutoka kwa kiti chake. Kisha akatazama mlango.,Tatoeba,https://tatoeba.org/en/sentences/596276
1307,There were three buttons on the lower back of the robot.,Kulikuwa na vitufe vitatu sehemu ya chini nyuma ya roboti.,Tatoeba,https://tatoeba.org/en/sentences/596284
1308,"As I entered the coffee bar, I found two young men watching a wrestling match on television.","Nilipoingia kwenye mkahawa, nilipata vijana wawili wakitazama mechi ya matambara kwenye runinga.",Tatoeba,https://tatoeba.org/en/sentences/598724
1309,The room was jam-packed with reporters waiting for the press conference to begin.,Chumba kilijaa waandishi wakingojea mkutano wa waandishi kuanza.,Tatoeba,https://tatoeba.org/en/sentences/601985
1310,A relationship based on total honesty is bound to fail.,Mahusiano yanayotegenea zaidi uaminifu mara nyingi hayadumu.,Tatoeba,https://tatoeba.org/en/sentences/603592
1311,"Rise and shine, Johnny! Time to go to school.","Amka na ung'ae, Johhny! Ni muda wa kwenda shule.",Tatoeba,https://tatoeba.org/en/sentences/605142
1312,At seven I'll be back.,Saa saba nitakuwa nimerejea.,Tatoeba,https://tatoeba.org/en/sentences/605540
1313,"He didn't waste a single minute, thinking constantly about how to survive and how to improve his condition.","Hakupoteza hata dakika moja, akiwaza kila wakati kuhusu jinsi ya kuishi na jinsi ya kuboresha hali yake.",Tatoeba,https://tatoeba.org/en/sentences/607640
1314,A fool always finds a greater fool to admire him.,Mpumbavu kila wakati hupata mpumbavu zaidi wa kumvutia.,Tatoeba,https://tatoeba.org/en/sentences/608105
1315,We want complete sentences.,Tunataka misemwa inayoenea.,Tatoeba,https://tatoeba.org/en/sentences/611372
1316,The operation was really touch and go there for awhile but the doctor thinks he'll pull through.,Upasuaji ulikuwa wa hatari kwa muda kidogo lakini daktari anadhania kuwa atapona.,Tatoeba,https://tatoeba.org/en/sentences/612228
1317,All license number plates of all countries are different.,Nambari zote za leseni za nchi zote ni tofauti.,Tatoeba,https://tatoeba.org/en/sentences/612635
1318,G'day.,Siku njema.,Tatoeba,https://tatoeba.org/en/sentences/612636
1319,"Sooner or later, every parent has to have a talk with their children about the birds and the bees.","Punde si punde, kila mzazi atabidi azungumze na watoto wake kuhusu ndege na nyuki.",Tatoeba,https://tatoeba.org/en/sentences/615406
1320,We've just received intelligence that the enemy is waiting in ambush two miles down the road.,Tumepokea habari kuwa adui anasubiri kutushambulia umbali wa maili mbili.,Tatoeba,https://tatoeba.org/en/sentences/619776
1321,My therapist told me to go to a bar and strike up a conversation with a complete stranger.,Dakatari wangu aliniambia niende kwenye baa nianzishe mazungumzo na mtu nisiyemjua kamwe.,Tatoeba,https://tatoeba.org/en/sentences/620087
1322,Please remain seated until the aircraft arrives at the gate.,Tafadhali endelea kukaa mpaka ndege ifike kwenye lango.,Tatoeba,https://tatoeba.org/en/sentences/621877
1323,They come from Sweden.,Wanatoka Uswidi.,Tatoeba,https://tatoeba.org/en/sentences/622193
1324,"Just because it's in Tatoeba.org's database, doesn't mean it's a sentence.","Kwa sababu tu inapatikana katika kazi ya data ya Tatoeba.org, haimaanishi ni sentensi.",Tatoeba,https://tatoeba.org/en/sentences/625903
1325,"Mr Smith said, ""There's no need for the Marines.""","Bwana Smith alisema, ""Hakuna haja ya mabaharia.""",Tatoeba,https://tatoeba.org/en/sentences/627763
1326,She wrapped the gift in white tissue paper and put a big red bow on top.,Alifunga zawadi hiyo kwenye karatasi nyeupe na kuweka upinde mkubwa nyekundu juu.,Tatoeba,https://tatoeba.org/en/sentences/628069
1327,"In Japan, practically every family has a washing machine.","Huko Japani, kila familia ina mashine ya kufua nguo.",Tatoeba,https://tatoeba.org/en/sentences/629237
1328,"At the market, the farmer is selling his farmer's bread.","Katika soko, mkulima anauza mkate wa mkulima wake.",Tatoeba,https://tatoeba.org/en/sentences/630159
1329,I don't think people should make a mountain of a mole hill.,Sidhani Kama watu wanapaswa kutengeneza fuko la kilima.,Tatoeba,https://tatoeba.org/en/sentences/635045
1330,Such is life.,Maisha huwa hivyo.,Tatoeba,https://tatoeba.org/en/sentences/638732
1331,"Sir, that CD is available only by special order.","Bwana, CD hiyo inapatikana tu kwa agizo maalum.",Tatoeba,https://tatoeba.org/en/sentences/640835
1332,Darn!,Boresha!,Tatoeba,https://tatoeba.org/en/sentences/643316
1333,One doesn't count the teeth of a gift horse.,Mtu hahesabu meno ya farasi wa zawadi.,Tatoeba,https://tatoeba.org/en/sentences/647593
1334,He was in a traffic accident.,Alikuwa katika ajali ya trafiki.,Tatoeba,https://tatoeba.org/en/sentences/651521
1335,I was nine years old when I asked my mom if Santa Claus really existed.,Nilikuwa na umri wa miaka tisa wakati nilimuuliza mama yangu ikiwa Santa Claus alikuwepo?,Tatoeba,https://tatoeba.org/en/sentences/652440
1336,The difference between man and animal nowadays has more or less to do with clothing.,Tofauti kati ya mwanadamu na wanyama siku hizi inahusiana zaidi na mavazi.,Tatoeba,https://tatoeba.org/en/sentences/660393
1337,Reading books is a habit of mine.,Kusoma vitabu ni uraibu wangu.,Tatoeba,https://tatoeba.org/en/sentences/662596
1338,It might snow this evening.,Theluji inaweza kutokea leo jioni.,Tatoeba,https://tatoeba.org/en/sentences/662696
1339,The amount of people on Facebook is greater than the population of the United States of America.,Kiasi cha watu kwenye Facebook ni kubwa kuliko idadi ya watu wa Amerika.,Tatoeba,https://tatoeba.org/en/sentences/666446
1340,A lie can travel halfway around the world while the truth is putting on its shoes.,Uongo unaweza kusafiri nusu ya ulimwengu wakati ukweli unavalia tu kiatu chake.,Tatoeba,https://tatoeba.org/en/sentences/667961
1341,The difference between the right word and almost the right word is the difference between lightning and the lightning bug.,Tofauti kati ya neno linalofaa na neno lililokaribiria kufaa ni tofauti kati ya umeme na tatizo la umeme.,Tatoeba,https://tatoeba.org/en/sentences/667975
1342,Thank you for the generous invitation but we don't want to wear out our welcome.,Asante kwa mwaliko mkubwa lakini hatutaki kuharibu kukaribishwa kwetu.,Tatoeba,https://tatoeba.org/en/sentences/671648
1343,You are children.,Nyinyi ni watoto.,Tatoeba,https://tatoeba.org/en/sentences/671725
1344,"Each day is a little life: every waking and rising a little birth, every fresh morning a little youth, every going to rest and sleep a little death.","Kila siku ni maisha kidogo: kila kuamka na kulala kuzaliwa kidogo, kila asubuhi safi ujana mdogo, kila kwenda kupumzika na kulala kifo kidogo.",Tatoeba,https://tatoeba.org/en/sentences/678626
1345,"The true soldier fights not because he hates what is in front of him, but because he loves what is behind him.","Askari wa kweli anapigana sio kwa sababu anachukia yaliyo mbele yake, lakini kwa sababu anapenda kile kilicho nyuma yake.",Tatoeba,https://tatoeba.org/en/sentences/678756
1346,Elvis has left the building.,Elvis ameondoka kwenye jengo hilo.,Tatoeba,https://tatoeba.org/en/sentences/679472
1347,The radio didn't inform about the accident.,Radio haikutanga kuhusu ajali hiyo.,Tatoeba,https://tatoeba.org/en/sentences/679984
1348,Seattle has a very wet climate.,Mji wa Seattle una hali ya hewa ya unyevunyevu.,Tatoeba,https://tatoeba.org/en/sentences/680524
1349,The employees need to cooperate to lower expenses.,Wafanyakazi wanahitaji kushirikiana kupunguza gharama.,Tatoeba,https://tatoeba.org/en/sentences/680581
1350,"I'd describe him as a middle-aged man in a yellow jacket, orange tie and a pink shirt.","Ningemelezea kama mtu wa umri wa kati aliyevaa koti ya manjano, tai ya rangi ya machungwa na shati la rangi ya pinki.",Tatoeba,https://tatoeba.org/en/sentences/680671
1351,This machine can dig giant holes.,Mashine hii inaweza kuchimba mashimo makubwa.,Tatoeba,https://tatoeba.org/en/sentences/680690
1352,"In the United States, it takes a minimum of eight years of college to become a medical doctor.","Huko Amerika, inachukua angalau miaka minane katika chuo kikuu ili uwe daktari wa matibabu.",Tatoeba,https://tatoeba.org/en/sentences/680728
1353,There's an extra charge at the hotel for Internet access.,Kuna malipo ya ziada katika hoteli ya kupata mtandao.,Tatoeba,https://tatoeba.org/en/sentences/680910
1354,Base jumping is an extreme sport.,Kuruka kwa msingi ni mchezo uliokithiri.,Tatoeba,https://tatoeba.org/en/sentences/680919
1355,The final piece was placed in the puzzle.,Kipande cha mwisho kiliwekwa kwenye fumbo.,Tatoeba,https://tatoeba.org/en/sentences/680955
1356,You're covering the same ground. We already talked about this.,Unafanya mambo yale yale. Tayari tulizungumzia haya.,Tatoeba,https://tatoeba.org/en/sentences/681106
1357,The young couple included their parents among their Thanksgiving guests.,Wanandoa wachanga walijumuisha wazazi wao kwenye wageni wao wa Sherehe.,Tatoeba,https://tatoeba.org/en/sentences/681199
1358,I just received a message that the meeting has been canceled.,Nimepata ujumbe sasa hivi kuwa mkutano umefutwa.,Tatoeba,https://tatoeba.org/en/sentences/681460
1359,It is illegal to sell cigarettes to a minor.,Ni haramu kuuza sigara kwa mtoto mdogo.,Tatoeba,https://tatoeba.org/en/sentences/681486
1360,Officers of the navy wear white uniforms.,Maafisa wa jeshi la wanamaji huvalia sare nyeupe.,Tatoeba,https://tatoeba.org/en/sentences/681553
1361,Several soldiers were injured in the offensive.,Wanajeshi kadhaa waliumia katika mashambulizi.,Tatoeba,https://tatoeba.org/en/sentences/681613
1362,The soldier received official permission to leave.,Askari alipokea ruhusa rasmi ya kuondoka.,Tatoeba,https://tatoeba.org/en/sentences/681628
1363,"In some states, judges are elected officials.","Katika baadhi ya majimbo, majaji ni maafisa waliochaguliwa.",Tatoeba,https://tatoeba.org/en/sentences/681629
1364,The parade included six marching bands.,Gwaride ilijumuisha bendi sita za kutembea.,Tatoeba,https://tatoeba.org/en/sentences/681685
1365,Are you allergic to any plants?,"Je, una mzio kwa mimea yoyote?",Tatoeba,https://tatoeba.org/en/sentences/681739
1366,"If you plant an apple seed, it might grow into a tree.","Ikiwa unapanda mbegu ya tofaa, inawezakua mti.",Tatoeba,https://tatoeba.org/en/sentences/681742
1367,Can you point me in the right direction?,Unaweza kunionyesha elekeo halisi?,Tatoeba,https://tatoeba.org/en/sentences/681751
1368,"In the United States, most goods still travel by railroad.","Nchini Marekani, bidhaa nyingi bado zinasafirishwa kwa reli.",Tatoeba,https://tatoeba.org/en/sentences/681838
1369,Perfect diamonds are extremely rare jewels.,Almasi kamili ni Vito ghali sana.,Tatoeba,https://tatoeba.org/en/sentences/681842
1370,I hired a professional to repair the stove.,Niliajiri mtaalamu kukarabati jiko.,Tatoeba,https://tatoeba.org/en/sentences/681896
1371,The view of the ocean from the road was spectacular.,Mandhari ya bahari kutoka kwa barabara ulikuwa maridadi.,Tatoeba,https://tatoeba.org/en/sentences/681955
1372,The silence in the library was disturbed by the ringing of a cell phone.,Ukimya ulikuwepo kwenye maktaba uliaribiwa na muito wa simu ya rununu.,Tatoeba,https://tatoeba.org/en/sentences/682030
1373,California was the 31st state admitted to the United States.,California lilikuwa jimbo la 31 lililokubaliwa Marekani.,Tatoeba,https://tatoeba.org/en/sentences/682066
1374,Lightning can occur during a storm.,Radi inaweza kutokea wakati wa dhoruba.,Tatoeba,https://tatoeba.org/en/sentences/682083
1375,The road stays straight for the next 50 miles.,Barabara imenyooka kwa maili 50 inayofuata.,Tatoeba,https://tatoeba.org/en/sentences/682086
1376,"I am five feet, two inches tall.","Nina urefu wa futi tano, inchi mbili.",Tatoeba,https://tatoeba.org/en/sentences/682124
1377,You need technical knowledge to understand how this system works.,Unahitaji kuwa na maarifa ya kiufundi ili kuelewa jinsi mfumo huu unavyofanya kazi.,Tatoeba,https://tatoeba.org/en/sentences/682142
1378,Terrorists attacked the World Trade Center in New York City in 2001.,Magaidi walishambulia Kituo cha Biashara Ulimwenguni huko New York City mnamo 2001.,Tatoeba,https://tatoeba.org/en/sentences/682164
1379,The United States has close ties to Mexico.,Amerika ina uhusiano wa karibu na Mexico.,Tatoeba,https://tatoeba.org/en/sentences/682187
1380,It is illegal in the United States for law enforcement to use torture to get information.,Ni kinyume cha sheria nchini Amerika kwa kutekeleza sheria kutumia mateso kupata habari.,Tatoeba,https://tatoeba.org/en/sentences/682201
1381,There has been a large increase in trade between the United States and China.,Kumekuwa na ongezeko kubwa la biashara kati ya Amerika na Uchina.,Tatoeba,https://tatoeba.org/en/sentences/682216
1382,It is an act of treason to sell military secrets to your country's enemies.,Ni kitendo cha uhaini kuuza siri za kijeshi kwa maadui wa nchi yako.,Tatoeba,https://tatoeba.org/en/sentences/682227
1383,The witness did not seem nervous when he spoke at the trial.,Shahidi huyo hakuonekana kuwa na wasiwasi wakati alipozungumza kwenye kesi hiyo.,Tatoeba,https://tatoeba.org/en/sentences/682238
1384,"In the United States, a wave means ""goodbye.""","Nchini Amerika, wimbi linamaanisha ""kwaheri.""",Tatoeba,https://tatoeba.org/en/sentences/682376
1385,The hotel provided a wire in the bathroom for hanging wet clothes.,Hoteli ilitoa waya bafuni kwa kuanika nguo baridi.,Tatoeba,https://tatoeba.org/en/sentences/682448
1386,"The world's largest zoo is in Berlin, Germany.","Mbuga kubwa sana ya wanyama iko Berlin, Ujerumani.",Tatoeba,https://tatoeba.org/en/sentences/682521
1387,The killer confessed his terrible act.,Muuaji alikiri matendo yake maovu.,Tatoeba,https://tatoeba.org/en/sentences/682570
1388,There is a custom of eating rice cakes for New Year's in Japan.,Kuna desturi ya kula mikate ya mchele kwa Mwaka Mpya huko Japan.,Tatoeba,https://tatoeba.org/en/sentences/684676
1389,Where can I mail these letters?,Ni wapi naweza kuzituma barua hizi.,Tatoeba,https://tatoeba.org/en/sentences/687592
1390,Why are you drinking water?,Mbona unanywa maji?,Tatoeba,https://tatoeba.org/en/sentences/687774
1391,Will you check the tires?,Utaangalia tairi?,Tatoeba,https://tatoeba.org/en/sentences/687800
1392,The entire mountain changes color in autumn.,Mlima mzima hubadilisha rangi msimu wa vuli.,Tatoeba,https://tatoeba.org/en/sentences/690424
1393,"Had she been alive, my mother would have given me a hand then.","Angalikuwa hai, mamangu angenisaidia.",Tatoeba,https://tatoeba.org/en/sentences/696061
1394,"The studio is very small, with no place to hide.","Studio ni ndogo, na hakuna mahali pa kujificha.",Tatoeba,https://tatoeba.org/en/sentences/697773
1395,He is responsible for it.,Ni kazi yake.,Tatoeba,https://tatoeba.org/en/sentences/700339
1396,She is responsible for it.,Ni kazi yake.,Tatoeba,https://tatoeba.org/en/sentences/700357
1397,What is this thing used for?,Kazi yake nini kitu hiki?,Tatoeba,https://tatoeba.org/en/sentences/700373
1398,I have succeeded in doing it.,Nimepata kufanya.,Tatoeba,https://tatoeba.org/en/sentences/700379
1399,I have done it.,Nimepata kufanya.,Tatoeba,https://tatoeba.org/en/sentences/700380
1400,"The joke about the chicken crossing the road to get to the other side is an example of ""anti-humor"": meant to be funny because, on the surface, it is not.","Utani kuhusu kuku wanaovuka barabara kuenda upande mwingine ni mfano wa ""uto-ucheshi"": ulimaanisha kuwa wa kuchekesha kwa sababu, kijuujuu, sio.",Tatoeba,https://tatoeba.org/en/sentences/700654
1401,Colorless green ideas sleep furiously.,Mawazo ya kijani yasiyokamili yanalala hoi.,Tatoeba,https://tatoeba.org/en/sentences/702472
1402,It's a pretty house.,Ni nyumba nzuri.,Tatoeba,https://tatoeba.org/en/sentences/703133
1403,"I'm sorry, but I have to go to the gym.","Samahani, lakini lazima niende kwenye mazoezi.",Tatoeba,https://tatoeba.org/en/sentences/703149
1404,"That man has hit bottom: his wife has left him, he's lost his job, and he's an alcoholic. The worst is that I know him--he used to be my boss five years ago.","Mtu huyo amepiga chini: mkewe amemwacha, amepoteza kazi, na yeye ni mlevi. Mbaya zaidi ni kwamba ninamjua - alikuwa bwana wangu miaka mitano iliyopita.",Tatoeba,https://tatoeba.org/en/sentences/703339
1405,The world is a grand ball in which everyone wears a mask.,Ulimwengu ni mpira mzuri ambao kila mtu amevaa kofia.,Tatoeba,https://tatoeba.org/en/sentences/705417
1406,"There, there. It's all better now.","Hapo, hapo. Ni afadhali kwa sasa.",Tatoeba,https://tatoeba.org/en/sentences/707472
1407,My pen is new.,Kalamu changu ni mpya.,Tatoeba,https://tatoeba.org/en/sentences/710914
1408,He met his end in a rusty bear trap.,Alikutana na mwisho wake katika mtego wa kubeba kutu.,Tatoeba,https://tatoeba.org/en/sentences/712332
1409,This is my cat.,Hii paka ni yangu.,Tatoeba,https://tatoeba.org/en/sentences/712344
1410,The police are checking up on the bomb threats.,Polisi wanaangalia vitisho vya bomu.,Tatoeba,https://tatoeba.org/en/sentences/712852
1411,My train leaves at six o'clock and arrives there at ten o'clock.,Treni yangu inaondoka saa sita na kufika hapo saa kumi.,Tatoeba,https://tatoeba.org/en/sentences/714280
1412,"People crushed by law, have no hopes but from power. If laws are their enemies, they will be enemies to laws; and those who have much to hope and nothing to lose, will always be dangerous.","Watu waliokandamizwa na sheria, hawana tumaini ila kutoka kwa mamlaka. Ikiwa sheria ni maadui wao, watakuwa adui wa sheria; na wale ambao wana tumaini kubwa na hakuna cha kupoteza, daima watakuwa hatari.",Tatoeba,https://tatoeba.org/en/sentences/714835
1413,She's a few fries short of a Happy Meal.,Amebakisha vibanzi vichache apate chakula kamili.,Tatoeba,https://tatoeba.org/en/sentences/715321
1414,He was sent to prison for armed robbery.,Alipelekwa gerezani kwa wizi wa kutumia silaha.,Tatoeba,https://tatoeba.org/en/sentences/715583
1415,Samantha has arrived.,Samantha ashafika.,Tatoeba,https://tatoeba.org/en/sentences/719434
1416,The trade agreement must provide a level playing field in which to compete.,Makubaliano ya biashara lazima yaoneshe kiwango cha uga maalum unaoendana na ushindani.,Tatoeba,https://tatoeba.org/en/sentences/719937
1417,Is there a washing machine in the house?,"Je, kuna mashine ya kufulia nyumbani?",Tatoeba,https://tatoeba.org/en/sentences/726353
1418,I wonder if Prince William lets anyone call him Bill.,Nashangaa ikiwa mwana wa Mfalme William anamruhusu mtu yeyote kumwita Bill.,Tatoeba,https://tatoeba.org/en/sentences/727114
1419,I felt ill.,Nilijisikia vibaya.,Tatoeba,https://tatoeba.org/en/sentences/729621
1420,"He is not just kind, but honest too.","Yeye si mwenye fadhili tu, lakini mwaminifu pia.",Tatoeba,https://tatoeba.org/en/sentences/733675
1421,The life lesson: giving people the benefit of the doubt can further your career and personal relationships!,Somo la maisha: kuwapa watu faida ya shaka kunaweza kukuza kazi yako na uhusiano wa kibinafsi!,Tatoeba,https://tatoeba.org/en/sentences/739444
1422,Do not do unto others what you do not want others do unto you.,Usiwafanyie wengine usichotaka kufanyiwa.,Tatoeba,https://tatoeba.org/en/sentences/739833
1423,Let's eat out tonight!,Twende tukale kwenye mgahawa.,Tatoeba,https://tatoeba.org/en/sentences/742090
1424,"It's not exactly a hot spot, it's more of a dive bar.","Sio mahali pa hatari kabisa, ni kama baa za kuruka.",Tatoeba,https://tatoeba.org/en/sentences/742231
1425,"In order to give him a surprise on his birthday, I prepared a fantastic cake.","Ili kumshangaza kwenye siku yake ya kuzaliwa, nilimuandalia keki nzuri sana.",Tatoeba,https://tatoeba.org/en/sentences/742922
1426,Professional writers do not have a regular income.,Waandishi wa kitaalam hawana mapato ya kawaida.,Tatoeba,https://tatoeba.org/en/sentences/742941
1427,"As much as 90 percent of happiness comes from elements such as attitude, life control and relationships.","Asilimia 90 ya furaha hutoka kwa vitu kama vile fikra, udhibiti wa maisha na uhusiano.",Tatoeba,https://tatoeba.org/en/sentences/743079
1428,"Please, don't be noisy.","Tafadhali, usipige kelele.",Tatoeba,https://tatoeba.org/en/sentences/749515
1429,A journey of a thousand miles begins with a single step.,Safari ya maili elfu moja huanza kwa hatua moja.,Tatoeba,https://tatoeba.org/en/sentences/750937
1430,Do you know this lady?,"Je, unajua mwanamke huyu?",Tatoeba,https://tatoeba.org/en/sentences/754967
1431,What's your profession?,Unafanya kazi gani?,Tatoeba,https://tatoeba.org/en/sentences/755336
1432,My old English teacher is certainly rolling in her grave right now.,Kwa kweli mwalimu wangu wa zamani wa Kiingereza anaganda kaburini mwake.,Tatoeba,https://tatoeba.org/en/sentences/758416
1433,Your five o’clock shadow is hurting the environment.,Kivuli chako cha saa tano kinaumiza mazingira.,Tatoeba,https://tatoeba.org/en/sentences/758544
1434,"With the arrival of winter, the leaves on the trees fall down.","Msimu wa baridi unapofika, majani ya miti kuanguka chini.",Tatoeba,https://tatoeba.org/en/sentences/758819
1435,I felt bad.,Nilijisikia vibaya.,Tatoeba,https://tatoeba.org/en/sentences/761881
1436,Would you mind putting a link on your web page to our company's web site?,"Je, unaweza kuweka kiunga kwenye ukurasa wako wa wavuti kwenye wavuti ya kampuni yetu?",Tatoeba,https://tatoeba.org/en/sentences/764791
1437,Nobody knows the truth.,Hakuna anayejua ukweli.,Tatoeba,https://tatoeba.org/en/sentences/770140
1438,The alert witness recognized the criminal.,Shahidi wa tahadhari alimtambua mhalifu.,Tatoeba,https://tatoeba.org/en/sentences/772784
1439,"If you know a lot, you can become anyone.","Ikiwa unajua mengi, unaweza kuwa mtu yeyote una taka.",Tatoeba,https://tatoeba.org/en/sentences/772904
1440,I like to eat.,Napenda kula.,Tatoeba,https://tatoeba.org/en/sentences/773320
1441,Who is this man?,Mtu huyu ni nani?,Tatoeba,https://tatoeba.org/en/sentences/773353
1442,It's not that simple.,Si rahisi hivyo.,Tatoeba,https://tatoeba.org/en/sentences/777268
1443,These young people are talking loudly amongst themselves and have absolutely no regard for those around them.,Vijana hawa wanaongea kwa sauti ya juu miongoni mwao na hawajali kabisa wale walio karibu nao.,Tatoeba,https://tatoeba.org/en/sentences/779582
1444,"Luckily, we found an escape route.","Kwa bahati nzuri, tulipata njia ya kutoroka.",Tatoeba,https://tatoeba.org/en/sentences/781482
1445,The tip of the knife blade is sharp.,Ncha ya kisu ni kali.,Tatoeba,https://tatoeba.org/en/sentences/781592
1446,To better understand what a company’s culture is you should consider the following points and see how the company deals with them.,Ili kuelewa vizuri utamaduni wa kampani fulani unapaswa kuzingatia vidokezo vifuatavyo na uone jinsi kampani hiyo inavyovishughulikia.,Tatoeba,https://tatoeba.org/en/sentences/785287
1447,Dry leaves float on the water's surface.,Majani makavu huelea juu ya maji.,Tatoeba,https://tatoeba.org/en/sentences/785463
1448,The price that the famous pay for their celebrity is a lack of privacy.,Bei ambayo watu maarufu hulipia umaarufu wao ni ukosefu wa faragha.,Tatoeba,https://tatoeba.org/en/sentences/789431
1449,"In Italy, during summer, it doesn't get dark until about nine o'clock.","Huko Italia, wakati wa msimu wa joto, hukukui na giza hadi saa tatu usiku.",Tatoeba,https://tatoeba.org/en/sentences/792248
1450,Perhaps the illness is cured through medical treatment.,Labda ugonjwa huo huponywa kupitia matibabu.,Tatoeba,https://tatoeba.org/en/sentences/794763
1451,It is dreadful that a nuclear crisis has hit Japan.,Ni jambo lenye kutisha kwamba mzozo wa nyuklia umeikumba Japan.,Tatoeba,https://tatoeba.org/en/sentences/794852
1452,"Thus, p is the case if and only if q is the case.","Kwa hivyo, p ipo ikiwa tu q ipo.",Tatoeba,https://tatoeba.org/en/sentences/799156
1453,She was looking for the keys in her purse when he attacked her.,Alikuwa akitafuta funguo kwenye mfuko wake walipomshambulia.,Tatoeba,https://tatoeba.org/en/sentences/799849
1454,There is a fixed standard in the king's principles.,Kuna kiwango fulani katika kanuni za mfalme.,Tatoeba,https://tatoeba.org/en/sentences/801657
1455,They organized a state army.,Wapanga jeshi ya serikali.,Tatoeba,https://tatoeba.org/en/sentences/802197
1456,They stole horses and cattle.,Waliiba farasi na ng'ombe.,Tatoeba,https://tatoeba.org/en/sentences/802204
1457,They handed Anderson a short note.,Walimpa Anderson barua fupi.,Tatoeba,https://tatoeba.org/en/sentences/802351
1458,They accused him of being part of the plot.,Wakamshutumu kuwa ni sehemu ya njama hiyo.,Tatoeba,https://tatoeba.org/en/sentences/802465
1459,They took no part in the social revolution.,Hawakuhusika katika mapinduzi ya kijamii.,Tatoeba,https://tatoeba.org/en/sentences/802476
1460,They wanted Hawaii to be part of the United States.,Walitaka Hawaii iwe sehemu ya Marekani.,Tatoeba,https://tatoeba.org/en/sentences/802682
1461,They attacked soldiers who were sent to arrest them.,Walishambulia askari waliotumwa kuwakamata.,Tatoeba,https://tatoeba.org/en/sentences/802688
1462,They accused the president of not caring about the common man.,Walimshtaki Rais kwa kutojali maslahi ya mwananchi wa kawaida.,Tatoeba,https://tatoeba.org/en/sentences/802812
1463,He joined the United States Navy.,Alijiunga na Jeshi la Wanamaji la Amerika.,Tatoeba,https://tatoeba.org/en/sentences/803054
1464,He was known to the English as King Philip.,Alijulikana kwa Mwingereza kama Mfalme Filipo.,Tatoeba,https://tatoeba.org/en/sentences/803232
1465,He began to work to get Congress to reduce taxes.,Alianza kufanya kazi kuifanya bunge ipunguze ushuru.,Tatoeba,https://tatoeba.org/en/sentences/803300
1466,The British captured Breed's Hill.,Waingereza waliteka kilima cha wafugaji.,Tatoeba,https://tatoeba.org/en/sentences/804059
1467,The British forces were ordered to seize the weapons.,Vikosi vya Uingereza viliamriwa kuchukua silaha.,Tatoeba,https://tatoeba.org/en/sentences/804080
1468,"In 1764, the British Parliament approved the Sugar Act.","Mwaka wa 1764, Bunge la Uingereza liliidhinisha Sheria ya sukari.",Tatoeba,https://tatoeba.org/en/sentences/804083
1469,The British ship was captured and brought to the United States.,Meli ya Uingereza ilikamatwa na kuletwa Amerika.,Tatoeba,https://tatoeba.org/en/sentences/804098
1470,The Allies continued to build up their forces in France.,Miungano iliendelea kujenga wanajeshi wao nchini Ufaransa.,Tatoeba,https://tatoeba.org/en/sentences/804117
1471,The German army made a final effort to defeat the Allies.,Jeshi la Wajerumani lilifanya juhudi za mwisho kuwashinda Maadui wao.,Tatoeba,https://tatoeba.org/en/sentences/804118
1472,The situation could only be settled by war.,Hali hii inaweza tu kutulizwa na vita.,Tatoeba,https://tatoeba.org/en/sentences/804226
1473,Japan wanted to end any Russian threat to Korea.,Japan ilitaka kumaliza tishio lolote la Urusi kwa Korea.,Tatoeba,https://tatoeba.org/en/sentences/804253
1474,The Emperor agreed to drop the demand for money.,Mtawala alikubali kupunguza mahitaji ya pesa.,Tatoeba,https://tatoeba.org/en/sentences/804360
1475,Six hundred thousand men were killed or wounded.,Wanaume elfu sita waliuawa au kujeruhiwa.,Tatoeba,https://tatoeba.org/en/sentences/804397
1476,Huge numbers of soldiers and civilians were killed.,Idadi kubwa ya askari na raia waliuawa.,Tatoeba,https://tatoeba.org/en/sentences/804399
1477,Most Americans agreed with President Wilson.,Wamarekani wengi walikubaliana na Rais Wilson.,Tatoeba,https://tatoeba.org/en/sentences/805271
1478,The soldiers on the boats would be easy targets.,Askari kwenye mashua watakuwa malengo rahisi.,Tatoeba,https://tatoeba.org/en/sentences/805362
1479,Santa Ana's army was destroyed.,Jeshi la Santa Ana liliangamizwa.,Tatoeba,https://tatoeba.org/en/sentences/805369
1480,Douglas finally agreed to talk with Lincoln.,"Hatimaye, Douglas aliamua kuzungumuza na Lincoln.",Tatoeba,https://tatoeba.org/en/sentences/805440
1481,President Lincoln wrote all five of these documents.,Rais Lincoln aliandika hati zote hizi tano.,Tatoeba,https://tatoeba.org/en/sentences/805451
1482,The trip west was hard.,Safari ya magharibi ilikuwa ngumu.,Tatoeba,https://tatoeba.org/en/sentences/806841
1483,Spain controlled Florida.,Spain ilidhibiti Florida.,Tatoeba,https://tatoeba.org/en/sentences/806899
1484,Harrison's health grew worse.,Afya ya Harrison inaendelea kuwa mbaya.,Tatoeba,https://tatoeba.org/en/sentences/807005
1485,Hooker was extremely pleased.,Malaya alifurahishwa Sana.,Tatoeba,https://tatoeba.org/en/sentences/807008
1486,"Suddenly, there were gunshots.","Ghafla, kulikuwa na milio ya bunduki.",Tatoeba,https://tatoeba.org/en/sentences/807067
1487,Andrew became active in politics.,Andrew alijihusisha na siasa.,Tatoeba,https://tatoeba.org/en/sentences/807136
1488,Swing music was a new form of jazz.,Muziki wa swing ilikuwa aina mpya ya jazz.,Tatoeba,https://tatoeba.org/en/sentences/807234
1489,A mighty cheer burst from the crowd.,Shangwe kubwa ziliibuka kutoka kwa umati.,Tatoeba,https://tatoeba.org/en/sentences/807250
1490,A blood vessel burst inside his brain.,Mshipa wa damu ilipasuka ndani ya ubongo wake.,Tatoeba,https://tatoeba.org/en/sentences/807311
1491,"Five days later, President Taylor died.","Siku tano baadaye, Rais Taylor aliaga.",Tatoeba,https://tatoeba.org/en/sentences/807351
1492,Grant refused to give them a firm promise.,Grant alikataa kuwapa kuwapa ahadi ya uhakika.,Tatoeba,https://tatoeba.org/en/sentences/807444
1493,Cleveland was not sure the boy was his son.,Cleveland hakuwa na hakika kwamba kijana huyo ni mwana wake.,Tatoeba,https://tatoeba.org/en/sentences/807464
1494,"Within one year, the stock market collapsed.","Ndani ya mwaka mmoja, soko la hisa lilishuka.",Tatoeba,https://tatoeba.org/en/sentences/807521
1495,The two sides finally agreed on a compromise.,Pande zote mbili hatimaye zilikubaliana kuhusu upatanisho.,Tatoeba,https://tatoeba.org/en/sentences/807539
1496,The troops would protect trains carrying mail.,Wanajeshi wangelinda treni zilizobeba barua.,Tatoeba,https://tatoeba.org/en/sentences/807574
1497,Marilyn Monroe's success did not make her happy.,Mafanikio ya Marilyn Monroe hayakumfanya awe mwenye furaha.,Tatoeba,https://tatoeba.org/en/sentences/807621
1498,His father had served as a United States senator.,Baba yake alikuwa amehudumu kama seneta wa Amerika.,Tatoeba,https://tatoeba.org/en/sentences/807645
1499,The Supreme Court ruled that the law was illegal.,Mahakama ya Juu zaidi iliamua kuwa sheria hiyo siyo halali.,Tatoeba,https://tatoeba.org/en/sentences/807671
1500,In the wagon were a few tools and some extra guns.,Kwenye mkokoteni kulikuwa na vifaa vichache na bunduki za ziada.,Tatoeba,https://tatoeba.org/en/sentences/807683
1501,This bill was sent to the Senate for its approval.,Muswada huu ulitumwa kwa Seneti kwa idhini yake.,Tatoeba,https://tatoeba.org/en/sentences/807696
1502,Mortal enemies are immortal friends.,Uadui hadi kifo ni urafik iusiofika.,Tatoeba,https://tatoeba.org/en/sentences/809314
1503,"In order to improve the students' attitude to their studies, the school let them start class an hour later.","Ili kuboresha mtazamo wa wanafunzi kwa masomo yao, shule inawaacha waanze darasa saa moja kuchelewa.",Tatoeba,https://tatoeba.org/en/sentences/814219
1504,I come from Colombia.,Ninatoka Kolombia.,Tatoeba,https://tatoeba.org/en/sentences/815844
1505,"Cold and dry, splendid sunshine, what beautiful winter weather!","Baridi na kavu, na jua nzuri, ni hali nzuri ya hewa ya baridi!",Tatoeba,https://tatoeba.org/en/sentences/816085
1506,I wonder whether I can add a sentence simply by pressing the Enter key.,Ninajiuliza ikiwa ninaweza kuongeza sentensi kwa kubonyeza kitufe cha Enter.,Tatoeba,https://tatoeba.org/en/sentences/823550
1507,"Since Janet died, her husband has really gone off the deep end.","Tangu Janet afe, mumewe amezongwa sana na mawazo.",Tatoeba,https://tatoeba.org/en/sentences/836965
1508,Lo and behold!,Alhamdulilahi!,Tatoeba,https://tatoeba.org/en/sentences/839875
1509,Leave your message after hearing the beep.,Acha ujumbe wako baada ya kusikiliza mlio.,Tatoeba,https://tatoeba.org/en/sentences/840149
1510,Do the children go to school?,Watoto wanakwenda shuleni?,Tatoeba,https://tatoeba.org/en/sentences/842632
1511,"If you don't understand, ask.","Usipofahamu, uliza.",Tatoeba,https://tatoeba.org/en/sentences/842801
1512,"If you don't understand, ask.","Usipoelewa, uliza.",Tatoeba,https://tatoeba.org/en/sentences/842801
1513,Your lovely voice was very pleasant to my ears.,Sauti yako ya kupendeza ilikuwa ya kupendeza kwa masikio yangu.,Tatoeba,https://tatoeba.org/en/sentences/842904
1514,"Although he is young, he is very careful.","Ingawaje ni mdogo, ni mwangalifu sana.",Tatoeba,https://tatoeba.org/en/sentences/843958
1515,The students laughed under their breath when they saw that the teacher had put on his sweater backwards.,Wanafunzi walicheka huku wakibana pumzi zao walipoona kwamba mwalimu alikuwa ameweka sweta lake nyuma.,Tatoeba,https://tatoeba.org/en/sentences/844026
1516,The cargo ship arrived four hours early.,Meli ya shehena ilifika masaa manne mapema.,Tatoeba,https://tatoeba.org/en/sentences/846819
1517,Do you enjoy talking?,"Je, unafurahia mazungumzo?",Tatoeba,https://tatoeba.org/en/sentences/847124
1518,He takes the attitude that resistance is a waste of energy.,Anachukua mtazamo kwamba upinzani ni kupoteza juhudi.,Tatoeba,https://tatoeba.org/en/sentences/847184
1519,Science has discovered that there are five types of human beings.,Sayansi imegundua kuwa kuna aina tano za wanadamu.,Tatoeba,https://tatoeba.org/en/sentences/847202
1520,An understanding of people is the greatest weapon you can possess.,Uelewa wa watu ndio silaha muhimu unayofaa kuwa nayo.,Tatoeba,https://tatoeba.org/en/sentences/847204
1521,This part of the tune needs some real skill. It took me ages to learn how to play it on the piano.,Sehemu hii ya muziki inahitaji ustadi fulani wa kweli. Ilinichukua miaka kujifunza jinsi ya kuucheza kwenye piano.,Tatoeba,https://tatoeba.org/en/sentences/851657
1522,He isn't lonely anymore.,Hayuko tena pekee yake.,Tatoeba,https://tatoeba.org/en/sentences/852246
1523,The man is eating bread.,Mwanamume anakula mkate.,Tatoeba,https://tatoeba.org/en/sentences/853262
1524,Sam was able to enter the school's basketball team.,Sam aliweza kuingia kwenye timu ya mpira wa magongo ya shule.,Tatoeba,https://tatoeba.org/en/sentences/855500
1525,When I was young I used to pray for a bike. Then I realized that God doesn't work that way. So I stole a bike and prayed for forgiveness.,Nilipokuwa mchanga nilikuwa nikisali ili nipate baiskeli. Ndipo nikagundua kuwa Mungu hafanyi kazi hivyo. Kwa hivyo niliiba baiskeli na kuomba msamaha.,Tatoeba,https://tatoeba.org/en/sentences/856858
1526,A very brief warning or explanation is enough for an intelligent person.,Onyo fupi sana au maelezo ni ya kutosha kwa mtu mwenye akili.,Tatoeba,https://tatoeba.org/en/sentences/862910
1527,The boy has a huge bump on his head. No wonder he cried so much!,Kijana huyo ana uvimbe kichwani mwake. Ndio maana alilia sana!,Tatoeba,https://tatoeba.org/en/sentences/862966
1528,Why is it that the greatest crime and the greatest glory are to shed a man's blood?,"Je, ni kwa nini uhalifu mkubwa na utukufu mkubwa zaidi ni kumwaga damu ya binadamu?",Tatoeba,https://tatoeba.org/en/sentences/865553
1529,Science without conscience is only the ruin of the soul.,Sayansi bila dhamiri ni uharibifu wa roho tu.,Tatoeba,https://tatoeba.org/en/sentences/868510
1530,The boy is jumping.,Mvulana anaruka.,Tatoeba,https://tatoeba.org/en/sentences/868965
1531,The horse is jumping.,Farasi anaruka.,Tatoeba,https://tatoeba.org/en/sentences/868994
1532,Who is reading?,Nani anasoma?,Tatoeba,https://tatoeba.org/en/sentences/869044
1533,It's a new book.,Ni kitabu kipya.,Tatoeba,https://tatoeba.org/en/sentences/871646
1534,When was he here before?,Alikuwa pale wakati gani?,Tatoeba,https://tatoeba.org/en/sentences/871718
1535,The boss owes several months' salary to the construction workers.,Bosi anadaiwa mshahara wa miezi kadhaa na wafanyikazi wa ujenzi.,Tatoeba,https://tatoeba.org/en/sentences/875596
1536,"I need a spoon, a fork, and a knife. Thank you.","Ninahitaji kijiko, uma na kisu. Asante.",Tatoeba,https://tatoeba.org/en/sentences/875766
1537,It is true that Rosa had a glass of wine.,Ni kweli kwamba Rosa alikuwa na glasi ya divai.,Tatoeba,https://tatoeba.org/en/sentences/875807
1538,It's a Spanish book.,Ni kitabu cha kihispania.,Tatoeba,https://tatoeba.org/en/sentences/875825
1539,"Susan, Juan's sister, is very intelligent.","Susan, dada ya Juan, ana akili sana.",Tatoeba,https://tatoeba.org/en/sentences/875841
1540,Pedro has a motorcycle and loves to ride it.,Pedro ana pikipiki na anapenda kuiendesha.,Tatoeba,https://tatoeba.org/en/sentences/876002
1541,A large crowd of Americans gathered outside the White House to celebrate the death of a human being in the same manner as they would celebrate winning a football game.,Umati mkubwa wa Wamarekani ilikusanyika nje ya Ikulu ya White House kusherehekea kifo cha mwanadamu kwa njia ile ile wangesherehekea kushinda mchezo wa kandanda.,Tatoeba,https://tatoeba.org/en/sentences/876061
1542,I'm pouring some anti-inflammatory cream on my right knee.,Namimina mafuta fulani ya kutibu uvimbe kwenye goti langu la kulia.,Tatoeba,https://tatoeba.org/en/sentences/877400
1543,"If I considered the possibility of catching the flu every time I kiss a girl I don't know, I'd have no luck with the ladies at all.","Ikiwa nilizingatia uwezekano wa kupata mafua kila wakati nikimbusu msichana ambaye sijui, singekuwa na bahati yoyote na wanawake hata kidogo.",Tatoeba,https://tatoeba.org/en/sentences/877827
1544,My job is to know these things.,Kazi yangu ni kujua haya mambo.,Tatoeba,https://tatoeba.org/en/sentences/877830
1545,"Currently, the industry is a good example of an area of depression.","Hivi sasa, viwanda ni mfano mzuri wa eneo la mfadhaiko.",Tatoeba,https://tatoeba.org/en/sentences/877860
1546,The maximum speed reached by the vehicle was 5 kilometers per hour.,Kasi ya juu iliyofikiwa na gari ilikuwa kilomita 5 kwa saa.,Tatoeba,https://tatoeba.org/en/sentences/877923
1547,Lovers who are truly in love do not write down their happiness.,Wapenzi ambao wanapendana kweli hawaandiki chini furaha yao.,Tatoeba,https://tatoeba.org/en/sentences/879697
1548,Is there any reason for that?,"Je, kuna sababu yoyote?",Tatoeba,https://tatoeba.org/en/sentences/879705
1549,"Why is this so, Yusufu?","Kwa nini mambo yanakuwa hivi, Bwana Yusufu?",Tatoeba,https://tatoeba.org/en/sentences/879708
1550,"Yes, there are two important reasons.","Ndiyo, kuna sababu kubwa mbili.",Tatoeba,https://tatoeba.org/en/sentences/879711
1551,"In the first place, women have more free time than men. In the second place, they have fewer things to worry about than men.","Kwanza, wanawake wana wakati mwingi zaidi kuliko wanaume. Pili, wanawake wanafikiri mambo machache zaidi kuliko wanaume.",Tatoeba,https://tatoeba.org/en/sentences/879717
1552,The men go to work.,Wanaume wakakwenda kazini.,Tatoeba,https://tatoeba.org/en/sentences/879720
1553,The men are generally tired when they come back from work.,Wanaume huchoka wakirudi kutoka kazini.,Tatoeba,https://tatoeba.org/en/sentences/879723
1554,"Sometimes they say, ""I can't go to school today. I'll go tomorrow.""","Pengine husema, ""Mimi leo siwezi kwenda shuleni. Nitakwenda kesho.""",Tatoeba,https://tatoeba.org/en/sentences/879726
1555,"In that case, they fall behind.",Kumbe wanachelewa!,Tatoeba,https://tatoeba.org/en/sentences/879730
1556,I've heard that you don't eat green leafy vegetables. You say that it is food for animals.,Nimesikia kuwa hamli mboga za majani kwenu. Mnasema kuwa ni chakula cha wanyama.,Tatoeba,https://tatoeba.org/en/sentences/879752
1557,That's nothing but a lie!,Huo ni uongo mtupu.,Tatoeba,https://tatoeba.org/en/sentences/879755
1558,The people there are not so dumb.,Kule watu wanaelewa.,Tatoeba,https://tatoeba.org/en/sentences/879758
1559,"They know what ""vitamin"" means.",Wanajua maana ya vitamin ni nini.,Tatoeba,https://tatoeba.org/en/sentences/879761
1560,"When you don't eat leafy foods, you can't get vitamins.",Usipokula chakula cha majani huwezi kupata vitamin.,Tatoeba,https://tatoeba.org/en/sentences/879765
1561,I was quite surprised.,Mimi nilistaajabu sana.,Tatoeba,https://tatoeba.org/en/sentences/879768
1562,I was surprised that when I heard that people really don't eat leafy vegetables.,Nilistaajabu niliposikia kuwa kweli watu hawali mboga za majani.,Tatoeba,https://tatoeba.org/en/sentences/879771
1563,That's not true at all.,Hiyo si kweli hata kidogo.,Tatoeba,https://tatoeba.org/en/sentences/879774
1564,"I see that the time is approaching, Yusufu.","Bwana Yusufu, sasa naona wakati unakaribia.",Tatoeba,https://tatoeba.org/en/sentences/879778
1565,I must hurry to catch the train.,Sina budi nikimbilie gari la moshi.,Tatoeba,https://tatoeba.org/en/sentences/879781
1566,Fine. I'd be very happy if you would drop me a line as soon as you get to Mwanza.,Vema. Ningefurahi sana kama ungeniandikia barua mara tu ufikapo Mwanza.,Tatoeba,https://tatoeba.org/en/sentences/879784
1567,Tell me all about the trip you've made.,Unieleze habari zote za safari uliyosafiri.,Tatoeba,https://tatoeba.org/en/sentences/879788
1568,Tell me how you will take the steamer from Mwanza to Bukoba.,Unieleze jinsi utakavyopanda stima kutoka pale Mwanza mpaka Bukoba.,Tatoeba,https://tatoeba.org/en/sentences/879791
1569,"Good bye, and safe trip.",Kwaheri bwana. Safiri salama!,Tatoeba,https://tatoeba.org/en/sentences/879794
1570,"Good bye, and thanks.","Kwaheri bwana, asante!",Tatoeba,https://tatoeba.org/en/sentences/879797
1571,You'll see it for yourself.,Wewe mwenyewe utashuhudia.,Tatoeba,https://tatoeba.org/en/sentences/879800
1572,Ask God that you may visit that country some day.,Omba Mungu uitembelee nchi hiyo siku moja.,Tatoeba,https://tatoeba.org/en/sentences/879803
1573,"""Father, why are you putting on clean clothes?"" ""Because I'm going to church.""","""Baba, kwa nini unavaa nguo safi?"" ""Kwa sababu ninakwenda kanisani.""",Tatoeba,https://tatoeba.org/en/sentences/879846
1574,"""Do you want to go to church with me, Daudi?"" ""No, father. I don't want to today. I'll go by myself tomorrow.""","""Daudi, unataka twende kanisani?"" ""Hapana, baba. Sitaki leo. Nitakwenda kesho peke yangu.""",Tatoeba,https://tatoeba.org/en/sentences/879850
1575,But your mother is going too.,Lakini mama yako anakwenda pia.,Tatoeba,https://tatoeba.org/en/sentences/879854
1576,"Even if I'm going to stay at home by myself, I'm not going any place at all today.","Ijapokuwa nitakaa nyumbani peke yangu, sitakwenda mahali popote siku ya leo.",Tatoeba,https://tatoeba.org/en/sentences/879857
1577,I do not want any bananas at all.,Sitaki ndizi zozote.,Tatoeba,https://tatoeba.org/en/sentences/879860
1578,I do not want any milk at all.,Sitaki maziwa yoyote.,Tatoeba,https://tatoeba.org/en/sentences/879864
1579,I do not want anybody at all.,Sitaki watu wo wote.,Tatoeba,https://tatoeba.org/en/sentences/879867
1580,We did not see a single game.,Hatukuona michezo yo yote.,Tatoeba,https://tatoeba.org/en/sentences/879871
1581,We did not see any children at all.,Hatukuona watoto wo wote.,Tatoeba,https://tatoeba.org/en/sentences/879874
1582,He does not have any relatives at all.,Yeye hana jamaa ye yote.,Tatoeba,https://tatoeba.org/en/sentences/879877
1583,He does not have any friends.,Yeye hana rafiki ye yote.,Tatoeba,https://tatoeba.org/en/sentences/879881
1584,"""I shall go to the market this afternoon. How about you?"" ""No, I will not go.""","""Nitakwenda sokoni mchana. Na wewe je?"" ""La, mimi sitakwenda.""",Tatoeba,https://tatoeba.org/en/sentences/879884
1585,"""I shall buy a new house. How about you?"" ""No, I will not buy one.""","""Nitanunua nyumba mpya. Na wewe je?"" ""La, mimi sitanunua.""",Tatoeba,https://tatoeba.org/en/sentences/879889
1586,"""Juma will pay school fees. How about Hamisi?"" ""No, he will not pay them.""","""Juma atalipa ada ya shule. Na Hamisi je?"" ""La, yeye hatalipa.""",Tatoeba,https://tatoeba.org/en/sentences/879892
1587,"""Juma will help his friends. How about Hamisi?"" ""No, he will not help them.""","""Juma atawasaidia rafiki zake. Na Hamisi je?"" ""La, yeye hatawasaidia.""",Tatoeba,https://tatoeba.org/en/sentences/879895
1588,"""My friends will learn Nyamwezi. How about yours?"" ""No, they will not learn it.""","""Rafiki zangu watajifunza Kinyamwezi. Na wako je?"" ""La, wao hawatajifunza.""",Tatoeba,https://tatoeba.org/en/sentences/879898
1589,"""Will you go to the market with Juma?"" ""No, I shall go alone.""","""Utakwenda sokoni na Juma?"" ""La. Nitakwenda peke yangu.""",Tatoeba,https://tatoeba.org/en/sentences/879902
1590,"""Will Juma go to the market with Hasani?"" ""No, he will go alone.""","""Juma atakwenda sokoni na Hasani?"" ""La. Atakwenda peke yake.""",Tatoeba,https://tatoeba.org/en/sentences/879906
1591,"""Will the children stay at home with their mother?"" ""No, they will stay alone.""","""Watoto watakaa nyumbani na mama yao?"" ""La. Watakaa peke yao.""",Tatoeba,https://tatoeba.org/en/sentences/879909
1592,"""Will the porters come with their master?"" ""No, they will come alone.""","""Wachukuzi watakuja na bwana wao?"" ""La. Watakuja peke yao.""",Tatoeba,https://tatoeba.org/en/sentences/879912
1593,"""Do you want this orange?"" ""No, I don't want any orange at all.""","""Wataka chungwa hili?"" ""Hapana, sitaki chungwa lo lote.""",Tatoeba,https://tatoeba.org/en/sentences/879914
1594,The boy is eating bread.,Mvulana anakula mkate.,Tatoeba,https://tatoeba.org/en/sentences/881343
1595,Sheila and I are old friends.,Sheila na mimi ni marafiki wa zamani.,Tatoeba,https://tatoeba.org/en/sentences/882694
1596,Female drivers are a constant danger.,Madereva wanawake ni hatari.,Tatoeba,https://tatoeba.org/en/sentences/883944
1597,She told some jokes and sang some funny songs at a patient's beside.,Alisimulia utani na kuimba nyimbo za kuchekesha karibu na mgonjwa.,Tatoeba,https://tatoeba.org/en/sentences/884365
1598,"If you find yourself trapped by a bear in the forest, your best bet is to drop to the ground and play dead.","Ikijikuta umeshikwa na dubu msituni, hakika yako bora ni kuanguka chini na kujifanya umekufa.",Tatoeba,https://tatoeba.org/en/sentences/885204
1599,Peter and Emma are just friends. There's nothing between him and her.,Peter na Emma ni marafiki tu. Hakuna kitu kati yake naye.,Tatoeba,https://tatoeba.org/en/sentences/886222
1600,She asked him questions that he couldn't answer.,Alimuuliza swali asiloweza kujibu.,Tatoeba,https://tatoeba.org/en/sentences/886965
1601,She was about to call him up when he walked in the door.,Alikuwa karibu kumuita akienda mlangoni.,Tatoeba,https://tatoeba.org/en/sentences/887520
1602,"The young woman was fighting the deadly illness, her heart full of hope.","Mwanamke huyo mchanga alikuwa akipambana na ugonjwa mbaya, moyo wake ulijaa tumaini.",Tatoeba,https://tatoeba.org/en/sentences/890417
1603,"I bought a green couch yesterday, but I couldn't fit it through the door, so I had to return it.","Nilinunua kitanda cha kijani kibichi jana, lakini sikuweza kukipitishia mlangoni, kwa hivyo ilibidi nirudishe.",Tatoeba,https://tatoeba.org/en/sentences/891162
1604,Life is merely a hospital where patients are possessed with the desire to change beds.,Maisha ni kama hospitali ambapo wagonjwa huwa na hamu ya kubadilisha vitanda.,Tatoeba,https://tatoeba.org/en/sentences/892676
1605,The quick brown fox jumped over the lazy brown dog.,Mbweha wa kahawia mwepesi aliruka juu ya mbwa mzembe wa kahawia.,Tatoeba,https://tatoeba.org/en/sentences/894824
1606,A miracle is an event described by those to whom it was told by people who did not see it.,Muujiza ni tukio lililofafanuliwa na wale ambao waliambiwa na watu ambao hawakuliona.,Tatoeba,https://tatoeba.org/en/sentences/897242
1607,The procedure must be executed correctly and completely.,Utaratibu lazima utekelezwe kwa usahihi na kikamilifu.,Tatoeba,https://tatoeba.org/en/sentences/897706
1608,Such things as television and computers could not have been dreamt of fifty years ago.,Vitu kama runinga na kompyuta havingeweza kuotwa miaka hamsini iliyopita.,Tatoeba,https://tatoeba.org/en/sentences/898153
1609,There was nobody.,Hapakuwa na mtu.,Tatoeba,https://tatoeba.org/en/sentences/898390
1610,"At that time, the city is full of people who'll either try to sell you drugs, steal your pizza, or ask you for change.","Wakati huo, jiji limejaa watu ambao watajaribu kukuuza dawa za kulevya, kuiba pizza yako, au kukuomba chenji.",Tatoeba,https://tatoeba.org/en/sentences/899517
1611,He comes from Genoa.,Anatoka Genova.,Tatoeba,https://tatoeba.org/en/sentences/904282
1612,He comes from Geneva.,Anatoka Geneva.,Tatoeba,https://tatoeba.org/en/sentences/904283
1613,"For my part, I travel not to go anywhere, but to go. I travel for travel's sake. The great affair is to move.","Kwa upande wangu, mimi husafiri sio kuenda popote, lakini huenda. Huwa nasifiri kwa ajili ya kusafiri tu. Muhimu ni kuendelea.",Tatoeba,https://tatoeba.org/en/sentences/906626
1614,"In fact history does not belong to us but rather we to it. Long before we understand ourselves through the process of self-examination, we understand ourselves in a self-evident way in the family, society, and state in which we live.","Hakika historia sio ya kwetu bali sisi tuko ndani yake. Kabla hatujajielewa wenyewe kwa njia ya kujitathmini, tunajielewa kwa njia ya ushahidi ndani ya familia, jamii na jimbo tunamoishi.",Tatoeba,https://tatoeba.org/en/sentences/907666
1615,"My mother says Japanese kids aren't naughty, but they live very far away, so Santa Claus doesn't bring them gifts. Thank goodness I was born in Spain.","Mama yangu anasema watoto wa Kijapani sio watundu, lakini wanaishi mbali sana, kwa hiyo Santa Claus hawaletei zawadi. Nashukuru nilizaliwa Spain.",Tatoeba,https://tatoeba.org/en/sentences/911169
1616,Fight for your right.,Kupigana kwa haki yako.,Tatoeba,https://tatoeba.org/en/sentences/912290
1617,He dropped the sausage on the ground.,Aliitupa soseji chini.,Tatoeba,https://tatoeba.org/en/sentences/915902
1618,Magdalena and Ania are good friends.,Magdalena na Ania ni marafiki wazuri,Tatoeba,https://tatoeba.org/en/sentences/918989
1619,"A pizza? Yea, that works.","Pizza? Ndio, hiyo itafanya kazi.",Tatoeba,https://tatoeba.org/en/sentences/919187
1620,"Oh, that kid went to sleep without eating supper.","Lo, mtoto huyo alilala bila kula chakula cha jioni.",Tatoeba,https://tatoeba.org/en/sentences/919268
1621,Eating ice cream always puts me in a happy mood.,Kula ice cream huniweka katika hali ya kufurahi.,Tatoeba,https://tatoeba.org/en/sentences/920260
1622,Winter seems to be sticking around a lot longer than usual this year.,Msimu wa baridi unakaa muda mrefu sana kuliko kawaida mwaka huu.,Tatoeba,https://tatoeba.org/en/sentences/920445
1623,Translate instead of chattering!,Tafsiri badala ya kuzungumza!,Tatoeba,https://tatoeba.org/en/sentences/921264
1624,You want to have a lot of fluid in your system before giving blood.,Unafaa kuwa na maji mengi mwilini mwako kabla ya kutoa damu.,Tatoeba,https://tatoeba.org/en/sentences/921795
1625,Don't try to cover the whole sky with the palm of your hand.,Usijaribu kufunika anga lote kwa kiganja cha mkono wako.,Tatoeba,https://tatoeba.org/en/sentences/923357
1626,I want to be poor in order to not be unhappy.,Nataka niwe masikini ili nisiweze kutokuwa na furaha.,Tatoeba,https://tatoeba.org/en/sentences/925198
1627,"""Funny,"" said the old woman as she granted his wish and disappeared forever. ""That was your first wish.""","""Inachekesha,"" alisema mzee huyo huku akimpa matakwa yake na kutoweka milele. ""Hayo yalikuwa matakwa yako ya kwanza.""",Tatoeba,https://tatoeba.org/en/sentences/940049
1628,The heart serves to pump blood.,Moyo hutumikia kusukuma damu.,Tatoeba,https://tatoeba.org/en/sentences/945551
1629,Carbon dating was performed on the sample to determine its age.,Mbinu ya kupima umri wa vitu kwa kaboni ulifanywa kwa sampuli hii kupata umri wake.,Tatoeba,https://tatoeba.org/en/sentences/950927
1630,How many operations has Dr. Jackson performed this month?,Dkt. Jackson alifanya operesheni ngapi mwezi huu?,Tatoeba,https://tatoeba.org/en/sentences/953343
1631,I used to dream about becoming a model.,Nilikuwa naotea kuwa mfano bora.,Tatoeba,https://tatoeba.org/en/sentences/953677
1632,I wish I could figure out how to control my appetite.,Natamani kujua vile ningeweza kudhibiti hamu yangu ya kula.,Tatoeba,https://tatoeba.org/en/sentences/953726
1633,I'd do anything for you.,Nitakufanyia chochote.,Tatoeba,https://tatoeba.org/en/sentences/953767
1634,I'll give you anything you want.,Nitakupa chochote unachotaka.,Tatoeba,https://tatoeba.org/en/sentences/953800
1635,I'll see you soon.,Nitakuona muda mfupi ujao.,Tatoeba,https://tatoeba.org/en/sentences/953811
1636,Knowing how to hot wire a car may come in handy someday.,Kujua jinsi ya kuchomelea waya kwenye gari kunaweza kuja katika siku inayofaa.,Tatoeba,https://tatoeba.org/en/sentences/954121
1637,Lack of sleep can have an enormous negative impact on a student's grades.,Ukosefu wa kulala unaweza kuwa na athari mbaya kwa alama za mwanafunzi.,Tatoeba,https://tatoeba.org/en/sentences/954123
1638,Please put the potato chips in the bowl. Don't eat them directly from the bag.,Tafadhali weka vibanzi vya viazi kwenye bakuli. Usile moja kwa moja kutoka mfukoni.,Tatoeba,https://tatoeba.org/en/sentences/954243
1639,We ate cotton candy at the state fair.,Tulikula pipi za pamba kwa tamasha ya serikali.,Tatoeba,https://tatoeba.org/en/sentences/954458
1640,We're just about finished for the day.,Karibu tutamatishe shughuli za siku.,Tatoeba,https://tatoeba.org/en/sentences/954484
1641,Fred took a liking to Jane and they started seeing each other.,Fred alimpenda Jane na wakaanza kuonana.,Tatoeba,https://tatoeba.org/en/sentences/969136
1642,The wind ripped the roof off our building.,Upepo ulirarua paa la jengo letu.,Tatoeba,https://tatoeba.org/en/sentences/969139
1643,Writing is a deeper sleep than death.,Kuandika ni kulala usingizi mzito kuliko kifo.,Tatoeba,https://tatoeba.org/en/sentences/975244
1644,His crime deserves the death penalty.,Uhalifu wake unastahili adhabu ya kifo.,Tatoeba,https://tatoeba.org/en/sentences/979435
1645,I need someone to talk to.,Nahitaji mtu wa kuongea naye.,Tatoeba,https://tatoeba.org/en/sentences/980726
1646,"No, I really don't like it that much.","La, sikipendi sana.",Tatoeba,https://tatoeba.org/en/sentences/996973
1647,The cat is eating.,Paka anakula.,Tatoeba,https://tatoeba.org/en/sentences/1000828
1648,There is an important alliance between these two countries.,Kuna muungano muhimu kati ya nchi hizi mbili.,Tatoeba,https://tatoeba.org/en/sentences/1009193
1649,My mouth dried up.,Mdomo wangu ulikauka.,Tatoeba,https://tatoeba.org/en/sentences/1010154
1650,"At times of poor health, getting plenty of sleep is the best medicine.","Nyakati za ugonjwa, kulala sana ni tiba bora.",Tatoeba,https://tatoeba.org/en/sentences/1016618
1651,"March 3rd is a Girls' Day, the traditional Japanese festival held to wish girls both health and growth.","Tarehe 3 Machi ni Siku ya Wasichana, sherehe ya jadi ya Kijapani inayoadhimishwa kuwatakia wasichana afya na ukuaji.",Tatoeba,https://tatoeba.org/en/sentences/1018437
1652,That meal was simply divine.,Chakula hicho kilikuwa cha ajabu.,Tatoeba,https://tatoeba.org/en/sentences/1019975
1653,I've made peace with my maker. I'm ready to die.,Nimefanya amani na muumba wangu. Niko tayari kufa.,Tatoeba,https://tatoeba.org/en/sentences/1030597
1654,"Between sobs, that lost girl said her name.","Huku akilia, msichana huyo aliyepotea alisema jina lake",Tatoeba,https://tatoeba.org/en/sentences/1037101
1655,I was in China last year.,Nilikuwa nchini China mwaka jana.,Tatoeba,https://tatoeba.org/en/sentences/1042312
1656,"A good surgeon has an eagle's eye, a lion's heart, and a lady's hand.","Daktari wa upasuaji mzuri ana jicho la tai, moyo wa simba, na mkono wa mwanamke.",Tatoeba,https://tatoeba.org/en/sentences/1044818
1657,Is your gun loaded?,"Je, bunduki yako inarisasi?",Tatoeba,https://tatoeba.org/en/sentences/1044868
1658,Would you like to live in Mumbai?,Je! Ungependa kuishi Mumbai?,Tatoeba,https://tatoeba.org/en/sentences/1047654
1659,"If I had known, I would not have come.","Kama ningejua, nisingekuja.",Tatoeba,https://tatoeba.org/en/sentences/1057971
1660,Could you say that again?,Utaweza kurudia ulichosema?,Tatoeba,https://tatoeba.org/en/sentences/1060025
1661,"Birds and beasts like tragic sounds, their ears are identical with the human ones.","Ndege na wanyama wanapenda sauti ya kutisha, masikio yao yanafanana na ya wanadamu.",Tatoeba,https://tatoeba.org/en/sentences/1063683
1662,He's been working all day and night; he must be dog tired.,Amekuwa akifanya kazi siku nzima usiku na mchana; lazima amechoka kabisa.,Tatoeba,https://tatoeba.org/en/sentences/1064002
1663,The most famous gold rush was the California Gold Rush that began in 1848.,Kukimbilia kwa dhahabu maarufu zaidi ilikuwa California Gold Rush ambayo ilianza mnamo 1848.,Tatoeba,https://tatoeba.org/en/sentences/1064181
1664,Do you know this song?,"Je, unajua wimbo huu?",Tatoeba,https://tatoeba.org/en/sentences/1064334
1665,It's only when I can't sleep at night that the ticking of the clock bothers me.,Ni wakati nashindwa kulala usiku pekee ambapo mlio wa saa unani hunisumbua.,Tatoeba,https://tatoeba.org/en/sentences/1065053
1666,I sleep naked.,Nalala uchi.,Tatoeba,https://tatoeba.org/en/sentences/1065146
1667,You should read the kind of books that contain the kind of information that will be useful to you later in life.,Unapaswa kusoma aina ya vitabu ambavyo vina aina ya habari ambayo itakuwa muhimu kwako baadaye maishani.,Tatoeba,https://tatoeba.org/en/sentences/1067168
1668,Gin is not my friend.,Gin sio rafiki yangu.,Tatoeba,https://tatoeba.org/en/sentences/1077182
1669,"In Japan, there are lots of hot springs.","Huko Japan, kuna chemchem nyingi za maji moto.",Tatoeba,https://tatoeba.org/en/sentences/1078074
1670,Turn the music up!,Ongeza sauti ya muziki.,Tatoeba,https://tatoeba.org/en/sentences/1079498
1671,You're pretty.,Wewe ni mzuri.,Tatoeba,https://tatoeba.org/en/sentences/1079506
1672,I think the hardest part of nursing is seeing lots of blood every day.,Nadhani sehemu ngumu zaidi ya uuguzi ni kuona damu nyingi kila siku.,Tatoeba,https://tatoeba.org/en/sentences/1089254
1673,"With five minutes left to play in the third quarter, the game was stopped because of lightning.","Zikiwa zimesalia dakika tano kucheza kwenye robo ya tatu, mchezo ulisitishwa kwa sababu ya umeme.",Tatoeba,https://tatoeba.org/en/sentences/1096309
1674,My name is John.,Jina langu ni John.,Tatoeba,https://tatoeba.org/en/sentences/1098122
1675,Chen is a teacher.,Chen ni mwalimu.,Tatoeba,https://tatoeba.org/en/sentences/1098205
1676,That's a tree.,Ule ni mti.,Tatoeba,https://tatoeba.org/en/sentences/1098425
1677,Where is Mary?,Mary yuko wapi?,Tatoeba,https://tatoeba.org/en/sentences/1098723
1678,The next day the wreck of the ship was discovered on the shore.,Siku iliyofuata mabaki ya meli hiyo yalipatikana ufuoni.,Tatoeba,https://tatoeba.org/en/sentences/1102283
1679,Wolves wander in the woods.,Mbwa mwitu hutanga katika msitu.,Tatoeba,https://tatoeba.org/en/sentences/1102791
1680,The fish can swim.,Samaki anaweza kuogelea.,Tatoeba,https://tatoeba.org/en/sentences/1102797
1681,Above the sink are several whisky bottles.,Juu ya mfereji kuna chupa kadhaa za whisky.,Tatoeba,https://tatoeba.org/en/sentences/1103039
1682,"Hey there, good looking!","Wewe, unapendeza!",Tatoeba,https://tatoeba.org/en/sentences/1103290
1683,Perhaps he missed the train.,Pengine aliachwa na garimoshi.,Tatoeba,https://tatoeba.org/en/sentences/1105414
1684,Monica didn't study a lot.,Monica hakusoma sana.,Tatoeba,https://tatoeba.org/en/sentences/1105421
1685,See you tomorrow!,Tutaonana kesho!,Tatoeba,https://tatoeba.org/en/sentences/1108683
1686,I'm not an idiot.,Mimi si mjinga.,Tatoeba,https://tatoeba.org/en/sentences/1108752
1687,I don't know what to say...,Sijui niambie nini...,Tatoeba,https://tatoeba.org/en/sentences/1108772
1688,They are not coming today.,Hawaji leo.,Tatoeba,https://tatoeba.org/en/sentences/1108774
1689,Any song sung in French puts me in a sexy mood.,Wimbo wowote unaimbwa kwa Kifaransa hunifanya nihisi mapenzi.,Tatoeba,https://tatoeba.org/en/sentences/1109765
1690,Women who seek to be equal with men lack ambition.,Wanawake wanaotafuta kuwa sawa na wanaume wamekosa nia.,Tatoeba,https://tatoeba.org/en/sentences/1109922
1691,You're a funny gal.,Wewe ni msichana mcheshi.,Tatoeba,https://tatoeba.org/en/sentences/1110450
1692,I've lost my keys.,Nimepoteza funguo zangu.,Tatoeba,https://tatoeba.org/en/sentences/1121723
1693,Where do you know each other from?,Mnajuana kutoka wapi?,Tatoeba,https://tatoeba.org/en/sentences/1121735
1694,Be seen by me!,Niangalie!,Tatoeba,https://tatoeba.org/en/sentences/1121843
1695,"It seems that the infection will get the upper hand, but I am still fighting against it.","Inaonekana kwamba maambukizi yataangaziwa, lakini bado ninapambana nayo.",Tatoeba,https://tatoeba.org/en/sentences/1124866
1696,Sun makes all the difference.,Jua huleta tofauti zote.,Tatoeba,https://tatoeba.org/en/sentences/1127045
1697,The detective held the wine glass up to the light checking for fingerprints.,Majasusi waliishika glasi ya divai hadi kwa taa wakitafuta alama za vidole.,Tatoeba,https://tatoeba.org/en/sentences/1127421
1698,We kissed each other.,Tulibusiana.,Tatoeba,https://tatoeba.org/en/sentences/1127871
1699,What is your favourite fast-food restaurant?,"Je, mhahawa unaopenda zaidi wa vyakula vya haraka ni upi?",Tatoeba,https://tatoeba.org/en/sentences/1129550
1700,The doctor sent the live patient to the morgue.,Daktari alimpeleka mgonjwa aliye hai kwa mochari.,Tatoeba,https://tatoeba.org/en/sentences/1131305
1701,Gold is the king of kings.,Mungu ndiye mfalme wa wafalme.,Tatoeba,https://tatoeba.org/en/sentences/1132398
1702,Digital technology for language-learning is being slowly but surely set up.,Teknolojia ya dijiti kwa kujifunza lugha ni polepole lakini hakika imewekwa.,Tatoeba,https://tatoeba.org/en/sentences/1133257
1703,Is the entry form not working or is my Internet connection not working right?,"Je, fomu ya kuingia haifanyi kazi au mtandao wangu haufanyi kazi vizuri?",Tatoeba,https://tatoeba.org/en/sentences/1135018
1704,He was in charge of maintenance at the chocolate factory.,Alikuwa msimamizi wa matengenezo katika kiwanda cha chokoleti.,Tatoeba,https://tatoeba.org/en/sentences/1135448
1705,Samuel helps anyone who asks him.,Samuel anasaidia mtu yeyote anayemwomba.,Tatoeba,https://tatoeba.org/en/sentences/1137881
1706,Whether a joke is found to be funny depends strongly on the culture.,Kupatikana kwa utani kuwa wa kuchekesha inategemea sana na muktadha wa kitamaduni.,Tatoeba,https://tatoeba.org/en/sentences/1139059
1707,Those who live in houses made of glass mustn't throw stones at the houses of other people.,Wale ambao wanaishi katika nyumba zilizotengenezwa kwa glasi wasitupe mawe kwa nyumba za watu wengine.,Tatoeba,https://tatoeba.org/en/sentences/1141883
1708,Magic and monsters are products of the imagination.,Uchawi na mazimwi ni matokeo ya mawazo.,Tatoeba,https://tatoeba.org/en/sentences/1142294
1709,My friends invited me for dinner.,Rafiki yangu alinialika kwa chajio.,Tatoeba,https://tatoeba.org/en/sentences/1153953
1710,Seeing the fresh lobster made me hungry.,Kuona lobster safi ilinifanya kuwa na njaa.,Tatoeba,https://tatoeba.org/en/sentences/1153957
1711,He took part in a big scam.,Alishiriki katika kashfa kubwa.,Tatoeba,https://tatoeba.org/en/sentences/1154157
1712,"In my city, the temperature is one degree above zero.","Katika jiji langu, hali ya joto ni nyuzi moja juu ya sifuri.",Tatoeba,https://tatoeba.org/en/sentences/1155819
1713,What's the meaning of that?,Hiyo inamaanisha nini?,Tatoeba,https://tatoeba.org/en/sentences/1156571
1714,"Good artists copy, great artists steal.","Nakala za wasanii wazuri, wasanii wakubwa huiba.",Tatoeba,https://tatoeba.org/en/sentences/1157847
1715,I observe from your fingers that you smoke.,Ninaona kutoka kwa vidole vyako kwamba unavuta sigara.,Tatoeba,https://tatoeba.org/en/sentences/1160260
1716,Please accept my sincere congratulations on your success today.,Tafadhali pokea pongezi zangu kwa mafanikio yako leo.,Tatoeba,https://tatoeba.org/en/sentences/1163533
1717,You are a student.,Wewe ni mwanafunzi.,Tatoeba,https://tatoeba.org/en/sentences/1163562
1718,"I'm called ""Sammy"" by my mother.","Mama yangu ananiita ""Sammy""",Tatoeba,https://tatoeba.org/en/sentences/1164899
1719,"Abortion is not an affair of the Church, it's a social affair.","Kauvya mimba swala la Kidini, bali ni jambo la kijamii.",Tatoeba,https://tatoeba.org/en/sentences/1165901
1720,"With only a single drop of poison, the well-known fighter was defeated.","Kwa tone moja tu la sumu, mpiganaji maarufu aliangamizwa.",Tatoeba,https://tatoeba.org/en/sentences/1165953
1721,The spies poisoned the count.,Majajasusi walimpa kabaila sumu.,Tatoeba,https://tatoeba.org/en/sentences/1165978
1722,Sara took pictures of that mountain in summer.,Sara alichukua picha za mlima huo wakati wa kiangazi.,Tatoeba,https://tatoeba.org/en/sentences/1166419
1723,"All of a sudden, The Holy Spirit began to speak to me the things revealed in this testimony.","Ghafla, Roho Mtakatifu alianza kuniambia mambo yaliyofunuliwa katika ushuhuda huu.",Tatoeba,https://tatoeba.org/en/sentences/1167375
1724,Jimmy is my foster child.,Jimmy ni mtoto wangu wa kupanga.,Tatoeba,https://tatoeba.org/en/sentences/1168521
1725,The towel wasn't at all useful.,Taulo haikuwa na matumizi.,Tatoeba,https://tatoeba.org/en/sentences/1170419
1726,The system benefits a small group at the expense of the sacrifice of the rest.,Mfumo huo unanufaisha kikundi kidogo kwa kutoa dhabihu ya wengine.,Tatoeba,https://tatoeba.org/en/sentences/1171189
1727,You have a telephone at your house.,Una simu nyumbani.,Tatoeba,https://tatoeba.org/en/sentences/1176261
1728,"When he woke up, he remembered the dream as a terrible experience, and from that day on, he started forgetting a great number of very important details of his life.","Alipoamka, alikumbuka ndoto hiyo kama kisa kibaya, na tangu siku hiyo kuendelea, alianza kusahau idadi kubwa ya maelezo muhimu sana ya maisha yake.",Tatoeba,https://tatoeba.org/en/sentences/1178024
1729,"Abraham then ordered Isaac to bring the wood to the place, and he himself brought his sword and fire.","Basi, Abraham alimuamuru Isaka alete kuni mahali pale, naye akaleta upanga wake na moto.",Tatoeba,https://tatoeba.org/en/sentences/1178448
1730,"Just when he was beginning the task, the angel of God called out from the heavens,'Abraham!' He answered immediately.","Alipoanza kazi, malaika wa Mungu akaitana kutoka mbinguni,'Ibrahimu!' Akajibu mara moja.",Tatoeba,https://tatoeba.org/en/sentences/1178465
1731,I'm not a doctor.,Mimi si daktari.,Tatoeba,https://tatoeba.org/en/sentences/1194034
1732,He put the book on the table.,Aliweka kitabu mezani.,Tatoeba,https://tatoeba.org/en/sentences/1195649
1733,Catherine wanted to go to the shopping center.,Catherine alitaka kwenda kwenye kituo cha ununuzi.,Tatoeba,https://tatoeba.org/en/sentences/1197874
1734,The DNA test cleared him of all charges.,Vipimo vya DNA vilimuondolea mashtaka yote.,Tatoeba,https://tatoeba.org/en/sentences/1203275
1735,I’ve heard the example of the parents in Korea who let their child die because they were too busy playing video games.,Nimesikia mfano wa wazazi huko Korea ambao waliruhusu mtoto wao afe kwa sababu walikuwa wanacheza michezo ya video.,Tatoeba,https://tatoeba.org/en/sentences/1208532
1736,This is an example of confusing two things that have a common cause with one thing that causes another.,Huu ni mfano wa kuchanganya mambo mawili ambayo yana sababu ya kawaida na ambayo jambo moja husababisha jingine.,Tatoeba,https://tatoeba.org/en/sentences/1208561
1737,A zombie brain will eat itself.,Akili pumbavu itajikula yenyewe.,Tatoeba,https://tatoeba.org/en/sentences/1209052
1738,The actor will play five characters in less than half an hour.,Muigizaji atacheza wahusika watano chini ya nusu saa.,Tatoeba,https://tatoeba.org/en/sentences/1210021
1739,You really should quit smoking.,Wewe unafaa sana kuchaa uvutaji wa sigara.,Tatoeba,https://tatoeba.org/en/sentences/1211472
1740,Caleb has it all figured out.,Caleb ameifahamu vizuri.,Tatoeba,https://tatoeba.org/en/sentences/1211827
1741,"According to legend, those woods used to be haunted, so people would avoid entering.","Kulingana na hadithi, kuni hizo zilikuwa zimepagawa, kwa hivyo watu wangeepuka kuingia.",Tatoeba,https://tatoeba.org/en/sentences/1212404
1742,The government of the United States put down the biggest terrorist.,Serikali ya Marekani imemuangusha gaidi mkubwa kuliko wote.,Tatoeba,https://tatoeba.org/en/sentences/1214179
1743,This church was destroyed by cannon fire.,Kanisa hili liliharibiwa na moto wa binadamu.,Tatoeba,https://tatoeba.org/en/sentences/1214254
1744,Celebrate the revolution memorial day!,Sherehekea siku ya kumbukumbu la mapinduzi!,Tatoeba,https://tatoeba.org/en/sentences/1214818
1745,She often speaks about her fiancé.,Mara nyingi anasema kuhusu mpenzi wake.,Tatoeba,https://tatoeba.org/en/sentences/1214910
1746,Why are men never happy? Because they always want the impossible.,Kwa nini wanaume huwa hawana furaha? Kwa sababu huwa wanataka kisichowezekana.,Tatoeba,https://tatoeba.org/en/sentences/1215141
1747,Hans was as pleased as Punch.,Hans alifurahishwa Sana.,Tatoeba,https://tatoeba.org/en/sentences/1215224
1748,The last one was Tina's suggestion.,Ya mwisho yalikuwa maoni ya Tina.,Tatoeba,https://tatoeba.org/en/sentences/1221196
1749,"Go ahead, give America all your hard earned money.","Nenda mbele, upe Amerika pesa zako zote zilizopatikana ngumu.",Tatoeba,https://tatoeba.org/en/sentences/1222472
1750,Houses built with wood burn more easily than houses built out of stone.,Nyumba zilizojengwa kwa mbao huchomeka kwa urahisi zaidi kuliko nyumba zilizojengwa kwa mawe.,Tatoeba,https://tatoeba.org/en/sentences/1222841
1751,She plans to take part in the beauty contest.,Anapanga kushiriki katika mashindano ya urembo.,Tatoeba,https://tatoeba.org/en/sentences/1224548
1752,I won't divorce you unless you give me a legitimate reason.,Sitakutalaki isipokuwa ukinipa sababu halali.,Tatoeba,https://tatoeba.org/en/sentences/1224650
1753,It seems my field of vision is not as wide as it used to be.,Inaonekana uwanja wangu wa maono sio pana kama ulivyokuwa.,Tatoeba,https://tatoeba.org/en/sentences/1226147
1754,He spotted five mistakes in as many lines.,Aliona makosa tano kwenye mistari mingi.,Tatoeba,https://tatoeba.org/en/sentences/1226693
1755,I am thankful for standing on the tops of mountains.,Ninashukuru kwa kusimama juu ya vilele vya mlima.,Tatoeba,https://tatoeba.org/en/sentences/1227185
1756,Can you email me some emergency contact numbers and names for you?,"Je, unaweza kunituma nambari za mawasiliano ya dharura kwa baruapepe?",Tatoeba,https://tatoeba.org/en/sentences/1228134
1757,She naturally sacrificed everything for the sake of raising her children.,Bila shauku alijitolea kwa vyovyote vile kwa ajili ya kuwalea watoto wake.,Tatoeba,https://tatoeba.org/en/sentences/1229118
1758,The child's ball fell into the creek.,Mpira wa mtoto ilianguka ndani ya hori.,Tatoeba,https://tatoeba.org/en/sentences/1229122
1759,"Right now, I'm choosing some suitable clothes to wear during the vacation.","Hivi sasa, ninachagua nguo zinazofaa kuvaa wakati wa likizo.",Tatoeba,https://tatoeba.org/en/sentences/1233218
1760,They wanted to dry snow behind the oven and then sell it as salt.,Walitaka kukausha theluji nyuma ya oveni kisha kuiuza kama chumvi.,Tatoeba,https://tatoeba.org/en/sentences/1233428
1761,"Just as if the card gathering had turned into a ghost story telling party, a kind of dark mood had settled over those present and everyone was silent.",Kana kwamba mkusanyiko wa kadi umegeuka kuwa hadithi ya roho ya kuwaambia watu kuhusu aina ya hali ya giza ilivyokuwa imetulia juu ya wale waliokuwepo na kila mtu alikuwa kimya.,Tatoeba,https://tatoeba.org/en/sentences/1240804
1762,"We spent the night laying on the grass looking at the stars, so we could find a meaning or logic to life.","Tulilala usiku kwenye nyasi tukitazama nyota, ili tupate maana au mantiki ya maisha.",Tatoeba,https://tatoeba.org/en/sentences/1241397
1763,A bull with short trousers has escaped accused of stealing.,Fahali mwenye suruali fupi amekwepa kisingizio cha wizi.,Tatoeba,https://tatoeba.org/en/sentences/1244053
1764,"Soon, I could only see her neck floating above the waves.","Punde, niliweza kuona shingo yake ikiwa chini ya mawimbi.",Tatoeba,https://tatoeba.org/en/sentences/1244997
1765,"The warrior has died for you, my sweet princess.","Shujaa amekufia wewe, binti yangu mrembo.",Tatoeba,https://tatoeba.org/en/sentences/1252052
1766,Packing my stuff up took me forever.,Kufunganya vitu vyangu kulinichukua milele.,Tatoeba,https://tatoeba.org/en/sentences/1256054
1767,The prices of raw materials such as oil or coal continue to rise.,Bei ya malighafi kama vile mafuta au makaa ya mawe yanaendelea kuongezeka.,Tatoeba,https://tatoeba.org/en/sentences/1256188
1768,He's my Mr. Right.,Yeye ndiye Mwendani wangu.,Tatoeba,https://tatoeba.org/en/sentences/1256693
1769,"Sophie, who was hungry, ate everything that she could grab.","Sophie, ambaye alikuwa na njaa, alikula kila kitu ambacho angeweza kufikia.",Tatoeba,https://tatoeba.org/en/sentences/1258335
1770,"The state shouldn't get rid of civil rights, it should protect them!","Serikali haipaswi kuondoa haki za raia, inapaswa kuzilinda!",Tatoeba,https://tatoeba.org/en/sentences/1259491
1771,"When I take a deep breath, a pain runs down the right side of my back.","Nikivuta ndani pumzi nzito, maumivu hutokea upande wa kulia wa mgongo wangu.",Tatoeba,https://tatoeba.org/en/sentences/1260111
1772,Routine exercise is great for your health.,Mazoezi ya kila siku ni nzuri kwa afya yako.,Tatoeba,https://tatoeba.org/en/sentences/1260980
1773,The captain gave the order to abandon the ship.,Nahodha alitoa agizo la kuachana na meli.,Tatoeba,https://tatoeba.org/en/sentences/1265015
1774,I keep this little saint in my wallet because he brings me luck.,Ninaweka mtakatifu huyu mdogo kwenye mkoba wangu kwa sababu ananiletea bahati nzuri.,Tatoeba,https://tatoeba.org/en/sentences/1265043
1775,"There are four trash cans in the school: one for paper, one for plastic, and two more for glass and metal.","Kuna makopo manne ya takataka shuleni: moja la karatasi, moja la plastiki, na mengine mawili ya glasi na chuma.",Tatoeba,https://tatoeba.org/en/sentences/1270797
1776,I will be in New Orleans in April for my cousin's wedding.,Nitakuwa New Orleans mwezi wa Aprili kuhudhuria harusi ya binamu yangu.,Tatoeba,https://tatoeba.org/en/sentences/1273054
1777,Thank you for finally explaining to me why people take me for an idiot.,Asante kwa kunielezea mwishowe kwa nini watu hunifikiri mjinga.,Tatoeba,https://tatoeba.org/en/sentences/1277691
1778,Why do the five yen coin and the fifty yen coin have holes in the center?,"Je, kwa nini sarafu ya yen tano na sarafu ya yen hamsini zina mashimo katikati?",Tatoeba,https://tatoeba.org/en/sentences/1289728
1779,Some religious men regard pain as a sort of trial from God.,Wanaume wengine wa dini huona uchungu kama aina ya jaribio kutoka kwa Mungu.,Tatoeba,https://tatoeba.org/en/sentences/1293146
1780,He made up the history.,Aliunda historia.,Tatoeba,https://tatoeba.org/en/sentences/1294600
1781,We live near the large library.,Tunaishi karibu na maktaba mkubwa.,Tatoeba,https://tatoeba.org/en/sentences/1300368
1782,I wonder whether I should be proud or ashamed that there is no information about me on the first five pages of internet search results for my name.,Ninajiuliza ikiwa ninafaa kujivunia au kuona aibu kwamba hakuna habari juu yangu kwenye kurasa tano za kwanza za matokeo ya utaftaji wa mtandao kwa jina langu.,Tatoeba,https://tatoeba.org/en/sentences/1302407
1783,There's a red rose in the pot.,Kwenye chungu kuna waridi jekundu.,Tatoeba,https://tatoeba.org/en/sentences/1311870
1784,"Among other things, I don't know the recent members, nor their new songs at all.","Miongoni mwa mambo mengine, sijui washiriki wa hivi karibuni, wala hata nyimbo zao mpya.",Tatoeba,https://tatoeba.org/en/sentences/1316145
1785,He tried to be brave while he was being held hostage.,Alijaribu kuwa jasiri alipokuwa ameshikwa mateka.,Tatoeba,https://tatoeba.org/en/sentences/1316522
1786,Many people refuse to eat meat during Easter.,Watu wengi wanakataa kula nyama wakati wa Pasaka.,Tatoeba,https://tatoeba.org/en/sentences/1324734
1787,"It was raining. However, they still went on their school trip.","Ilikuwa inanyesha. Hata hivyo, walienda safari yao ya shule.",Tatoeba,https://tatoeba.org/en/sentences/1326190
1788,"Never take advantage of someone's patience, because sooner or later he'll grow tired.","Kamwe usichezee uvumilivu wa mtu, kwa sababu mapema au baadaye atachoka.",Tatoeba,https://tatoeba.org/en/sentences/1331547
1789,My cousin received the call of God and became a priest.,Binamu yangu alipokea wito wa Mungu na kuwa kuhani.,Tatoeba,https://tatoeba.org/en/sentences/1333059
1790,"Helena is a secretary, right?","Helena ni katibu, sio?",Tatoeba,https://tatoeba.org/en/sentences/1334509
1791,I had never seen such a shiny star.,Sijawahi kuona nyota inayong'aa kama hiyo.,Tatoeba,https://tatoeba.org/en/sentences/1334625
1792,"With the eyes, we see; with the ears, we hear; with the skin, we touch; with the nose, we smell; and with the tongue, we taste.","Kwa macho, tunaona; na masikio, tunasikia; na ngozi, tunagusa; na pua, tunanusa; na kwa ulimi, tunaonja.",Tatoeba,https://tatoeba.org/en/sentences/1338433
1793,Did you listen to the broadcast of the National Diet's debate?,Je! Ulisikiliza matangazo ya mjadala wa lishe ya kitaifa?,Tatoeba,https://tatoeba.org/en/sentences/1341092
1794,You shouldn't allow your son to act like a selfish brat.,Hupaswi kuruhusu kijana wako atende mtoto mtukutu.,Tatoeba,https://tatoeba.org/en/sentences/1341480
1795,She brought him up in the Jewish faith.,Alimlea katika imani ya Kiyahudi.,Tatoeba,https://tatoeba.org/en/sentences/1342927
1796,There's no doubt that Sharon is capable.,"Hakuna shaka kuwa, Sharon ana uwezo.",Tatoeba,https://tatoeba.org/en/sentences/1343404
1797,Chris got a very good grade on that difficult homework assignment.,Chris alipata alama nzuri mazoezi hayo ya nyumbani.,Tatoeba,https://tatoeba.org/en/sentences/1345965
1798,Beth won't let Chris kiss her because he's very dirty.,Beth hatamruhusu Chris kumbusu kwa sababu yeye ni mchafu sana.,Tatoeba,https://tatoeba.org/en/sentences/1346624
1799,Mr. Joel is now on duty.,Bw. Joel yupo kwenye sasa hivi.,Tatoeba,https://tatoeba.org/en/sentences/1349867
1800,She went to Europe via the United States.,Alienda Ulaya kupitia Marekani.,Tatoeba,https://tatoeba.org/en/sentences/1354845
1801,Roosevelt worked hard to improve the United States relations with Japan.,Roosevelt alijitahidi kuboresha uhusiano wa Amerika na Japan.,Tatoeba,https://tatoeba.org/en/sentences/1354871
1802,There is a border between the United States and Mexico.,Kuna mpaka kati ya Amerika na Mexico.,Tatoeba,https://tatoeba.org/en/sentences/1354920
1803,The legal system in the United States is the world's finest.,Mfumo wa kisheria nchini Amerika ndio bora zaidi duniani.,Tatoeba,https://tatoeba.org/en/sentences/1354921
1804,"There is no such thing, at this stage of the world’s history in the United States, as an independent press.","Hakuna kitu kama hicho, katika hatua hii ya historia ya dunia Marekani, kama chombo cha habari huru.",Tatoeba,https://tatoeba.org/en/sentences/1354929
1805,The Statue of Liberty is the symbol of the United States.,Sanamu ya Uhuru ndoi ishara ya Amerika.,Tatoeba,https://tatoeba.org/en/sentences/1354986
1806,"I wanted to buy the huge stuffed bear at Ken's store, but it was not for sale.","Nilitaka kununua dubu kubwa iliyokuwa imejaa duka la Ken, lakini haikuuzwa.",Tatoeba,https://tatoeba.org/en/sentences/1355473
1807,The people of the United States fought for their independence.,Wananchi wa Marekani walipigania uhuru wao.,Tatoeba,https://tatoeba.org/en/sentences/1355900
1808,Pregnant women usually buy bigger size panties.,Wanawake wajawazito kawaida hununua suruali kubwa.,Tatoeba,https://tatoeba.org/en/sentences/1360040
1809,The material is not toxic in itself.,Nyenzo sio sumu yenyewe.,Tatoeba,https://tatoeba.org/en/sentences/1361512
1810,"It's not your fault, it's Alison's.","Sio kosa lako, ni kosa la Alison.",Tatoeba,https://tatoeba.org/en/sentences/1365727
1811,How many bullets can a machine gun shoot?,Ni risasi ngapi bunduki ya mashine inaweza kupiga?,Tatoeba,https://tatoeba.org/en/sentences/1365772
1812,"Tearing money up is a crime, but tearing checks up isn't.","Kuvunja pesa ni uhalifu, lakini uporaji wa cheki sio.",Tatoeba,https://tatoeba.org/en/sentences/1365860
1813,The students' union runs a bar on campus.,Muungano wa wanafunzi inasimamia baa katika chuo.,Tatoeba,https://tatoeba.org/en/sentences/1368424
1814,"Basically, you're absolutely right.","Kimsingi, wewe ni sawa kabisa.",Tatoeba,https://tatoeba.org/en/sentences/1387735
1815,I'm from England.,Natoka Uingereza.,Tatoeba,https://tatoeba.org/en/sentences/1388580
1816,"Five hundred soldiers were sent to the city, and less than half of them survived.","Wanajeshi mia tano walipelekwa jijini, na chini ya nusu yao walinusurika.",Tatoeba,https://tatoeba.org/en/sentences/1392350
1817,Send her my regards.,Mtumie salamu zangu.,Tatoeba,https://tatoeba.org/en/sentences/1393373
1818,"Ah, thank you, my dear.","Ah, asante, mpenzi wangu.",Tatoeba,https://tatoeba.org/en/sentences/1393964
1819,"Hope is a little voice whispering ""maybe"" when it seems the entire world is shouting ""no""!","Matumaini ni sauti ndogo inayonong'ona ""labda"" wakati dunia nzima inasema ""la""!",Tatoeba,https://tatoeba.org/en/sentences/1398437
1820,I honestly think it's better to be a failure at something you love than to be a success at something you hate.,Kiukweli nafikiria ni bora kushindwa katika kitu unachokipenda kiliko kufanikiwa katika kitu unachokichukia.,Tatoeba,https://tatoeba.org/en/sentences/1398484
1821,I'd never wear a shell suit.,Singewahi kuvaa koti la ganda.,Tatoeba,https://tatoeba.org/en/sentences/1398896
1822,Burj Khalifa is currently the tallest skyscraper in the world.,"Kwa sasa, Burj Khalifa ni jengo refu zaidi duniani.",Tatoeba,https://tatoeba.org/en/sentences/1399479
1823,The film was inspired by the novel of the same title.,Filamu hiyo ilichochewa na riwaya ya mada hiyo hiyo.,Tatoeba,https://tatoeba.org/en/sentences/1400510
1824,"Wherever the needle goes, the thread goes too.","Popote sindano inapoenda, nyuzi huenda pia.",Tatoeba,https://tatoeba.org/en/sentences/1400876
1825,Some precious stones are very similar to gold.,Mawe kadhaa ya thamani yanafanana sana na dhahabu.,Tatoeba,https://tatoeba.org/en/sentences/1404490
1826,My cousin is hooked on smack.,Binamu yangu ameshikwa na smaku.,Tatoeba,https://tatoeba.org/en/sentences/1406104
1827,It's better than the movie.,Ni bora kuliko filamu.,Tatoeba,https://tatoeba.org/en/sentences/1413607
1828,No one in their right mind would do this.,Hakuna aliye na akili timamu angefanya hili.,Tatoeba,https://tatoeba.org/en/sentences/1415027
1829,Your new client has just sent you a message.,Mteja wako mpya amekutumia ujumbe.,Tatoeba,https://tatoeba.org/en/sentences/1415907
1830,He comes from Wales.,Anatoka Welisi.,Tatoeba,https://tatoeba.org/en/sentences/1422576
1831,Paul came to Rome to greet me.,Paul alikuja Rome kunitembelea.,Tatoeba,https://tatoeba.org/en/sentences/1423568
1832,I sing Gypsy songs.,Ninaimba nyimbo za Gypsy.,Tatoeba,https://tatoeba.org/en/sentences/1426043
1833,The stone has a soul since it moves iron.,Jiwe lina roho kwani linasongesha chuma.,Tatoeba,https://tatoeba.org/en/sentences/1426150
1834,Our class reunion brought back old memories of when we were students.,Kuungana tena kwa darasa letu lilileta kumbukumbu za kitambo tulipokuwa wanafunzi.,Tatoeba,https://tatoeba.org/en/sentences/1426464
1835,Grandpa fell down the stairs and was seriously injured.,Babu alianguka kwenye ngani na alijeruhiwa vibaya.,Tatoeba,https://tatoeba.org/en/sentences/1426472
1836,"Fairy tales usually begin with the sentence ""Once upon a time"" and end with ""...and if they didn't die, then they still live today.""","Hadithi za kubuni huanza na sentensi ifuatayo, ""Hapo zamani za kale"" na huisha na ""...na kama hawakufariki, basi wakohai mpaka sasa.",Tatoeba,https://tatoeba.org/en/sentences/1427133
1837,The tank is full.,Tangi limejaa.,Tatoeba,https://tatoeba.org/en/sentences/1430140
1838,"In a flat area, what mass of soil should be removed in order to make half a hole?","Katika eneo tambarare, ni kiasi gani cha mchanga unapaswa kuondolewa ili kuwa na shimo nusu?",Tatoeba,https://tatoeba.org/en/sentences/1434282
1839,She's very afraid of dogs.,Anaogopa sana mbwa.,Tatoeba,https://tatoeba.org/en/sentences/1442237
1840,He is abroad.,Yuko nchi za nje.,Tatoeba,https://tatoeba.org/en/sentences/1446271
1841,Mama cried.,Mama alilia.,Tatoeba,https://tatoeba.org/en/sentences/1447977
1842,He can kiss his fiancée.,Anaweza kumbusu mpenzi wake.,Tatoeba,https://tatoeba.org/en/sentences/1454026
1843,"If you were not so good in counsel, I should not have heard these rules for my conduct.","Ikiwa haukuwa mzuri sana katika shauri, nisingelisikia sheria hizi kwa mwenendo wangu.",Tatoeba,https://tatoeba.org/en/sentences/1454879
1844,"I think that you wanted to add a translation of the sentence where you posted a comment. To translate a sentence, just click on this button.","Nadhani ulitaka kuongeza tafsiri ya sentensi mahali ulipoweka maoni. Kutafsiri sentensi, bonyeza tu kitufe hiki.",Tatoeba,https://tatoeba.org/en/sentences/1462952
1845,"Beware of he who would deny you access to information, for in his heart he dreams himself your master.","Uwe mwangalifu na mtu ambaye atakuzuia kupata taarifa, kwa sababu moyoni mwake anajiona ni bwana mkubwa wako.",Tatoeba,https://tatoeba.org/en/sentences/1463034
1846,I can't tell him apart from his brother.,Siwezi kumwambia yeye isipokuwa ndugu yake,Tatoeba,https://tatoeba.org/en/sentences/1465853
1847,"During First Contact, the alien visitors would not show themselves physically.",Wakati wa Maingiliano ya Kwanza wageni hawakujionyesha kwa mwili.,Tatoeba,https://tatoeba.org/en/sentences/1468161
1848,The terrorists swore vengeance on that country.,Magaidi hao waliapa kulipiza kisasi kwa nchi hiyo.,Tatoeba,https://tatoeba.org/en/sentences/1478569
1849,You decide on what to do.,Unaamua utakachofanya.,Tatoeba,https://tatoeba.org/en/sentences/1487345
1850,"While at first he got famous from an independent film that he made, he then went from the director of a musical TV series to a full-fledged movie director. Such was his career.","Wakati mwanzoni alipata umaarufu kutoka filamu huru ambayo aliunda, kisha akaenda kutoka kwa mkurugenzi wa safu ya runinga ya muziki hadi kwa mkurugenzi wa sinema kamili. Hivyo ndivyo kazi yake ilikuwa.",Tatoeba,https://tatoeba.org/en/sentences/1487828
1851,We all need to learn to deal with this situation.,Sote tunahitaji kujifunza kushughulikia hali hii.,Tatoeba,https://tatoeba.org/en/sentences/1488831
1852,The principal's democracy made him popular among teachers and students.,Demokrasia ya Mkuu wa chuo ilimfanya awe maarufu kati ya waalimu na wanafunzi.,Tatoeba,https://tatoeba.org/en/sentences/1490494
1853,I eat fish every week.,Nala samaki kila wiki.,Tatoeba,https://tatoeba.org/en/sentences/1492178
1854,I came yesterday.,Nilikuja jana.,Tatoeba,https://tatoeba.org/en/sentences/1493109
1855,The Bible is clearly a complex piece of writing that could not possibly have been written by a single author.,Kwa kweli Bibilia ni maandishi magumu ambayo haingeweza kuandikwa na mwandishi mmoja.,Tatoeba,https://tatoeba.org/en/sentences/1494135
1856,"I don't have much interest in sports games like soccer or baseball, but I do like seeing weird or outstanding plays in them.","Sina hamu kubwa na michezo kama mpira wa miguu au mpira wa vijiti, lakini napenda kuona michezo ya kusisimua au ya muhimu ndani yao.",Tatoeba,https://tatoeba.org/en/sentences/1495430
1857,"""Superman"" is showing at the movie theater this month.","""Superman"" itaonyeshwa kwenye ukumbi wa sinema mwezi huu.",Tatoeba,https://tatoeba.org/en/sentences/1497578
1858,The judge asked the jury to reach a verdict.,Jaji aliomba Baraza la mahakama kutoa maamuzi.,Tatoeba,https://tatoeba.org/en/sentences/1501599
1859,This summer the transfer market will be more exciting than ever.,Msimu huu soko la kuhamisha litakuwa la kufurahisha zaidi kuliko hapo awali.,Tatoeba,https://tatoeba.org/en/sentences/1506531
1860,Is it comfortable to travel by ship?,Unaweza kusafiri kwa raha kwa njia ya meli?,Tatoeba,https://tatoeba.org/en/sentences/1510780
1861,It isn't important.,Si muhimu.,Tatoeba,https://tatoeba.org/en/sentences/1514238
1862,I'll move the solar panel from the balcony to the roof in due course.,Nitaihamisha seliumeme ya jua kutoka kwenye roshani hadi paani kwa muda mfupi.,Tatoeba,https://tatoeba.org/en/sentences/1514883
1863,"In peace, sons bury their fathers. In war, fathers bury their sons.","Kwa amani, wana huzika baba zao. Kwa vita, baba huzika wana wao.",Tatoeba,https://tatoeba.org/en/sentences/1519578
1864,The press conference is scheduled to begin one hour from now.,Mkutano wa waandishi wa habari umepangwa kuanza saa moja kutoka sasa.,Tatoeba,https://tatoeba.org/en/sentences/1522423
1865,"I feel your pain, buddy.","Nahisi maumivu yako, rafiki.",Tatoeba,https://tatoeba.org/en/sentences/1524271
1866,The racket slipped from my hands and broke itself on the court when I made the serve.,Racket hiyo ilianguka kutoka mikononi mwangu na kujigonga kwenye koti nilipokuwa natoa huduma hiyo.,Tatoeba,https://tatoeba.org/en/sentences/1528020
1867,"To suppose justice to do this, is to destroy the principle of its existence, which is the thing itself.","Kufikiria haki ya kufanya hivyo, ni kuharibu kanuni ya uwepo wake, ambayo ndiyo muhimu.",Tatoeba,https://tatoeba.org/en/sentences/1530082
1868,Our team won 3 to 1.,Timu yetu ilishinda 3 kwa 1.,Tatoeba,https://tatoeba.org/en/sentences/1530795
1869,"""You got a smoke?"" ""Yeah, but I don't have a lighter.""","""Una sigara?"" ""Ndio, lakini sina kiberiti.""",Tatoeba,https://tatoeba.org/en/sentences/1530812
1870,If he got a 10 out of 10 on the test it's because he cheated.,Angepata 10 juu ya 10 katika mjarabu ni kwa sababu alidanganya.,Tatoeba,https://tatoeba.org/en/sentences/1534390
1871,Is it really possible?,"Je, inawezekena kweli?",Tatoeba,https://tatoeba.org/en/sentences/1538643
1872,Vampires must drink blood to survive.,"Ili wanyonya-damu waweze kuishi, ni lazima wanywe damu.",Tatoeba,https://tatoeba.org/en/sentences/1541498
1873,Only 514 people have been in space.,Ni watu 514 ambao wamezuru angani.,Tatoeba,https://tatoeba.org/en/sentences/1542447
1874,Only high officials had access to the President.,Ni maafisa wakuu walioweza kumfikia Rais.,Tatoeba,https://tatoeba.org/en/sentences/1547667
1875,"We all have our time machines. Some take us back, they're called memories. Some take us forward, they are called dreams.","Sote tuna mashine zetu za wakati. Zingine huturudisha nyuma, zinaitwa kumbukumbu. Zingine hutupeleka mbele, zinatwa ndoto.",Tatoeba,https://tatoeba.org/en/sentences/1550454
1876,Everyone was doing it.,Kila mtu alikuwa akifanya hivyo.,Tatoeba,https://tatoeba.org/en/sentences/1553918
1877,"My dad doesn't want me driving there everyday, so he's paying my rent.","Baba yangu hataki nifike huko kila siku, kwa hivyo analipa kodi yangu.",Tatoeba,https://tatoeba.org/en/sentences/1556481
1878,The government tortured the citizen to make him confess.,Serikali ilimtesa mwananchi ili kumfanya akiri.,Tatoeba,https://tatoeba.org/en/sentences/1559502
1879,I look forward to it.,Natazamia.,Tatoeba,https://tatoeba.org/en/sentences/1565471
1880,We recommend cutting off all further contact with the rebels.,Tunapendekeza kukata mawasiliano zaidi na waasi.,Tatoeba,https://tatoeba.org/en/sentences/1566958
1881,Julia gives a kiss to her daughter.,Julia anambusu binti yake.,Tatoeba,https://tatoeba.org/en/sentences/1567977
1882,I bought five metres of fabric in the shop.,Nilinunua kitambaa cha mita tano kwenye duka.,Tatoeba,https://tatoeba.org/en/sentences/1570109
1883,She's hiding the truth from us.,Anatuficha ukweli.,Tatoeba,https://tatoeba.org/en/sentences/1572984
1884,Ding is playing on the computer.,Dinga anacheza kwa tarakilishi.,Tatoeba,https://tatoeba.org/en/sentences/1573735
1885,"Suicide is an act of revenge against yourself, and I personally have nothing against myself.","Kujiua ni kitendo cha kulipiza kisasi dhidi yako mwenyewe, na mimi binafsi sina chochote dhidi yangu.",Tatoeba,https://tatoeba.org/en/sentences/1575240
1886,The source made reference to Kate and the Queen being seen chatting and smiling together last March.,Chanzo hicho kilirejelea Kate na Malkia wakionekana kuzungumza na kutabasamu pamoja Machi iliyopita.,Tatoeba,https://tatoeba.org/en/sentences/1577178
1887,The African elephant has bigger ears than the Asian elephant.,Tembo wa Kiafrika ana masikio makubwa kuliko tembo wa Asia.,Tatoeba,https://tatoeba.org/en/sentences/1578624
1888,"I won't stake my reputation on it, but I think it's a genuine alien life form.","Sitaweka sifa yangu juu yake, lakini nadhani ni aina halisi ya maisha ya mgeni.",Tatoeba,https://tatoeba.org/en/sentences/1581897
1889,"Opera in English is, in the main, just about as sensible as baseball in Italian.","Opera kwa Kiingereza ni, kwa ukuu, sawa na busara kama mchezo wa besiboli kwa Kiitalia.",Tatoeba,https://tatoeba.org/en/sentences/1584120
1890,Venus is only slightly smaller than the Earth and Mars is bigger than half of Earth.,Venus ni kidogo kuliko Dunia na Mars ni kubwa kuliko nusu ya Dunia.,Tatoeba,https://tatoeba.org/en/sentences/1594199
1891,The profit from drugs they used for buying lots of real estate.,Faida kutoka kwa dawa walizotumia kununua majumba mengi.,Tatoeba,https://tatoeba.org/en/sentences/1602155
1892,We still have to turn the hay and chop wood.,Bado tunapaswa kugeuza nyasi na kukata kuni.,Tatoeba,https://tatoeba.org/en/sentences/1602235
1893,The buzzing of the bees makes me a little nervous.,Kulia kwa nyuki kunanifanya kuwa na wasiwasi kidogo.,Tatoeba,https://tatoeba.org/en/sentences/1602341
1894,Cows are large and their horns are long; sheep are small and their horns are short.,"Ng'ombe ni wakubwa na pembe zao ni ndefu, kondoo ni wadogo na pembe zao ni fupi.",Tatoeba,https://tatoeba.org/en/sentences/1610285
1895,It hasn't been done before.,Haijafanyika hapo awali.,Tatoeba,https://tatoeba.org/en/sentences/1613124
1896,"Humans have five senses: sight, hearing, touch, taste and smell.","Wanadamu wana hisi tano: kuona, kusikia, kugusa, kuonja na kunusa.",Tatoeba,https://tatoeba.org/en/sentences/1617284
1897,Further testing is required.,Upimaji zaidi inahitajika.,Tatoeba,https://tatoeba.org/en/sentences/1620882
1898,Are you going to record today's episode?,"Je, utarekodi kipindi cha leo?",Tatoeba,https://tatoeba.org/en/sentences/1624889
1899,Howdy folks.,Mambo jamaa.,Tatoeba,https://tatoeba.org/en/sentences/1627303
1900,You've got to try this.,Ni vizuri ujaribu hili.,Tatoeba,https://tatoeba.org/en/sentences/1628569
1901,My friend who lives in England will come to Brazil next week and will stay five months expecting to get a good job here.,Marafiki zangu wanaoishi Uingereza watakuja Brazil wiki ijayo na watakaa kwa miezi mitano wakitegemea kupata kazi nzuri hapa.,Tatoeba,https://tatoeba.org/en/sentences/1629156
1902,We told the man we could and would make such a scandal out of this as should make his name stink from one end of London to the other.,Tulimwambia mtu huyo tunaweza na tungefanya kashfa kama hii kwa sababu inapaswa kufanya jina lake livume kutola upande mmoja wa London kwenda upande mwingine.,Tatoeba,https://tatoeba.org/en/sentences/1629507
1903,"This is Nina, your granddaughter.","Huyu ni Nina, mjukuu wako.",Tatoeba,https://tatoeba.org/en/sentences/1635447
1904,Don't curse or I'll wash your mouth out with soap.,Usilaaniwe au nitaosha kinywa chako kwa sabuni.,Tatoeba,https://tatoeba.org/en/sentences/1636181
1905,The association counts thirty members.,Shirika lina wati thelathini.,Tatoeba,https://tatoeba.org/en/sentences/1636671
1906,Let's relax a little.,Tutulie kidogo.,Tatoeba,https://tatoeba.org/en/sentences/1636734
1907,"The path to evil may bring great power, but not loyalty.","Njia ya uovu inaweza kuleta mamlaka makubwa, lakini sio uaminifu.",Tatoeba,https://tatoeba.org/en/sentences/1637299
1908,"In for a penny, in for a pound.",Ukiamua kufanya biashara usiogope hasara.,Tatoeba,https://tatoeba.org/en/sentences/1637406
1909,"You must kneel at my feet, kiss my hand and swear that I am an angel.","Lazima upigie magoti miguuni mwangu, kuubusu mkono wangu na kuapa kwamba mimi ni malaika.",Tatoeba,https://tatoeba.org/en/sentences/1638592
1910,"God gave you a penis and a brain, but only enough blood to run one at a time.","Mungu alikupa uume na ubongo, lakini damu ya kutosha tu kuendesha moja kwa wakati mmoja.",Tatoeba,https://tatoeba.org/en/sentences/1640979
1911,Our true hope is that there exists life in other worlds.,Tumaini ltu la kweli ni kwamba kuna maisha katika baada ya kifo.,Tatoeba,https://tatoeba.org/en/sentences/1647564
1912,He would prefer to live in a developing country because of the exchange rate.,Angependelea kuishi katika nchi inayoendelea kwa sababu ya kiwango cha kubadilisha fedha.,Tatoeba,https://tatoeba.org/en/sentences/1647581
1913,Fashion is a vicious cycle.,Mtindo ni mzunguko mbaya.,Tatoeba,https://tatoeba.org/en/sentences/1648999
1914,The boy grabbed his sister by the legs and dragged her all over the room until she admitted defeat.,Mvulana akamshika dada yake kwa miguu na kumvuta karibu na chumba hadi akakubali kushindwa.,Tatoeba,https://tatoeba.org/en/sentences/1650186
1915,Parents should monitor their children's activities.,Wazazi wanapaswa kufuatilia shughuli za watoto wao.,Tatoeba,https://tatoeba.org/en/sentences/1655788
1916,We were hoping something interesting would happen.,Tulikuwa unatarajia jambo la kufurahisha litafanyika.,Tatoeba,https://tatoeba.org/en/sentences/1656234
1917,"With a hammer and nails in her hand, she headed straight here.","Akiwa na nyundo na msumari mkononi mwake, akaelekea hapa moja kwa moja.",Tatoeba,https://tatoeba.org/en/sentences/1657071
1918,She threw off her shoes and socks in anger.,Alivua viatu na soksi na kuvitupa kwa hasira.,Tatoeba,https://tatoeba.org/en/sentences/1663492
1919,I am filling this bottle with oil.,Ninajaza chupa hii kwa mafuta.,Tatoeba,https://tatoeba.org/en/sentences/1665314
1920,He's wanted for grand theft auto.,Anatafutwa kwa wezi mkubwa wa magari.,Tatoeba,https://tatoeba.org/en/sentences/1668590
1921,Teach me how to play a reed pipe.,Nifundishe jinsi ya kupiga filimbi ya utete.,Tatoeba,https://tatoeba.org/en/sentences/1669256
1922,She wants the most bang for her buck.,Anataka kishindo kikuu kwa mume wake.,Tatoeba,https://tatoeba.org/en/sentences/1671796
1923,The Queen of England is related to the King of Sweden.,Malkia wa Uingereza anahusiana na Mfalme wa Uswidi.,Tatoeba,https://tatoeba.org/en/sentences/1682837
1924,Anyone who respects someone who respects the current president of the United States is not respected by at least one person.,Yeyote anayeheshimu mtu anayeheshimu rais wa sasa wa Amerika haheshimiwi na mtu angalau mmoja.,Tatoeba,https://tatoeba.org/en/sentences/1685961
1925,The former president of the United States is the only American who knows the president of every country.,Rais wa zamani wa Amerika ndiye Mmarekani pekee anayemjua rais wa kila nchi.,Tatoeba,https://tatoeba.org/en/sentences/1686058
1926,Rebecca has at least two daughters.,Rebecca ana binti angalau wawili.,Tatoeba,https://tatoeba.org/en/sentences/1686178
1927,You're not born evil; you learn how to be evil.,Hukuzaliwa shetani; unajifunza kuwa shetani.,Tatoeba,https://tatoeba.org/en/sentences/1687696
1928,I don't want to be your secret.,Sitaki kuwa msiri wako.,Tatoeba,https://tatoeba.org/en/sentences/1693896
1929,"When operating the unit, play in a well-lit room and keep a safe distance from the screen.","Unapofanyakazi kwenye kizio, cheza kwenye chumba chenye mwanga mzuri na ukae mbali na kioo.",Tatoeba,https://tatoeba.org/en/sentences/1694759
1930,"Now, as a test of courage, won't you go into that abandoned building over there? It's famous as a place haunted by spirits.","Sasa, kama jaribio la ujasiri, utaenda kwenye jengo lililotengwa hapo? Mahali panapopagawa na mapepo ni maarufu.",Tatoeba,https://tatoeba.org/en/sentences/1701428
1931,The students held the male student down and cut his hair with a pair of scissors.,Wanafunzi walimshikilia mwanafunzi wakiume chini na kukata nywele zake kwa mkasi.,Tatoeba,https://tatoeba.org/en/sentences/1710413
1932,"Yesterday I put the gifts in the attic, today I put them under the bed and tomorrow I'll throw them out the window.","Jana niliweka zawadi kwenye darini, leo nimeziweka chini ya kitanda na kesho nitazitupa nje ya dirisha.",Tatoeba,https://tatoeba.org/en/sentences/1713713
1933,I'm the ghost of a sad poet who died a terrifying death.,Mimi ni kizimu cha mshairi mwenye huzuni aliyekufa kifo cha kuogofya.,Tatoeba,https://tatoeba.org/en/sentences/1713736
1934,The ground started to shake and the alarm rang.,Ardhi ilianza kutikisika na kengele ikalia.,Tatoeba,https://tatoeba.org/en/sentences/1713903
1935,Thank you for burning my shirt with your cigarette.,Asante kwa kuchoma shati langu kwa sigara yako.,Tatoeba,https://tatoeba.org/en/sentences/1716471
1936,Have you found an answer to this question?,Umepata jibu kwa swali hili?,Tatoeba,https://tatoeba.org/en/sentences/1717766
1937,The tank is empty.,Tangi ni tupu.,Tatoeba,https://tatoeba.org/en/sentences/1723117
1938,I was used to eating like a pig.,Nilikuwa nimezoea kula kama nguruwe.,Tatoeba,https://tatoeba.org/en/sentences/1724664
1939,Will you not lose your mind?,"Je, hutapoteza kumbukumbu zako?",Tatoeba,https://tatoeba.org/en/sentences/1726857
1940,Prince Charles will be the next British king.,Mwanamfale Charles atakuwa mfalme ajaye Uingereza.,Tatoeba,https://tatoeba.org/en/sentences/1728556
1941,It's a chick thing.,Ni jambo la wasichana.,Tatoeba,https://tatoeba.org/en/sentences/1731552
1942,I bring my children to the park almost every day.,Nawaleta watoto wangu bustani karibu kila siku.,Tatoeba,https://tatoeba.org/en/sentences/1741766
1943,"When a medical doctor follows the coffin of a patient, it is in fact sometimes the cause that follows the effect.","Wakati daktari akifuata jeneza la mgonjwa, kwa kweli ni wakati mwingine sababu inayofuata athari.",Tatoeba,https://tatoeba.org/en/sentences/1744353
1944,"We mustn't burn our forest, because it is the source of the oxygen we breathe.","Hatupaswi kuchoma msitu wetu, kwa sababu ndio chanzo cha oksijeni tunayopumua.",Tatoeba,https://tatoeba.org/en/sentences/1744995
1945,The foot contains an ankle and five toes with nails.,Mguu una kiunga na vidole vitano vyenye kucha.,Tatoeba,https://tatoeba.org/en/sentences/1746317
1946,I am eating with my bro.,Ninakula na kaka yangu.,Tatoeba,https://tatoeba.org/en/sentences/1747341
1947,Our headquarters are located in another part of town.,Makao yetu makuu yako katika sehemu nyingine ya mji.,Tatoeba,https://tatoeba.org/en/sentences/1747580
1948,I like chess.,Napenda mchezo wa chess.,Tatoeba,https://tatoeba.org/en/sentences/1755544
1949,Auto-destruct sequence armed.,Mfuatano wa uharibifu wa kiotamatiki umejihami na silaha.,Tatoeba,https://tatoeba.org/en/sentences/1757344
1950,I went as far as Germany but I didn't have time to visit Alexander.,Nilienda hadi Ujerumani lakini sikuwa na wakati wa kumtembelea Alexander.,Tatoeba,https://tatoeba.org/en/sentences/1761523
1951,When can we meet again?,Tunaweza kukutana lini tena?,Tatoeba,https://tatoeba.org/en/sentences/1762756
1952,He was voted prom king.,Alipigiwa kura ya Ufalme.,Tatoeba,https://tatoeba.org/en/sentences/1768911
1953,I must be getting tired. I feel sleepy as soon as I finish eating supper.,Nitakuwa nimechoka. Nitalala mapema tu baada ya kumaliza kula chakula cha jioni.,Tatoeba,https://tatoeba.org/en/sentences/1771918
1954,A ship of dreams landed in a nightmare.,Meli ya ndoto ilitua kwa ndoto mbaya.,Tatoeba,https://tatoeba.org/en/sentences/1774359
1955,I recommend you visit the Imperial War Museum in London.,Ninapendekeza utembelee Makumbusho ya Vita vya Imperial huko London.,Tatoeba,https://tatoeba.org/en/sentences/1774509
1956,The history of the relationship between the Catholic Church and the Jews was not always a happy or an easy one. Too often it was written in tears.,Historia ya uhusiano kati ya Kanisa Katoliki na Wayahudi haukuwa wa kufurahisha au rahisi. Mara nyingi iliandikwa kwa machozi.,Tatoeba,https://tatoeba.org/en/sentences/1775320
1957,"Our liberty depends on the freedom of the press, and that cannot be limited without being lost.","Uhuru wetu unategemea uhuru wa waandishi wa habari, na huo hauiwezi kupunguzwa bila kupotea.",Tatoeba,https://tatoeba.org/en/sentences/1779371
1958,How long do you need to learn German?,Je! unahitaji muda upi kujifunza Kijerumani?,Tatoeba,https://tatoeba.org/en/sentences/1780493
1959,"You ate an apple, yay!","Ulikula tufaha, yay!",Tatoeba,https://tatoeba.org/en/sentences/1786137
1960,I bet Uncle Alfred'll come back.,Natabiri Mjomba Alfred atarudi.,Tatoeba,https://tatoeba.org/en/sentences/1786567
1961,"Children begin by loving their parents; after a time they judge them; rarely, if ever, do they forgive them.",Watoto huanza kwa kuwapenda wazazi wao; baada ya muda wanaowahukumu; wakitaka huwawasamehe mara chache.,Tatoeba,https://tatoeba.org/en/sentences/1786922
1962,The seeds of evil deeds are evil thoughts.,Mbegu za matendo maovu ni mawazo mabaya.,Tatoeba,https://tatoeba.org/en/sentences/1793506
1963,I wanted to share with you a new application that I'm using to create a memory book for my grandfather who recently passed away.,Nilitaka kushiriki nawe programu mpya ambayo ninatumia kuunda kitabu cha kumbukumbu kwa babu yangu mkubwa aliyeaga hivi majuzi.,Tatoeba,https://tatoeba.org/en/sentences/1803399
1964,"It isn't because I don't want you to laugh at me, rather it is because I'd like to laugh at you.","Sio ati sitaki mnicheke, bali ni kwa sababu napenda kukuchekelea.",Tatoeba,https://tatoeba.org/en/sentences/1806445
1965,"Now that same-sex marriage is legal, I'm one step closer to marrying myself.","Sasa hiyo ndoa ya jinsia moja ni halali, nimebakisha hatua moja kujioa mwenyewe.",Tatoeba,https://tatoeba.org/en/sentences/1810175
1966,They train you to act before thinking. Just execute orders.,Wanakufundisha kutenda kabla ya kufikiria. Toa maagizo tu.,Tatoeba,https://tatoeba.org/en/sentences/1813094
1967,Elite soldiers are almost always selected among the special forces.,Wanajeshi hodari karibu siku zote huchaguliwa kati ya vikosi maalum.,Tatoeba,https://tatoeba.org/en/sentences/1813131
1968,I want to change the world.,Nataka kubadilisha dunia.,Tatoeba,https://tatoeba.org/en/sentences/1814749
1969,"Ladies and gentlemen, thank you very much indeed.","Mabibi na mabwana, asanteni sana kwa dhati.",Tatoeba,https://tatoeba.org/en/sentences/1816796
1970,"If I change my name in order to avoid racist comments, then why don't I change the color of my skin as well?","Ikiwa ninabadilisha jina langu ili niepuke maoni ya ubaguzi wa kirangi, kwa nini pia nisibadilishe rangi ya ngozi yangu?",Tatoeba,https://tatoeba.org/en/sentences/1817328
1971,How many nuclear bombs does the United Kingdom have?,Uingereza ina mabomu mangapi ya nyuklia?,Tatoeba,https://tatoeba.org/en/sentences/1820659
1972,How many cars can this garage hold?,Ni magari mangapi gereji hii inaweza kuchukua?,Tatoeba,https://tatoeba.org/en/sentences/1820757
1973,Are they free on Friday afternoon?,"Je, utakuwa huru Ijumaa alasiri?",Tatoeba,https://tatoeba.org/en/sentences/1823768
1974,They call her Lena.,Wanamuita Lena.,Tatoeba,https://tatoeba.org/en/sentences/1826086
1975,How much does it cost to eat at such a place?,Inagharimu hela ngapi kula mahali kama hapo?,Tatoeba,https://tatoeba.org/en/sentences/1830617
1976,How do we do that?,Tunafanyaje hivyo?,Tatoeba,https://tatoeba.org/en/sentences/1834190
1977,Sharks eat fish.,Papa ana kula samaki,Tatoeba,https://tatoeba.org/en/sentences/1841587
1978,I'm hitting the road.,Ninaanza safari.,Tatoeba,https://tatoeba.org/en/sentences/1841631
1979,I missed you so much.,Nilikukosa sana.,Tatoeba,https://tatoeba.org/en/sentences/1841668
1980,I've never told anyone that before.,Sijawahi kuambia mtu hilo hapo mbeleni.,Tatoeba,https://tatoeba.org/en/sentences/1841823
1981,"Suddenly a man appeared, packed my suitcase and ran away.","Ghafla mtu akatokea, akapakia bagi langu na kukimbia.",Tatoeba,https://tatoeba.org/en/sentences/1842351
1982,Can I know where you work?,"Je, naweza jua unakofanya kazi?",Tatoeba,https://tatoeba.org/en/sentences/1844247
1983,How long do you have to eat lunch?,Unataka kula chakula cha mchana kwa muda gani?,Tatoeba,https://tatoeba.org/en/sentences/1847832
1984,Do you think fried chicken should be eaten with a fork or with your fingers?,"Je, unafikiri kuku wa kukaanga inapaswa kuliwa na uma au na vidole vyako?",Tatoeba,https://tatoeba.org/en/sentences/1847842
1985,Get out of my face.,Ondoka usoni mwangu.,Tatoeba,https://tatoeba.org/en/sentences/1852277
1986,The fat girl is eating too much sweets with lots of sugar.,Huyo msichana mnene anakula vitu vitamu sana vyenye sukari nyingi.,Tatoeba,https://tatoeba.org/en/sentences/1852938
1987,Don't kid yourself. You couldn't afford to buy a house like this.,Usijipumbaze. Hungweza kununua nyumba kama hii.,Tatoeba,https://tatoeba.org/en/sentences/1860457
1988,Just follow my lead.,Uni fuate tu.,Tatoeba,https://tatoeba.org/en/sentences/1860694
1989,"I've just arrived at the top of a mountain. That's really surprising, because according to my map, there should be a lake here.","Nimefika tu kilele cha mlima. Hiyo inashangaza sana, kwa sababu kulingana na ramani yangu, kunapaswa kuwa na ziwa hapa.",Tatoeba,https://tatoeba.org/en/sentences/1865340
1990,One day you'll understand.,Siku moja utaelewa.,Tatoeba,https://tatoeba.org/en/sentences/1866409
1991,I'm happy.,Ninafurahi.,Tatoeba,https://tatoeba.org/en/sentences/1872056
1992,The temperature fell to five degrees below zero.,Joto lilishuka hadi nyuzi tano chini ya sifuri.,Tatoeba,https://tatoeba.org/en/sentences/1873240
1993,You can't ask him to do that.,Huwezi kumwambia afanye hivyo.,Tatoeba,https://tatoeba.org/en/sentences/1877179
1994,She's obsessed with the Harry Potter books.,Anapenda sana vitabu vya Harry Potter.,Tatoeba,https://tatoeba.org/en/sentences/1882996
1995,How many did you get?,Ulipata ngapi?,Tatoeba,https://tatoeba.org/en/sentences/1885888
1996,Where's Tom?,Tom yuko wapi?,Tatoeba,https://tatoeba.org/en/sentences/1886594
1997,Where are we now?,Tuko wapi sasa?,Tatoeba,https://tatoeba.org/en/sentences/1886643
1998,I can't do this.,Siwezi kufanya hivi.,Tatoeba,https://tatoeba.org/en/sentences/1887124
1999,She lied to me.,Alinidanganya.,Tatoeba,https://tatoeba.org/en/sentences/1888605
2000,We traveled through the whole land.,Tulisafiri nchi nzima.,Tatoeba,https://tatoeba.org/en/sentences/1890539
2001,I'm not happy.,Sifurahi.,Tatoeba,https://tatoeba.org/en/sentences/1891049
2002,I'm ready.,Nimemaliza.,Tatoeba,https://tatoeba.org/en/sentences/1891110
2003,He's old enough to go to school.,Ana umri wa kutosha kwenda shule.,Tatoeba,https://tatoeba.org/en/sentences/1891661
2004,We've known each other for a long time.,Tumejuana kwa muda mrefu.,Tatoeba,https://tatoeba.org/en/sentences/1893596
2005,You're acting like a child.,Unafanya mambo kama mtoto.,Tatoeba,https://tatoeba.org/en/sentences/1895630
2006,You must face your fears.,Lazima ukabiliane na woga wako.,Tatoeba,https://tatoeba.org/en/sentences/1895705
2007,What surprises me is that they can actually sell that product for so much money.,Kinachonishangaza ni kwamba wanaweza kuuza bidhaa hiyo kwa pesa nyingi.,Tatoeba,https://tatoeba.org/en/sentences/1898031
2008,Education is important.,Elimu ni muhimu.,Tatoeba,https://tatoeba.org/en/sentences/1898400
2009,She's only a couple of years older than me.,Ana umri mdogo tu kunizidi.,Tatoeba,https://tatoeba.org/en/sentences/1908964
2010,He had but one desire: to shrink away and live among the lights and shadows.,Alikuwa na hamu moja tu: kufinyika na kuishi kati ya taa na vivuli.,Tatoeba,https://tatoeba.org/en/sentences/1910453
2011,"During the entire lesson, he counted flies.","Wakati wa somo lote, alihesabu nzi.",Tatoeba,https://tatoeba.org/en/sentences/1910616
2012,Listen.,Sikiliza.,Tatoeba,https://tatoeba.org/en/sentences/1913088
2013,The lion roars.,Simba ananguruma.,Tatoeba,https://tatoeba.org/en/sentences/1915412
2014,"Honor! truly a very convenient coin, which those who know how to pass it may lay out with great advantage.","Kuenzi! kweli sarafu inayofaa sana, ambayo wale wanaojua kuipitisha wanaweza kupata na faida kubwa.",Tatoeba,https://tatoeba.org/en/sentences/1919800
2015,The company issued a press release.,Kampuni ilitoa taarifa kwa waandishi wa habari.,Tatoeba,https://tatoeba.org/en/sentences/1920814
2016,We've taken a long hard look at your sales-directed communication and decided to buy some of the weed that you smoke.,Tumechukua muda mrefu kutazama mawasiliano yako ya moja kwa moja kwa mauzo na tukaamua baadhi ya bangi unazovuta.,Tatoeba,https://tatoeba.org/en/sentences/1922822
2017,Harry put on his robe and wizard hat.,Harry alivaa vazi lake na kofia ya kichawi.,Tatoeba,https://tatoeba.org/en/sentences/1931917
2018,I've been trying to hack my way into the system.,Ninajaribu kuingilia mawasiliano ya mfumo huu.,Tatoeba,https://tatoeba.org/en/sentences/1934719
2019,We ate some turtle soup.,Tulikula supu ya bata.,Tatoeba,https://tatoeba.org/en/sentences/1934865
2020,Please wait a minute.,Tafadhali subiri kidogo.,Tatoeba,https://tatoeba.org/en/sentences/1939683
2021,"""Do you think that Russia and America can become friends?"" — ""Yes, certainly! I'm absolutely sure. Whatever may happen, our most important friend will be America in any case, but whether South or North America - that depends on you.""","""Je, unafikiri Russia na Amerika wanaweza kuwa marafiki?"" — ""Ndio, kwa hakika! Nina uhakika kamili. Chochote kinachoweza kufanyika, rafiki yetu muhimu zaidi ni Amerika kwa hali yoyote, lakini iwe Amerika ya Kaskazini au Kusini - hiyo inakutegemea.""",Tatoeba,https://tatoeba.org/en/sentences/1946006
2022,I can't come right now.,Siwezi kuja sasa hivi.,Tatoeba,https://tatoeba.org/en/sentences/1951407
2023,We can't keep on fooling ourselves.,Hatuwezi kuendelea kudanganyana.,Tatoeba,https://tatoeba.org/en/sentences/1952029
2024,Feel the rhythm and follow the beat.,Sikiliza rithimu na ufuate mdundo.,Tatoeba,https://tatoeba.org/en/sentences/1954241
2025,They can't see me.,Hawawezi kuniona.,Tatoeba,https://tatoeba.org/en/sentences/1954842
2026,I can't think about anything else.,Siwezi kufikiria chochote.,Tatoeba,https://tatoeba.org/en/sentences/1955054
2027,Where do you get a haircut?,Unapata wapi kukata nywele?,Tatoeba,https://tatoeba.org/en/sentences/1959374
2028,I thought you guys had already left.,Nilifikiri mlikuwa mshaondoka.,Tatoeba,https://tatoeba.org/en/sentences/1961611
2029,"If a porter carries your luggage, don't forget to tip him.","Ikiwa hamali amebeba mzigo wako, basi usisahau kumuongoza.",Tatoeba,https://tatoeba.org/en/sentences/1963270
2030,The All-Russian Public Opinion Research Center measures Russian citizens' trust in politicians every week.,Kituo cha Utafiti cha Maoni ya Umma cha Urusi hutathmini imani ya raia wa Urusi kwa wanasiasa kila wiki.,Tatoeba,https://tatoeba.org/en/sentences/1972893
2031,In this store they like to bait and switch.,Katika duka hili wanapenda kuweka na kubadili.,Tatoeba,https://tatoeba.org/en/sentences/1985076
2032,He was never what the verdict of society calls drunk. Yet was he ever sober?,"Hakuwa mlevi kama wanajamii wanavyochukulia. Je, aliwahi kuwa shwari?",Tatoeba,https://tatoeba.org/en/sentences/1986806
2033,A statement against social program cuts has been read.,Taarifa kuhusu kupunguzwa kwa mpango wa kijamii imesomwa.,Tatoeba,https://tatoeba.org/en/sentences/1987858
2034,"She was put in charge of the project, despite having zero leadership skills.","Aliwekwa katika usimamizi wa mradi huo, licha ya kukosa ujuzi katika uongozi.",Tatoeba,https://tatoeba.org/en/sentences/1987869
2035,"Those who are terrorists for some, are freedom fighters for others.","Wale ambao ni magaidi kwa wengine, ni wapigania uhuru kwa wengine.",Tatoeba,https://tatoeba.org/en/sentences/1988005
2036,He had a change of heart.,Alikuwa na mbadiliko moyoni.,Tatoeba,https://tatoeba.org/en/sentences/1989653
2037,This is but a humble downtown store.,Hii ni duka la chini la jiji.,Tatoeba,https://tatoeba.org/en/sentences/1989807
2038,"If the idiots would compete, you would be second because you are too idiot to be the first.","Ikiwa wakaidi wangekamilisha, ungekuwa wa pili kwa sababu wewe ni mkaidi sana kuwa wa kwanza.",Tatoeba,https://tatoeba.org/en/sentences/1990374
2039,I'm not sure where I should put this.,Sina uhakika pahali pa kuweka hili.,Tatoeba,https://tatoeba.org/en/sentences/1991778
2040,"Just the gesture is enough, thank you.","Ishara tu, inatosha, Asante.",Tatoeba,https://tatoeba.org/en/sentences/1994689
2041,Is this valuable?,"Je,hii ni ya thamani?",Tatoeba,https://tatoeba.org/en/sentences/2006459
2042,I want to start a family.,Nataka kuanza familia.,Tatoeba,https://tatoeba.org/en/sentences/2012146
2043,I want us to be together.,Nataka tuwe pamoja.,Tatoeba,https://tatoeba.org/en/sentences/2012153
2044,I just want people to like me.,Nataka watu wanipendee.,Tatoeba,https://tatoeba.org/en/sentences/2013928
2045,We're resting naked in the warm sand.,Tunajilaza uchi kwa mchanga wenye joto.,Tatoeba,https://tatoeba.org/en/sentences/2016228
2046,Do you want me to tell the police?,"Je, ungependa niwaeleze polisi?",Tatoeba,https://tatoeba.org/en/sentences/2016585
2047,I want to lodge a formal complaint.,Nataka kuweka malalamiko rasmi.,Tatoeba,https://tatoeba.org/en/sentences/2016897
2048,"I've been a member of this organization for five years. Oh wait, no. Six.","Nimekuwa mwanachama wa shirika hili kwa miaka mitano. Ah ngoja, hapana. Sita",Tatoeba,https://tatoeba.org/en/sentences/2023223
2049,Do you want to come back to my office?,"Je, unataka kurudi ofisini mwangu?",Tatoeba,https://tatoeba.org/en/sentences/2025821
2050,"They leave you, not so dark as the waiting house, not so surely promised to eternity as that which every night becomes the climbing stars.","Wanakuacha, sio giza sana kama nyumba ya kusubiria, bila hakika kama ahadi ya umilele kama ile ambayo kila usiku inakuwa nyota za kupandia.",Tatoeba,https://tatoeba.org/en/sentences/2028808
2051,"In Japan, people legally become adults at the age of twenty.","Huko Japan, watu hupata hadhi ya utu uzima kihalali, wakifikisha umri wa miaka ishirini.",Tatoeba,https://tatoeba.org/en/sentences/2031037
2052,Relations between China and Japan have been tense recently.,Mahusiano kati ya Uchina na Japan yamekuwa mabaya hivi karibuni.,Tatoeba,https://tatoeba.org/en/sentences/2033370
2053,I want to make sure there is enough.,Nataka kuhakikisha kuwa inatosha.,Tatoeba,https://tatoeba.org/en/sentences/2033672
2054,Let's save the environment!,Tuhifadhi mazingira!,Tatoeba,https://tatoeba.org/en/sentences/2036395
2055,"We are poor, but we are happy.","Tu masikini, lakini tunafuraha.",Tatoeba,https://tatoeba.org/en/sentences/2038141
2056,"Practice is tough. But, if it is for the sake of victory, then you must be able to endure.","Mazoezi ni magumu Lakini, ni kwasababu ya ushindi, basi inakulazimu ustahimili.",Tatoeba,https://tatoeba.org/en/sentences/2038377
2057,The grand prize is a kiss from the princess.,Zawadi kubwa ni busu kutoka kwa binti mfalme.,Tatoeba,https://tatoeba.org/en/sentences/2038382
2058,There's a famous book in English whose entire last chapter is a single sentence.,Kuna kitabu maarufu katika Kiingereza ambacho sura yake mwisho ni sentensi moja tu.,Tatoeba,https://tatoeba.org/en/sentences/2040104
2059,The Ministry of Environment would play a more important role that way.,Wizara ya Mazingira ingekuwa na jukumu muhimu zaidi kwa njia hiyo.,Tatoeba,https://tatoeba.org/en/sentences/2040544
2060,He entered the lion's den.,Aliingia katika pango la simba.,Tatoeba,https://tatoeba.org/en/sentences/2042113
2061,We are busy men.,Sisi tuna shughuli nyingi.,Tatoeba,https://tatoeba.org/en/sentences/2046671
2062,For my own part I wish the Bald Eagle had not been chosen the Representative of our Country.,Kwa upande wangu mwenyewe ningefurahi ikiwa Bald Eagle hangekuwa amechaguliwa Mwakilishi wa nchi yetu.,Tatoeba,https://tatoeba.org/en/sentences/2048735
2063,The secret is killing you.,Siri ni kukuuwa.,Tatoeba,https://tatoeba.org/en/sentences/2051823
2064,I heard that Mr. Collins asked you to marry him.,Nilisikia kuwa Mr Collins alikuomba akuoe.,Tatoeba,https://tatoeba.org/en/sentences/2052220
2065,You're awful at keeping secrets.,Wewe ni mbaya katika kutunza siri.,Tatoeba,https://tatoeba.org/en/sentences/2053843
2066,On the main menu of this DVD there is no'Play Main Feature' button.,Kwenye menyu kuu ya DVD hii hakuna kitufe cha'Play Main Feature'.,Tatoeba,https://tatoeba.org/en/sentences/2056242
2067,"For a bribe, a traffic policeman agreed not to take away a driver's license.","Kwa kuhongwa, polisi wa trafiki alikubali kutompokonya dereva mmoja leseni yake.",Tatoeba,https://tatoeba.org/en/sentences/2056627
2068,"It's poor form to spit from the window into the street, or into the fire, or anywhere people might step on what you have spit.","Ni vibaya kutema mate kutoka dirishani kwenda barabarani, au motoni, au popote watu wanapoweza kukanyaga ulichotema.",Tatoeba,https://tatoeba.org/en/sentences/2057432
2069,"According to the newspaper, she committed suicide.","Kulingana na gazeti hili, alijiua.",Tatoeba,https://tatoeba.org/en/sentences/2061902
2070,She showed me around.,Alifahamisha kila mahali.,Tatoeba,https://tatoeba.org/en/sentences/2064128
2071,Do something about that noise.,Fanya kitu juu ya kelele hiyo.,Tatoeba,https://tatoeba.org/en/sentences/2064814
2072,I have to take care of something.,Lazima nishughulikie kitu.,Tatoeba,https://tatoeba.org/en/sentences/2064896
2073,We must stop this dangerous plague.,Ni lazima tuzuie pigo hili ni hatari.,Tatoeba,https://tatoeba.org/en/sentences/2068201
2074,It is painful for me to see the name of the traitor among other names in the same sentence.,Ni chungu kwangu kuona jina la msaliti kati ya majina mengine katika sentensi moja.,Tatoeba,https://tatoeba.org/en/sentences/2070819
2075,The English Channel is the divide between Britain and Europe.,Kiingereza ndicho kinachotofautisha Uingereza na Ulaya.,Tatoeba,https://tatoeba.org/en/sentences/2099625
2076,Make sure the brain is engaged before putting the mouth in gear.,Hakikisha ubongo unafanya kazi kabla ya kuzungumza.,Tatoeba,https://tatoeba.org/en/sentences/2099892
2077,My tooth is giving me unbelievable pain.,Jino langu linanipa maumivu makali.,Tatoeba,https://tatoeba.org/en/sentences/2099986
2078,The members of the family had grave doubts regarding the explanation they received from the army.,Wanafamilia walikuwa na mashaka makubwa kuhusu maelezo waliyoyapata kutoka kwa jeshi.,Tatoeba,https://tatoeba.org/en/sentences/2100006
2079,We're serious.,Hatufanyi mzaa.,Tatoeba,https://tatoeba.org/en/sentences/2107359
2080,They're bad.,Wao ni wabaya.,Tatoeba,https://tatoeba.org/en/sentences/2111330
2081,"The Latin language is not entirely unknown to me, but I altogether lack the ability to speak it.","Lugha ya Kilatini haijanipotelea kabisa kwangu, lakini kabisa sina uwezo wa kuizungumza.",Tatoeba,https://tatoeba.org/en/sentences/2115594
2082,I buy loads of stuff at that store.,Nanunua bidhaa nyingi katika duka lile.,Tatoeba,https://tatoeba.org/en/sentences/2119596
2083,I hate his talking big on every occasion.,Nachukua kuongea mengi kwake kila wakati.,Tatoeba,https://tatoeba.org/en/sentences/2130484
2084,He loves ritual.,Anapenda tambiko.,Tatoeba,https://tatoeba.org/en/sentences/2130696
2085,Mona is still running a temperature and should stay at home.,Mona ana joto jingi na anapaswa kukaa nyumbani.,Tatoeba,https://tatoeba.org/en/sentences/2131167
2086,"Most people who have lived in a foreign country have experienced some form of culture shock, although many people don't recognize it in themselves.","Watu wengi ambao wameishi katika nchi ya nje wamepata mshtuko wa kitamaduni wa aina fulani, ingawa watu wengi hawatambui.",Tatoeba,https://tatoeba.org/en/sentences/2135143
2087,I had never seen it.,Sikuwa nimeiona.,Tatoeba,https://tatoeba.org/en/sentences/2143047
2088,Bodies grow slowly and die quickly.,Miili inakua polepole na kufa haraka.,Tatoeba,https://tatoeba.org/en/sentences/2145521
2089,Was it worth it?,"Je, ilikuwa yenye thamani yake?",Tatoeba,https://tatoeba.org/en/sentences/2147764
2090,Thank you for giving me those Italian magazines!,Asante kwa kunipa magazeti hayo ya Italia.,Tatoeba,https://tatoeba.org/en/sentences/2162649
2091,A lack of sleep affected the singer's performance.,Kukosa kulala kuliathiri utendaji wa mwimbaji.,Tatoeba,https://tatoeba.org/en/sentences/2163118
2092,Gloria hasn't lived in Rio for many years.,Gloria hajaishi Rio kwa miaka mingi.,Tatoeba,https://tatoeba.org/en/sentences/2169026
2093,He has spoken English well for many years.,Amezungumza Kiingereza vizuri hapa kwa miaka mingi.,Tatoeba,https://tatoeba.org/en/sentences/2169034
2094,My backyard is one step down and lower than the ground.,Ua wa nyumba yangu ni hatua moja chini kuliko ardhi.,Tatoeba,https://tatoeba.org/en/sentences/2179028
2095,I forgot that Barbara spoke French.,Nilisahau kuwa Barbara anazungumza Kifaransa.,Tatoeba,https://tatoeba.org/en/sentences/2184563
2096,He's not worthy of you.,Hakufai wewe.,Tatoeba,https://tatoeba.org/en/sentences/2185163
2097,"When it comes to drugs, there's a very fine line between use and abuse.","Linapokuja suala la dawa za kulevya, kuna tofauti ndogo sana kati ya matumizi na ulezi.",Tatoeba,https://tatoeba.org/en/sentences/2190431
2098,We grew closer every day.,Kila siku uhusiano wetu uliimarika.,Tatoeba,https://tatoeba.org/en/sentences/2193881
2099,How many kinds are there?,Ni aina ngapi zipo hapo?,Tatoeba,https://tatoeba.org/en/sentences/2196902
2100,"You made that mistake on purpose, didn't you?","Ulifanya kosa hilo kwa kusudi, sivyo?",Tatoeba,https://tatoeba.org/en/sentences/2197523
2101,"Tell me, tell me.","Niambie, niambie.",Tatoeba,https://tatoeba.org/en/sentences/2198637
2102,Who's she?,Yeye ni nani?,Tatoeba,https://tatoeba.org/en/sentences/2203797
2103,Why don't you come in and have a cup of coffee?,Mbona usiingie ili tunywe chai?,Tatoeba,https://tatoeba.org/en/sentences/2210591
2104,I can't sleep without a midnight snack.,Siwezi kulala bila kitafunio cha usiku wa manane.,Tatoeba,https://tatoeba.org/en/sentences/2215494
2105,You're a psycho.,Una kichaa.,Tatoeba,https://tatoeba.org/en/sentences/2218035
2106,You're embarrassing me.,Unaniaibisha.,Tatoeba,https://tatoeba.org/en/sentences/2218139
2107,"There are four cardinal points: East, south, west and north.","Kuna sehemu nne za dira: Mashariki,kusini, magharibi na kaskazini.",Tatoeba,https://tatoeba.org/en/sentences/2225514
2108,He came kicking and screaming.,Alikuja akipiga mateke na mayowe.,Tatoeba,https://tatoeba.org/en/sentences/2230272
2109,I like shopping at the local farmers' market.,Napenda kununua katika soko la wakulima wa hapa.,Tatoeba,https://tatoeba.org/en/sentences/2230283
2110,Don't take yourself so seriously.,Usijikazie fikira kupita bkiasi.,Tatoeba,https://tatoeba.org/en/sentences/2230365
2111,I come from America.,Ninatoka Amerika.,Tatoeba,https://tatoeba.org/en/sentences/2231212
2112,What's your decision?,Unaamuaje?,Tatoeba,https://tatoeba.org/en/sentences/2234169
2113,His back was covered by a blue cape.,Mgongo wake ulifunikwa na joho la buluu.,Tatoeba,https://tatoeba.org/en/sentences/2234226
2114,Where is Tom?,Tom yuko wapi?,Tatoeba,https://tatoeba.org/en/sentences/2240332
2115,We're leaving now.,Tunaondoka sasa.,Tatoeba,https://tatoeba.org/en/sentences/2240605
2116,We're not lost.,Hatujapotea.,Tatoeba,https://tatoeba.org/en/sentences/2240738
2117,We'll fix that.,Tutaishughulikia.,Tatoeba,https://tatoeba.org/en/sentences/2241581
2118,They're children.,Wao ni watoto.,Tatoeba,https://tatoeba.org/en/sentences/2242972
2119,Bring her here.,Mlete hapa.,Tatoeba,https://tatoeba.org/en/sentences/2245014
2120,Close the hatch.,Funga angulio.,Tatoeba,https://tatoeba.org/en/sentences/2245186
2121,I can walk.,Ninaweza kutembea.,Tatoeba,https://tatoeba.org/en/sentences/2245648
2122,I heard that.,Nilisikia hayo.,Tatoeba,https://tatoeba.org/en/sentences/2245915
2123,I remind you that you are still under oath.,Nakukumbusha kuwa bado uko chini ya kiapo.,Tatoeba,https://tatoeba.org/en/sentences/2247182
2124,I'll jump in.,Nitaingia.,Tatoeba,https://tatoeba.org/en/sentences/2247764
2125,I'll save you.,Nitakuokoa.,Tatoeba,https://tatoeba.org/en/sentences/2247806
2126,I'm a Christian.,Mimi ni mkristo.,Tatoeba,https://tatoeba.org/en/sentences/2247884
2127,Just slow down.,Punguza polepole.,Tatoeba,https://tatoeba.org/en/sentences/2249458
2128,Pull the plug.,Komesha.,Tatoeba,https://tatoeba.org/en/sentences/2249832
2129,Take your pills.,Meza vidonge vyako.,Tatoeba,https://tatoeba.org/en/sentences/2250069
2130,That's so embarrassing.,Hilo lina aibisha sana.,Tatoeba,https://tatoeba.org/en/sentences/2251245
2131,Will you give me a free hand in the matter?,Tafadhali niache nifanye maamuzi yangu binafsi kuhusu jambo hili.,Tatoeba,https://tatoeba.org/en/sentences/2253265
2132,You'd like it.,Ungeipenda.,Tatoeba,https://tatoeba.org/en/sentences/2255333
2133,Queen Victoria was married in 1840.,Malkia Victoria aliolewa mnamo 1840.,Tatoeba,https://tatoeba.org/en/sentences/2256499
2134,He guessed the amount of money I had in my pocket.,Alibahatisha kiasi cha pesa nilichokuwa nacho mfukoni mwangu.,Tatoeba,https://tatoeba.org/en/sentences/2258367
2135,He likes games of chance.,Anapenda michezo ya kubahatisha.,Tatoeba,https://tatoeba.org/en/sentences/2258401
2136,The superintendent lives on the ground floor.,Msimamizi anaishi kwenye sakafu ya ardhi.,Tatoeba,https://tatoeba.org/en/sentences/2259445
2137,Happiness has no taste without sadness.,Furaha haina ladha bila huzuni.,Tatoeba,https://tatoeba.org/en/sentences/2260148
2138,"After winning all the matches, he got the title of champion.","Baada ya kushinda mechi zote, alipata taji la ubingwa.",Tatoeba,https://tatoeba.org/en/sentences/2264631
2139,Medical marijuana is legal in this state.,Bangi ya matibabu ni halali katika jimbo hili.,Tatoeba,https://tatoeba.org/en/sentences/2265547
2140,I need a shirt with a stiff collar.,Nahitaji shati ya kola gumu.,Tatoeba,https://tatoeba.org/en/sentences/2267048
2141,"In South America, there are many traces of Indian culture.",Amerika Kusini kuna athari nyingi za tamaduni ya India.,Tatoeba,https://tatoeba.org/en/sentences/2267274
2142,The handling of dynamite is dangerous.,Kudhibiti baruti ni hatari.,Tatoeba,https://tatoeba.org/en/sentences/2268168
2143,The president's death caused great sorrow.,Kifo cha rais kilisababisha huzuni kubwa.,Tatoeba,https://tatoeba.org/en/sentences/2268461
2144,The river has its source in the Rocky Mountains.,Mto huo una chanzo chake katika Milima ya Rocky,Tatoeba,https://tatoeba.org/en/sentences/2268491
2145,The witnesses appeared before the judge.,Mashahidi walijitokeza mbele ya jaji.,Tatoeba,https://tatoeba.org/en/sentences/2268660
2146,Tom is at school.,Tom yuko shuleni.,Tatoeba,https://tatoeba.org/en/sentences/2273026
2147,Don't you have a meeting?,"Je, huna mkutano?",Tatoeba,https://tatoeba.org/en/sentences/2275384
2148,Have you ever kissed another girl?,"Je, umewahi kumbusu msichana mwingine?",Tatoeba,https://tatoeba.org/en/sentences/2275719
2149,I didn't mean to yell.,Sikutaka kupiga mayowe.,Tatoeba,https://tatoeba.org/en/sentences/2275892
2150,There's been too much talk about that marriage.,Watu wanazungumzia sana ndoa,Tatoeba,https://tatoeba.org/en/sentences/2282289
2151,I don't even have a boyfriend.,Sina hata mwandani wa kiume.,Tatoeba,https://tatoeba.org/en/sentences/2282538
2152,You obviously don't have time.,Kusema kweli huna wakati.,Tatoeba,https://tatoeba.org/en/sentences/2283693
2153,Lots of people identified the United Kingdom with London.,Watu wengi hutambua Uingereza na London.,Tatoeba,https://tatoeba.org/en/sentences/2283942
2154,There are lots of risky places in London.,"Huko Japan, kuna chemchem nyingi za maji moto.",Tatoeba,https://tatoeba.org/en/sentences/2283957
2155,Don't you feel happy and relaxed?,Hujisikii unafurahi na kupumzika?,Tatoeba,https://tatoeba.org/en/sentences/2288875
2156,We kept our word.,Tulitimiza ahadi yetu.,Tatoeba,https://tatoeba.org/en/sentences/2292314
2157,I assume that was the only way to get the job done in time.,Nadhani hiyo ilikuwa njia pekee ya kufanya kazi hiyo ifanyike kwa wakati.,Tatoeba,https://tatoeba.org/en/sentences/2293190
2158,"I had gotten no sleep the night before, so I kept dropping off during the meeting.","Sikuwa nimelala usiku uliopita, kwa hivyo nilizidi kusinzia wakati wa mkutano.",Tatoeba,https://tatoeba.org/en/sentences/2298630
2159,I'm off.,Sipo kazini.,Tatoeba,https://tatoeba.org/en/sentences/2301433
2160,We had a jolly good time.,Tulikuwa na wakati mzuri.,Tatoeba,https://tatoeba.org/en/sentences/2301512
2161,I can't believe we've finally finished the project.,Siamini kuwa tumekamilisha mradi mwishowe.,Tatoeba,https://tatoeba.org/en/sentences/2301933
2162,The Swiss Guards protect the pope.,Walinzi wa Uswizi wanamlinda Papa.,Tatoeba,https://tatoeba.org/en/sentences/2304016
2163,She put the dirty laundry in the washing machine.,Aliweka nguo chafu kwenye mashine ya kuosha.,Tatoeba,https://tatoeba.org/en/sentences/2304834
2164,I checked into a motel and went right to sleep.,Niliingia hotelini na kuenda kulala moja kwa moja.,Tatoeba,https://tatoeba.org/en/sentences/2307985
2165,I come from Boston.,Ninatoka Boston.,Tatoeba,https://tatoeba.org/en/sentences/2308006
2166,Pierce whatever ear you want. It doesn't mean you're gay.,Tobia sikio lolote utakalo. Haimaanishi kuwa wewe ni shoga.,Tatoeba,https://tatoeba.org/en/sentences/2311224
2167,The defendant stays in custody.,Mshtakiwa anakaa kizimbani.,Tatoeba,https://tatoeba.org/en/sentences/2313171
2168,I appreciate the value of what you're offering.,Ninathamini thamani ya kile unachotoa.,Tatoeba,https://tatoeba.org/en/sentences/2313688
2169,I did my job.,Nilifanya kazi yangu.,Tatoeba,https://tatoeba.org/en/sentences/2314846
2170,"This man is a police officer in the crime squad, not a criminal.","Mtu huyu ni afisa wa polisi katika kikosi cha uhalifu, sio mhalifu.",Tatoeba,https://tatoeba.org/en/sentences/2318105
2171,Michael Jackson was the most famous singer in the United States.,Michael Jackson alikuwa mwimbaji mashuhuri zaidi nchini Amerika.,Tatoeba,https://tatoeba.org/en/sentences/2318158
2172,I fail to understand what the problem is.,Nashindwa kuelewa shida ni nini.,Tatoeba,https://tatoeba.org/en/sentences/2325884
2173,I had to shoot my horse because he was in a lot of pain.,Ilinibidi fyatue farasi wangu kwa sababu alikuwa na maumivu makali.,Tatoeba,https://tatoeba.org/en/sentences/2331858
2174,She's an Ivy League graduate.,Yeye ni mhitimu wa Ivy League.,Tatoeba,https://tatoeba.org/en/sentences/2337548
2175,I feel a lack of confidence because I still have a ton of things to do.,Ninahisi kukosa na ujasiri kwani bado nina vitu vingi vya kufanya.,Tatoeba,https://tatoeba.org/en/sentences/2344597
2176,Is your mum at home?,Mamako yupo nyumbani?,Tatoeba,https://tatoeba.org/en/sentences/2345890
2177,"Of the past 3,400 years, humans have been entirely at peace for 268 of them, or just 8 percent of recorded history.","Katika miaka 3,400 iliyopita, wanadamu wamekuwa na amani kabisa kwa miaka 268 kati yao, au asilimia 8 tu katika historia.",Tatoeba,https://tatoeba.org/en/sentences/2347681
2178,The task of philosophy is to discover the toilet long before it is needed.,Kazi ya falsafa ni kugundua kitu muda mrefu kabla ya kuhitajika.,Tatoeba,https://tatoeba.org/en/sentences/2349393
2179,There wasn't a single survivor.,Hakukuwa na manusura hata mmoja.,Tatoeba,https://tatoeba.org/en/sentences/2353503
2180,May I call later?,Nipigie simu baadaye?,Tatoeba,https://tatoeba.org/en/sentences/2355827
2181,I have absolutely no clue.,Sina habari kamwe.,Tatoeba,https://tatoeba.org/en/sentences/2358851
2182,I've been sent to escort you.,Nimetumwa kukusindikiza.,Tatoeba,https://tatoeba.org/en/sentences/2359228
2183,I've got no complaints.,Sina malalamishi.,Tatoeba,https://tatoeba.org/en/sentences/2359666
2184,I know that doesn't look good.,Nafamu jambo hilo halipendezi.,Tatoeba,https://tatoeba.org/en/sentences/2361618
2185,"On behalf of the government, the mass media are abused.","Kwa niaba ya serikali, vyombo vya habari vinanyanyaswa.",Tatoeba,https://tatoeba.org/en/sentences/2365010
2186,We had an especially harsh winter.,Tulikuwa na msimu wa baridi kali.,Tatoeba,https://tatoeba.org/en/sentences/2368540
2187,I keep asking myself that same question.,Ninaendelea kujiuliza swali lilo hilo.,Tatoeba,https://tatoeba.org/en/sentences/2374675
2188,I know it was strange.,Ninajua kuwa alikuwa wa ajabu.,Tatoeba,https://tatoeba.org/en/sentences/2376032
2189,I know you're both angry with me.,Ninajua nyingi wawili mmenikasirikia.,Tatoeba,https://tatoeba.org/en/sentences/2376656
2190,I left you a note.,Nilikuachia barua.,Tatoeba,https://tatoeba.org/en/sentences/2377319
2191,I let my emotions cloud my judgment.,Ninaacha hisia zangu ziathiri uamuzi wangu.,Tatoeba,https://tatoeba.org/en/sentences/2377416
2192,"I may be old, but I'm not crazy.",Huenda Mimi ni mzee lakini sijarukwa akili.,Tatoeba,https://tatoeba.org/en/sentences/2387089
2193,I must tell you something.,Yanipasa kukuambia kitu.,Tatoeba,https://tatoeba.org/en/sentences/2387312
2194,I need you to explain something to me.,Nataka unifafanulie kitu.,Tatoeba,https://tatoeba.org/en/sentences/2387809
2195,He crossed the road on foot at the red light.,Alivuka barabara kwa miguu kwenye taa nyekundu.,Tatoeba,https://tatoeba.org/en/sentences/2388920
2196,I have a cat.,Nina paka.,Tatoeba,https://tatoeba.org/en/sentences/2399188
2197,Why don't we duck back inside?,Mbona tusirudi ndani?,Tatoeba,https://tatoeba.org/en/sentences/2402211
2198,I think you're attractive.,Nadhani unapendeza.,Tatoeba,https://tatoeba.org/en/sentences/2402614
2199,I still can't believe it.,Bado siwezi kuiamini.,Tatoeba,https://tatoeba.org/en/sentences/2406585
2200,I suppose you'll be needing this.,Nadhani utahitaji hii.,Tatoeba,https://tatoeba.org/en/sentences/2406923
2201,I think I have it figured out.,Nafikiri nimeisuluhisha.,Tatoeba,https://tatoeba.org/en/sentences/2407774
2202,No worries.,Hakuna matata.,Tatoeba,https://tatoeba.org/en/sentences/2409791
2203,I have two cats.,Nina paka wawili.,Tatoeba,https://tatoeba.org/en/sentences/2412739
2204,Her father is a bank employee.,Baba yake anafanya kazi benki.,Tatoeba,https://tatoeba.org/en/sentences/2422986
2205,All she received was a slap on the wrist.,Kitu alichopokea ni kofi kwenye kifundo mkononi.,Tatoeba,https://tatoeba.org/en/sentences/2427886
2206,She is a singer.,Yeye ni mwimbaji.,Tatoeba,https://tatoeba.org/en/sentences/2429354
2207,"Although the United States has some of the most modern weapons in the world, it has won very few wars.","Ingawa Amerika ina silaha zingine za kisasa zaidi ulimwenguni, imeshinda vita chache sana.",Tatoeba,https://tatoeba.org/en/sentences/2435453
2208,Italian Americans are famous for not being able to speak Italian. It's really a shame!,Waitaliano wa Kimarekani wanajulikana kwa kutoweza kuongea Kitaliano. Ni aibu kweli!,Tatoeba,https://tatoeba.org/en/sentences/2438239
2209,Mary is a woman.,Mary ni mwanamke.,Tatoeba,https://tatoeba.org/en/sentences/2442288
2210,The centre will remain closed for two months during the summer.,Kituo hicho kitabakia kufungwa kwa miezi miwili wakati wa msimu wa joto.,Tatoeba,https://tatoeba.org/en/sentences/2444109
2211,Grandmother's passing away came as a great blow to the entire family.,Kuaga kwa bibi kulikuwa pigo kubwa kwa familia nzima.,Tatoeba,https://tatoeba.org/en/sentences/2445252
2212,I studied French for three years with a native speaker.,Nilisoma Kifaransa kwa miaka tatu na mzaliwa wa lugha.,Tatoeba,https://tatoeba.org/en/sentences/2451109
2213,Who's the one who's writing this bullshit?,Ni nani anayeandika upuuzi huu?,Tatoeba,https://tatoeba.org/en/sentences/2452511
2214,She's more popular than me.,Yeye ni maarufu kuliko mimi.,Tatoeba,https://tatoeba.org/en/sentences/2453630
2215,He's more popular than me.,Yeye ni maarufu kuliko mimi.,Tatoeba,https://tatoeba.org/en/sentences/2453632
2216,My computer stopped working a few days ago.,Kompyuta yangu iliacha kufanya kazi siku chache zilizopita.,Tatoeba,https://tatoeba.org/en/sentences/2455514
2217,This book was a great bargain.,Kitabu hiki kilikuwa ushawishi mkubwa.,Tatoeba,https://tatoeba.org/en/sentences/2459499
2218,Beat the egg before putting it in the soup.,Twanga yai kabla ya kuliweka kwenye supu.,Tatoeba,https://tatoeba.org/en/sentences/2464745
2219,I can't stop thinking about him.,Siwezi kuacha kumfikiria.,Tatoeba,https://tatoeba.org/en/sentences/2470800
2220,The machine was working at full blast.,Mashine ilikuwa ikifanya kazi kamili.,Tatoeba,https://tatoeba.org/en/sentences/2474254
2221,How can I sleep when there are unknown lands within?,Ninawezaje kulala wakati kuna ardhi isiyojulikana?,Tatoeba,https://tatoeba.org/en/sentences/2474393
2222,Mr David seems tired.,Bwana David anaonekana amechoka.,Tatoeba,https://tatoeba.org/en/sentences/2481293
2223,They discovered a very talented player during summer training.,Waligundua mchezaji mwenye talanta sana wakati wa mafunzo ya majira ya joto.,Tatoeba,https://tatoeba.org/en/sentences/2483671
2224,The crime would have been perfect if the thief hadn't forgotten to wipe his fingerprints.,Uhalifu huo ungekamilika ikiwa mwizi hangesahau kufuta alama za vidole.,Tatoeba,https://tatoeba.org/en/sentences/2485100
2225,Good question.,Swali nzuri.,Tatoeba,https://tatoeba.org/en/sentences/2485268
2226,We tend to think that our time is really only ours on Sunday and during the holidays.,Huwa tunafikiria kwamba wakati wetu ni wetu tu Jumapili na wakati wa likizo.,Tatoeba,https://tatoeba.org/en/sentences/2486826
2227,I would prefer to spend six months in jail rather than getting busted.,Ningependa kukaa jela miezi sita badala ya kuaibishwa.,Tatoeba,https://tatoeba.org/en/sentences/2488232
2228,I was a second lieutenant in the special forces.,Nilikuwa luteni wa pili kwenye kikosi maalum.,Tatoeba,https://tatoeba.org/en/sentences/2488241
2229,My telephone plan does not accept reverse charge calls.,Utaratibu wa malipo wa simu yangu haukubali kulipia simu za kugeuza malipo.,Tatoeba,https://tatoeba.org/en/sentences/2488366
2230,Do not drink the water in the dirty glass!,Usinywe maji yaliyo bilaurini!,Tatoeba,https://tatoeba.org/en/sentences/2488393
2231,Even a small amount of human blood in the water can attract sharks from miles away.,Hata kiwango kidogo cha damu ya binadamu ndani ya maji kinaweza kumvutia papa aliye maili mbali.,Tatoeba,https://tatoeba.org/en/sentences/2493533
2232,We're trying to cut down expenses.,Tunajaribu kupunguza gharama.,Tatoeba,https://tatoeba.org/en/sentences/2497828
2233,Half an hour passed.,Saa nusu imepita.,Tatoeba,https://tatoeba.org/en/sentences/2498606
2234,"I dropped her a broad hint, but she didn't catch on.",Nilimdokezea kitu lakini hakuelewa.,Tatoeba,https://tatoeba.org/en/sentences/2503070
2235,"When I was in New York, I visited Brooklyn.",Nilitembelea Brooklyn nilipokuwa New York.,Tatoeba,https://tatoeba.org/en/sentences/2514895
2236,Even your silence can be a part of prayer.,Hata ukimya wako unaweza kuwa sehemu ya sala.,Tatoeba,https://tatoeba.org/en/sentences/2520727
2237,It's summer already.,Ni msimu ya jua kali tayari.,Tatoeba,https://tatoeba.org/en/sentences/2531427
2238,A promise is a debt.,Ahadi ni deni.,Tatoeba,https://tatoeba.org/en/sentences/2534999
2239,Emily is afraid of heights.,Emily ana hofu ya kuwa mahali palipo na urefu wa juu.,Tatoeba,https://tatoeba.org/en/sentences/2535411
2240,My friends generally call me Freddy.,"Kiujumla, rafiki zangu huniita Freddy.",Tatoeba,https://tatoeba.org/en/sentences/2536027
2241,I'm going to do my homework right after dinner.,Nitafanya kazi yangu ya shule baada tu ya kula chakula cha jioni.,Tatoeba,https://tatoeba.org/en/sentences/2537792
2242,I thought you might be interested in this.,Nilifikiria kuwa unaweza kuna na nia na hii.,Tatoeba,https://tatoeba.org/en/sentences/2538431
2243,I'll personally guarantee your safety.,Nitakuhakikishia usalama wako.,Tatoeba,https://tatoeba.org/en/sentences/2539223
2244,I'm not trying to control you.,Mimi sijaribu kukuthibiti.,Tatoeba,https://tatoeba.org/en/sentences/2542380
2245,I'm pleased to have you here.,Nimefurahiya kuwa nawe hapa.,Tatoeba,https://tatoeba.org/en/sentences/2542929
2246,I'm beginning to understand.,Ninaanza kuelewa.,Tatoeba,https://tatoeba.org/en/sentences/2543611
2247,You need to listen to us.,Unahitaji kutusikiliza.,Tatoeba,https://tatoeba.org/en/sentences/2545054
2248,The restaurant was quiet.,Mkahawa ulikuwa kimya.,Tatoeba,https://tatoeba.org/en/sentences/2545244
2249,I was just being polite.,Nikuwa mkarimu tu.,Tatoeba,https://tatoeba.org/en/sentences/2546162
2250,I'm open to new ideas.,Niko wazi kwa maoni mapya.,Tatoeba,https://tatoeba.org/en/sentences/2547141
2251,I'm going to win this.,Nitashinda hili.,Tatoeba,https://tatoeba.org/en/sentences/2547195
2252,I'm glad you think so.,Ni vyema unafikiria.,Tatoeba,https://tatoeba.org/en/sentences/2547212
2253,I'm in the kitchen.,Nipo jikoni.,Tatoeba,https://tatoeba.org/en/sentences/2548709
2254,I'll come help you.,Nitakusaidia.,Tatoeba,https://tatoeba.org/en/sentences/2548795
2255,Tom was at school.,Tom alikuwa shuleni.,Tatoeba,https://tatoeba.org/en/sentences/2548957
2256,You're my woman.,Wewe ni mwanamke wangu.,Tatoeba,https://tatoeba.org/en/sentences/2549404
2257,I'll get to it.,Nitaishughulikia.,Tatoeba,https://tatoeba.org/en/sentences/2549648
2258,A few loose ends remain to be cleared up.,Machache bado yamesalia kukamilishwa.,Tatoeba,https://tatoeba.org/en/sentences/2549928
2259,"Learning a new language is like meeting someone for the first time who always claims you are wrong, and worse - has the ability to prove it.","Kujifunza lugha mpya ni kama kukutana na mtu kwa mara ya kwanza ambaye kila wakati anadai kuwa umekosea, na mbaya zaidi - ana uwezo wa kuthibitisha.",Tatoeba,https://tatoeba.org/en/sentences/2555756
2260,"The chances of being attacked by a shark are very low, especially in a pool.","Nafasi za kushambuliwa na papa ni za chini sana, haswa katika dimbwi.",Tatoeba,https://tatoeba.org/en/sentences/2556515
2261,Are the Bush administration and al-Qaida the two sides of the same coin?,"Je, utawala wa Bush na al-Qaida ni pande mbili za sarafu moja?",Tatoeba,https://tatoeba.org/en/sentences/2559197
2262,The floor is cold.,Sakafu ni baridi.,Tatoeba,https://tatoeba.org/en/sentences/2561956
2263,My sister is a genius!,Dada yangu ni mwerevu sana!,Tatoeba,https://tatoeba.org/en/sentences/2562823
2264,"If you press the nose, the mouth opens.","Ikifinya pua, mdomo utafunguka.",Tatoeba,https://tatoeba.org/en/sentences/2562845
2265,You can judge your age by the amount of pain you feel when you come in contact with a new idea.,Unaweza kujua umri wako kwa kiasi cha maumivu unayosikia unapokutana na wazo jipya.,Tatoeba,https://tatoeba.org/en/sentences/2569582
2266,"When the cat is blind, the mouse becomes bold.","Paka akiwa kipofu, panya anakuwa jasiri.",Tatoeba,https://tatoeba.org/en/sentences/2570273
2267,I love the sound of wind chimes.,Ninapenda sauti ya mchechemo wa upepo.,Tatoeba,https://tatoeba.org/en/sentences/2570934
2268,"Dig for gold, dig a well, dig chicken bones.:)","Chimba dhahabu, chimba kisima, chimba mifupa ya kuku.:)",Tatoeba,https://tatoeba.org/en/sentences/2574423
2269,"While feeding only on hope, you can die of hunger.","Kujilisha tu kwa matumaini, unaweza kufa kwa njaa.",Tatoeba,https://tatoeba.org/en/sentences/2575281
2270,The handle of an axe is Death to its own tribe.,Kishikio cha shoka ni kifo kwa kabila lake.,Tatoeba,https://tatoeba.org/en/sentences/2575721
2271,"While calling her mother, she suddenly remembered something.","Alipokuwa akipigia mamake simu, ghafla alikumbuka kitu.",Tatoeba,https://tatoeba.org/en/sentences/2579378
2272,I'll sell a kidney to the one who finds it.,Nitauza figo kwa yeyote yule anayeitafuta.!,Tatoeba,https://tatoeba.org/en/sentences/2582490
2273,I'd like to see the sixth film of Harry Potter.,Ningependa kutazama filamu ya sita ya Harry Potter.,Tatoeba,https://tatoeba.org/en/sentences/2584122
2274,He's a used car salesman.,Ni muuzaji wa magari ya mitumba.,Tatoeba,https://tatoeba.org/en/sentences/2585478
2275,Keeping a horse is a big responsibility.,Kutunza farasi ni jukumu kubwa.,Tatoeba,https://tatoeba.org/en/sentences/2586975
2276,The ground beef was found to contain horse meat.,Nyama ya ardhini ilipatikana na nyama ya farasi.,Tatoeba,https://tatoeba.org/en/sentences/2587043
2277,I want to be a nature photographer.,Nataka kuwa mpiga picha wa asili.,Tatoeba,https://tatoeba.org/en/sentences/2590308
2278,"Currently, both of these projects have been realized.","Hivi sasa, miradi hizi zote miwili zimekamilishwa.",Tatoeba,https://tatoeba.org/en/sentences/2594322
2279,The international code for calling Italy is 39.,Kodi ya kupiga simu kimataifa nchini Italia ni 39.,Tatoeba,https://tatoeba.org/en/sentences/2595643
2280,My eyes weren't sharp enough to tell whether the black spot on the ceiling was a spider or a fly.,Macho yangu hayakuwa makali vya kutosha kujua ikiwa doa nyeusi kwenye dari lilikuwa buibui au nzi.,Tatoeba,https://tatoeba.org/en/sentences/2609416
2281,I want a Hello Kitty pencil board.,Ninataka bodi ya penseli ya Hello.,Tatoeba,https://tatoeba.org/en/sentences/2609706
2282,The lower lip is bigger than the upper lip.,Mdomo wa chini ni mkubwa kuliko mdomo wa juu.,Tatoeba,https://tatoeba.org/en/sentences/2610088
2283,I'm begging you father. Please get on good terms with him. This friendship is so dear to me that I can't put it into words.,Nakuomba baba. Tafadhali tafuta upatanishi naye. Nathamini urafiki huu sana kiasi kwamba siwezi kusema.,Tatoeba,https://tatoeba.org/en/sentences/2610154
2284,Do you agree or disagree?,"Je, unakubali ua unakataa?",Tatoeba,https://tatoeba.org/en/sentences/2610912
2285,"In the eyes of many, poverty is much worse than vice: it's a weakness.","Machoni mwa watu wengi, umaskini ni mbaya zaidi kuliko uovu: ni udhaifu.",Tatoeba,https://tatoeba.org/en/sentences/2617173
2286,I'll try to kill two birds with one stone and get my wife an anniversary present during my business trip to the States.,Nitajaribu kutekeleza mambo yote mawili na kumtafutia mke wangu zawaidi ukumbusho wakati wa safari yangu ya biashara Amerika.,Tatoeba,https://tatoeba.org/en/sentences/2621105
2287,This knife is razor sharp.,Kisu hiki ni kali kama wembe,Tatoeba,https://tatoeba.org/en/sentences/2627961
2288,You can avoid this kind of problem if you bear these tips in mind.,Unaweza kuepuka tatizo kama hili ikiwa utazingatia vidokezo hivi.,Tatoeba,https://tatoeba.org/en/sentences/2630323
2289,He ate a goat cheese burger.,Alikula steki ya nyama ya mbuzi.,Tatoeba,https://tatoeba.org/en/sentences/2633507
2290,Your voice makes my ears bleed!,Sauti yako inaharibu masikio yangu.,Tatoeba,https://tatoeba.org/en/sentences/2635129
2291,Do you think I'm an idiot that I would fall for such an old trick?,Unafikiri mimi ni mjinga nikakubali ujanja huo wa zamani?,Tatoeba,https://tatoeba.org/en/sentences/2639246
2292,What were you doing in my apartment?,Ulikuwa unafanya nini kwenye chumba changu?,Tatoeba,https://tatoeba.org/en/sentences/2641398
2293,Are you wearing lipstick?,"Je, umepata lipstick?",Tatoeba,https://tatoeba.org/en/sentences/2645112
2294,We need some more time.,Tunahitaji wakati zaidi.,Tatoeba,https://tatoeba.org/en/sentences/2645686
2295,Have yourself a drink.,Karibu kinywaji.,Tatoeba,https://tatoeba.org/en/sentences/2646612
2296,Was the door closed?,"Je, mlango ulikuwa umefungwa?",Tatoeba,https://tatoeba.org/en/sentences/2647366
2297,We had our reasons.,Tulikuwa na sababu zetu.,Tatoeba,https://tatoeba.org/en/sentences/2647836
2298,Is that a secret?,Hiyo ni siri?,Tatoeba,https://tatoeba.org/en/sentences/2648805
2299,The soldiers forced the young men to join the army.,Maaskari waliwalazimisha vijana wadogo kujiunga na jeshi.,Tatoeba,https://tatoeba.org/en/sentences/2649974
2300,I drank the coffee.,Nilikunywa kahawa.,Tatoeba,https://tatoeba.org/en/sentences/2652577
2301,"How can we ask for humans to respect nature, the planet and the animals if respect between them does not exist?","Tunawezaje kuuliza binadamu kuheshimu maumbile, sayari na wanyama ikiwa heshima kati yao haipo?",Tatoeba,https://tatoeba.org/en/sentences/2652919
2302,Adopt the pace of nature: her secret is patience.,Pitisha kasi ya maumbile: siri yake ni uvumilivu.,Tatoeba,https://tatoeba.org/en/sentences/2655140
2303,A group of men stands in front of the hut.,Kundi la wanaume limesimama mbele ya kibanda.,Tatoeba,https://tatoeba.org/en/sentences/2658303
2304,This accident has caused him psychological trauma.,Ajali hii imesababisha kiwewe cha kisaikolojia.,Tatoeba,https://tatoeba.org/en/sentences/2660182
2305,Er? What did I come to this room for?,Er? Nilikuja chumba hiki kufanya nini?,Tatoeba,https://tatoeba.org/en/sentences/2660343
2306,The password should have a minimum of six characters.,Neno la siri linapaswa kuwa na angalau herufi sita.,Tatoeba,https://tatoeba.org/en/sentences/2660400
2307,"If there had been a problem, we'd have heard about it.","Ikiwa kulikuwa na shida, tungejua.",Tatoeba,https://tatoeba.org/en/sentences/2662619
2308,We've got a major problem on our hands.,Tuna shida kubwa kwenye mikono yetu.,Tatoeba,https://tatoeba.org/en/sentences/2662992
2309,The problem was time.,Tatizo lilikuwa muda.,Tatoeba,https://tatoeba.org/en/sentences/2663575
2310,Walking on a train platform while using your cellphone is very dangerous.,Kutembea kwenye jukwa la kupandia treni wakati unaongea na simu ni hatari.,Tatoeba,https://tatoeba.org/en/sentences/2665172
2311,They robbed the jewelry store during the night.,Waliiba duka la mapambo usiku.,Tatoeba,https://tatoeba.org/en/sentences/2667412
2312,Elaine is in hospital.,Elaine yuko hospitalini.,Tatoeba,https://tatoeba.org/en/sentences/2667576
2313,x does not belong to the set B because it belongs to the set A.,x haipo katika seti B kwa sababu ipo katika seti A.,Tatoeba,https://tatoeba.org/en/sentences/2672302
2314,"All around, as far as the eye could reach, nothing could be seen but fields of ice, in which the ship remained stuck fast.","Sehemu zote, jicho lilipoweza kufikia kuona, hakuna kitu kilichoweza kuonekana isipokuwa uwanja wa barafu, ambamo meli ilibaki ikishikilia sana.",Tatoeba,https://tatoeba.org/en/sentences/2672627
2315,It's best to discuss relationship issues directly with your partner.,Ni bora kujadili masuala ya uhusiano moja kwa moja na mwenzi wako.,Tatoeba,https://tatoeba.org/en/sentences/2673518
2316,I think that there are more people in the countryside with a big heart than there are in the city.,Nafikiria kuna watu wengi kule masgambani walio na roho nzuri kuliko jijini.,Tatoeba,https://tatoeba.org/en/sentences/2673809
2317,"Her courage was like that of a man, and in man's clothes she served as a sailor on board ship.","Ujasiri wake ulikuwa kama ule wa mwanaume, na katika nguo za mwanaume alikuwa mhudumu wa meli baharini.",Tatoeba,https://tatoeba.org/en/sentences/2674693
2318,I can well remember the passionate interest that took possession of my entire body and soul when I first fell in love.,Ninakumbuka vyema shauku ya kupenda ambayo ilimiliki mwili na roho yangu yote nilipoanza kupenda.,Tatoeba,https://tatoeba.org/en/sentences/2674740
2319,He talked to me every day.,Aliongea nami kila siku.,Tatoeba,https://tatoeba.org/en/sentences/2675992
2320,Bon voyage! May you have good luck on your journey.,Safari njema! Uwe na bahati njema katika safari yako.,Tatoeba,https://tatoeba.org/en/sentences/2677810
2321,"“I can bring my laptop for you to copy it.” “Oh, don’t bother, no need to carry it around, I’d rather give you a memory stick later.”","""Naweza kuleta kipakatakilishi changu ili unakili."" ""Ah, usijisumbue, hakuna haja ya kuibeba, badala yake nitakupa flashi baadaye.""",Tatoeba,https://tatoeba.org/en/sentences/2678348
2322,Children are the flowers of our lives.,Watoto ni maua ya maisha yetu.,Tatoeba,https://tatoeba.org/en/sentences/2686464
2323,This store closes at nine o'clock every night.,Duka hili hufunga saa tisa kila usiku.,Tatoeba,https://tatoeba.org/en/sentences/2688161
2324,They moved house in search of greater comfort and security.,Wakahamia nyumba wakitafuta faraja kubwa na usalama.,Tatoeba,https://tatoeba.org/en/sentences/2688455
2325,This singer is an idol of the youth.,Mwimbaji huyu ni sanamu ya ujana.,Tatoeba,https://tatoeba.org/en/sentences/2696659
2326,I wrote a book about China.,Niliandika kitabu kuhusu China.,Tatoeba,https://tatoeba.org/en/sentences/2699084
2327,We bought ourselves a 27 foot travel trailer.,Tulijinunulia trela ya kusafiri kwa miguu 27.,Tatoeba,https://tatoeba.org/en/sentences/2699232
2328,Knowledge without common sense will lead you nowhere.,Maarifa bila akili hayatakufikisha popote.,Tatoeba,https://tatoeba.org/en/sentences/2699930
2329,The weather is really bad.,Hali ya hewa ni mbaya sana.,Tatoeba,https://tatoeba.org/en/sentences/2701400
2330,"Gosh, that Italian family at the next table sure is quiet.","Gosh, familia hiyo ya kiitalia kwenye meza inayofuata imekimya.",Tatoeba,https://tatoeba.org/en/sentences/2703349
2331,"I speak English and you, what language do you speak?","Mimi nazungumza Kiingereza na wewe, unazungumza lugha gani?",Tatoeba,https://tatoeba.org/en/sentences/2704155
2332,Hit the ball after the bounce.,Piga mpira baada ya mdundo.,Tatoeba,https://tatoeba.org/en/sentences/2705320
2333,"You guys will be there, right?","Mutakuwepo hapo, sivyo?",Tatoeba,https://tatoeba.org/en/sentences/2713062
2334,It's likely to rain tomorrow.,Huenda kesho mvua ikanyesha.,Tatoeba,https://tatoeba.org/en/sentences/2713169
2335,What's your nationality?,Nini uraia wako?,Tatoeba,https://tatoeba.org/en/sentences/2713454
2336,It's wrong to tell lies.,Si vizuri kusema uongo.,Tatoeba,https://tatoeba.org/en/sentences/2713482
2337,It's three o'clock.,Ni saa tisa.,Tatoeba,https://tatoeba.org/en/sentences/2714672
2338,The box was nailed shut.,Sanduku lilifungiwa.,Tatoeba,https://tatoeba.org/en/sentences/2718440
2339,German banks are among Europe's most troubled.,Mabenki ya Ujerumani ni miongoni mwa ya Ulaya yenye shida zaidi.,Tatoeba,https://tatoeba.org/en/sentences/2720589
2340,Where did you get that sweater? At the Salvation Army or from the trash?,Je! Ulipata wapi sweta hiyo? Kwenye Jeshi la Wokovu au kutoka kwa takataka?,Tatoeba,https://tatoeba.org/en/sentences/2720735
2341,I received this electric knife as a gift.,Nilipokea kisu hiki cha umeme kama zawadi.,Tatoeba,https://tatoeba.org/en/sentences/2722186
2342,"He's a star in Germany, but completely unknown in America.","Yeye ni nyota nchini Ujerumani, lakini hajulikani kabisa Amerika.",Tatoeba,https://tatoeba.org/en/sentences/2724292
2343,"The whole village was dark and deserted. The stores were closed, the doors, the windows. In the streets, not even a dog could be seen. It seemed the Village of the Dead.","Kijiji kizima kilikuwa giza na mahame. Duka zilikuwa zimefungwa, milango na madirisha. Mitaani, hata mbwa hakuonekana. Ilionekana kama Kijiji cha Wafu.",Tatoeba,https://tatoeba.org/en/sentences/2724494
2344,"His beard was as black as pitch, and so long that it reached from his chin down to his feet.","Ndevu zake zilikuwa nyeusi kama shimo, na ndefu kiasi kwamba ilifikia kutoka kidevu chake hadi miguu yake.",Tatoeba,https://tatoeba.org/en/sentences/2724539
2345,"""Who are you?"" he asked. ""I am the ghost of the Talking Cricket,"" answered the little being in a faint voice that sounded as if it came from a far-away world.","""Wewe ni nani?"" Aliuliza. ""Mimi ni mzuka wa Talking Cricket,"" akajibu yule mtu kwa sauti dhaifu ambayo ilisikika kana kwamba inatoka kwa ulimwengu wa mbali.",Tatoeba,https://tatoeba.org/en/sentences/2724569
2346,Suddenly a huge wave came and the boat disappeared.,Ghafla wimbi kubwa likaja na mashua ikatoweka.,Tatoeba,https://tatoeba.org/en/sentences/2724674
2347,She wore a pink belt that was as ugly as it was expensive.,Alivaa ukanda wa pinki ambao ulikuwa bovu kama ulivyo ghali.,Tatoeba,https://tatoeba.org/en/sentences/2725760
2348,Mr. Cameron forgot his daughter at the pub.,Bwana Cameron alimsahau binti yake kwenye baa.,Tatoeba,https://tatoeba.org/en/sentences/2729970
2349,"In the Land of Toys, every day, except Sunday, is a Saturday. Vacation begins on the first of January and ends on the last day of December.","Katika ulimwengu wa Toys, kila siku, isipokuwa Jumapili, ni Jumamosi. Likizo huanza tarehe ya kwanza ya Januari na kuishia siku ya mwisho ya Desemba.",Tatoeba,https://tatoeba.org/en/sentences/2732959
2350,"When bad boys become good and kind, they have the power of making their homes gay and new with happiness.","Wakati vijana wabaya wanakuwa wazuri na wakarimu, wanauwezo wa kufanya nyumba ichangamke na iwe mpya kwa furaha.",Tatoeba,https://tatoeba.org/en/sentences/2733078
2351,Nothing can travel faster than the speed of light in a vacuum.,Hakuna kitu kinachoweza kusafiri kwa kasi kuliko kasi ya taa kwenye utupu.,Tatoeba,https://tatoeba.org/en/sentences/2735268
2352,Did he get here last term?,Alifika hapa muhula uliopita?,Tatoeba,https://tatoeba.org/en/sentences/2737499
2353,"When any pretty maiden came near the castle, she was changed into a bird, and the fairy put her into a cage, and hung her up in a chamber in the castle.","Mtumishi yeyote mrembo alipokuja karibu na kasri, alibadilishwa kuwa ndege, na kumtia vizuri ngomeni, na akamfunga kwenye chumba ndani ya kasri.",Tatoeba,https://tatoeba.org/en/sentences/2740436
2354,Jorge speaks four languages.,Jorge azungumza lugha nne.,Tatoeba,https://tatoeba.org/en/sentences/2740801
2355,Hi!,Jambo!,Tatoeba,https://tatoeba.org/en/sentences/2742244
2356,Jerusalem is the Holy City of the Jews.,Yerusalemu ni Mji Mtakatifu wa Wayahudi.,Tatoeba,https://tatoeba.org/en/sentences/2744035
2357,Would you mind giving me your chocolate cake recipe?,"Je, unaweza kunipa mwongozo wako wa kupika keki ya chokoleti?",Tatoeba,https://tatoeba.org/en/sentences/2744631
2358,She was my sole source of happiness.,Alikuwa chanzo changu cha furaha cha kipekee.,Tatoeba,https://tatoeba.org/en/sentences/2745438
2359,"For centuries, foreign language teaching focused on reading and writing.","Kwa karne, ufundishaji wa lugha ya kigeni ililenga kusoma na kuandika.",Tatoeba,https://tatoeba.org/en/sentences/2746172
2360,Dad uses fire to roast a chicken.,Baba anatumia moto kuchoma kuku.,Tatoeba,https://tatoeba.org/en/sentences/2747316
2361,"He'd used the dirty brush to paint the wall green, and he did not clean it afterwards.","Alitumia brashi chafu kupaka rangi ya kijani kibichi, na hakuisafisha baadaye.",Tatoeba,https://tatoeba.org/en/sentences/2754905
2362,"The country house was complete, with a swimming pool, a barbecue, a soccer field and a pool table.","Nyumba ya mashambani ilijumuishwa pamoja na bwawa la kuogelea, sehemu ya kuchoma nyama, uwanja wa mpira na meza ya mchezo wa pool.",Tatoeba,https://tatoeba.org/en/sentences/2754963
2363,Solar energy does not threaten the environment.,Nishati ya jua haitishi mazingira.,Tatoeba,https://tatoeba.org/en/sentences/2755127
2364,Did you charge the battery of your mobile phone?,Uliweka chaji betri ya simu yako ya simu ya mkono?,Tatoeba,https://tatoeba.org/en/sentences/2756373
2365,I took my boots off because my feet were freezing.,Niliondoa buti zangu kwa sababu miguu yangu ilikuwa na baridi.,Tatoeba,https://tatoeba.org/en/sentences/2756499
2366,"The brain is the center of every mind, soul, and muscle energy.","Ubongo ndio kitovu cha kila akili, roho, na nguvu ya misuli.",Tatoeba,https://tatoeba.org/en/sentences/2756544
2367,Can you recommend a good story where a handsome prince and an ordinary girl fall in love?,Unaweza kupendekeza hadithi nzuri ambapo mfalme na msichana wa kawaida wamependana?,Tatoeba,https://tatoeba.org/en/sentences/2756727
2368,Steel is a widely-used material in civil construction.,Chuma ni zana inayotumiwa sana katika ujenzi.,Tatoeba,https://tatoeba.org/en/sentences/2760413
2369,That's a lame excuse for giving up the work.,Hicho ni kisingizio cha kuacha kazi.,Tatoeba,https://tatoeba.org/en/sentences/2761520
2370,Riding a bike that doesn't have brakes is a pretty stupid thing to do.,Kuendesha baiskeli ambayo haina breki ni jambo la kijinga kufanya.,Tatoeba,https://tatoeba.org/en/sentences/2763358
2371,"A horse walks into a bar. The bartender asks, ""Why such a long face?""","Farasi anatembea ndani ya baa. Bartender anauliza, ""Kwa nini umekasirika?""",Tatoeba,https://tatoeba.org/en/sentences/2763366
2372,She's more beautiful than me.,Ni mrembo kuniliko.,Tatoeba,https://tatoeba.org/en/sentences/2764168
2373,The vampire is sucking my blood.,Mnyonya damu ananyonya damu yangu.,Tatoeba,https://tatoeba.org/en/sentences/2764743
2374,This programme is not suitable for your age group.,Programu hii haifai kwa rika lako.,Tatoeba,https://tatoeba.org/en/sentences/2764817
2375,He loves science fiction.,Anapenda bunilizi ya sayansi.,Tatoeba,https://tatoeba.org/en/sentences/2765310
2376,"Wearing a suit doesn't turn you into a mature, responsible member of society.",Kuvaa suti haikugeuzli kuwa mwanajamii aliyekomaa na anayewajibika.,Tatoeba,https://tatoeba.org/en/sentences/2765314
2377,I'm thirty now.,Niko na miaka thelathini sasa.,Tatoeba,https://tatoeba.org/en/sentences/2765317
2378,It's summer all year round when I'm with you.,Ni majira ya joto kila mwaka ninapokuwa nawe.,Tatoeba,https://tatoeba.org/en/sentences/2765478
2379,His parents live in the main county town.,Wazazi wake wanaishi katika mji wa kaunti kuu.,Tatoeba,https://tatoeba.org/en/sentences/2767830
2380,My father took me to the movies last night.,Baba yangu alinipeleka kwenye sinema jana usiku.,Tatoeba,https://tatoeba.org/en/sentences/2769454
2381,"The guests won't arrive for an hour. In the meantime, we can set the table.","Wageni hawatafika kwa saa moja. Kwa sasa, tunaweza kuandaa meza.",Tatoeba,https://tatoeba.org/en/sentences/2771417
2382,"Recently, I've been waking up several times during the night, so I'm suffering somewhat from lack of sleep.","Hivi majuzi, nimekuwa nikiamka mara kadhaa wakati wa usiku, kwa hivyo ninaugua kukosa usingizi.",Tatoeba,https://tatoeba.org/en/sentences/2776513
2383,Heather loves the way she lives her life.,Heather anapenda jinsi anaishi maisha yake.,Tatoeba,https://tatoeba.org/en/sentences/2782765
2384,"Add the powder, stir it, and Bob's your uncle.","Ongeza poda, koroga, na Bob mjomba wako.",Tatoeba,https://tatoeba.org/en/sentences/2790257
2385,I like fish more than meat.,Napenda samaki kuliko nyama.,Tatoeba,https://tatoeba.org/en/sentences/2790385
2386,For your bed itself cries out that you aren't letting yourself throw the nights away in vain.,Kwa kitanda chako chenyewe hulilia kwamba haujiachilii kutupa usiku bure.,Tatoeba,https://tatoeba.org/en/sentences/2790473
2387,He spoke only to the chief of police and not to the policeman.,Alimsemesha tu mkuu wa polisi na wala sio polisi.,Tatoeba,https://tatoeba.org/en/sentences/2792580
2388,The fence is part wood and part stone.,Sehemu fulani ya fensi in kuni na nyingine ni jiwe.,Tatoeba,https://tatoeba.org/en/sentences/2796790
2389,It is dangerous to lean out.,Ni hatari kutegemea nje.,Tatoeba,https://tatoeba.org/en/sentences/2798485
2390,"Despite our bad luck, we had one bit of good luck: we had performed a full backup the day before.","Licha ya bahati yetu mbaya, tulikuwa na bahati nzuri moja: tulikuwa tulisasisha kamili siku iliyopita.",Tatoeba,https://tatoeba.org/en/sentences/2798898
2391,"""Mom, you need to sign this."" ""Let me read it."" ""No, it's okay. You don't have to.""","Mama, unahitaji kutia sahihi. Wacha niisome. La, ni sawa. Hulazimiki.",Tatoeba,https://tatoeba.org/en/sentences/2799061
2392,Nothing gives an artist as much strength as the knowledge that there is at least one person who views his creation with great love.,Hakuna kinachompa msanii nguvu nyingi kama ufahamu kwamba kuna mtu angalau mmoja anayeona uumbaji wake kwa upendo mkubwa.,Tatoeba,https://tatoeba.org/en/sentences/2799087
2393,Nothing gives an artist as much strength as the knowledge that there is at least one person who loves deeply what he has created.,Hakuna kinachompa msanii nguvu nyingi kama ufahamu kwamba kuna mtu angalau mmoja ambaye anapenda sana kile ameunda.,Tatoeba,https://tatoeba.org/en/sentences/2799094
2394,The United States Congress makes the laws.,Bunge la Amerika huunda sheria.,Tatoeba,https://tatoeba.org/en/sentences/2801231
2395,"My grandfather was a pirate, a treasure hunter.","Babu yangu alikuwa haramia yaani, mwindaji wa hazina.",Tatoeba,https://tatoeba.org/en/sentences/2803068
2396,I am an English teacher.,Mimi ni mwalimu wa Kiingereza.,Tatoeba,https://tatoeba.org/en/sentences/2811861
2397,"What the heck, I'll do it! When shall I start?","Kwani kuna nini, nitaifanya! Nitaanza lini?",Tatoeba,https://tatoeba.org/en/sentences/2812687
2398,"Ha ha ha, very funny.","Ha ha ha, ya inachekesha sana.",Tatoeba,https://tatoeba.org/en/sentences/2812733
2399,Blessed are the poor in spirit: for theirs is the kingdom of heaven.,"""Heri walio maskini rohoni, maana ufalme wa mbinguni ni wao.",Tatoeba,https://tatoeba.org/en/sentences/2817527
2400,Not many things are more pathetic than an arrogant fool.,Hakuna kitu kibaya zaidi kuliko mpumbavu aliye na kiburi.,Tatoeba,https://tatoeba.org/en/sentences/2817694
2401,The crow was a sacred animal.,Kunguru alikuwa mnyama takatifu.,Tatoeba,https://tatoeba.org/en/sentences/2818668
2402,Do you remember her name?,"Je, unakumbuka jina lake?",Tatoeba,https://tatoeba.org/en/sentences/2818773
2403,I wouldn't use a washing machine whose switch isn't completely in order.,Niwezi kutumia mashine ya kufua iliyo na swichi mbovu.,Tatoeba,https://tatoeba.org/en/sentences/2819559
2404,"If you don't have a safety pin, a straight pin will have to do.","Ikiwa hauna pini ya usalama, pini ya moja kwa moja itatumika.",Tatoeba,https://tatoeba.org/en/sentences/2820669
2405,Spying between friends is an absolute no no.,Upekuzi kati ya marafiki ni kamwe hapana.,Tatoeba,https://tatoeba.org/en/sentences/2821727
2406,"There are many ancient cities in Italy, Rome and Venice for example.","Kuna miji mingi ya zamani nchini Italia, Roma na Venice kwa mfano.",Tatoeba,https://tatoeba.org/en/sentences/2825564
2407,"If you swallow a dangerous substance, it depends on the substance which measures need to be taken.","Ikiwa unameza kitu hatari, hatua zinakazochukuliwa zinategemea hicho kitu.",Tatoeba,https://tatoeba.org/en/sentences/2826264
2408,I can speak your language.,Naweza kuzungumza lugha yako.,Tatoeba,https://tatoeba.org/en/sentences/2828142
2409,It matters little if the cat is white or black; the important thing is that it chase rats.,Haijalishi ikiwa paka ni mweupe au mweusi; jambo muhimu ni kwamba ni anafukuza panya.,Tatoeba,https://tatoeba.org/en/sentences/2833547
2410,They're lighting the candle and asking the great kind God for happiness.,Wanawasha mshumaa na kumuuliza Mwenyezi Mungu aliye Mwema awape raha.,Tatoeba,https://tatoeba.org/en/sentences/2834425
2411,Men are only heroes when they can't avoid acting otherwise.,Wanaume ni mashujaa tu wakati hawawezi kuzuia kufanya vingine.,Tatoeba,https://tatoeba.org/en/sentences/2837719
2412,"We lack wings, but we still have enough strength to fall.","Tunakosa mabawa, lakini bado tuna nguvu ya kutosha kuanguka.",Tatoeba,https://tatoeba.org/en/sentences/2838081
2413,She's a bus driver.,Yeye ni dereva wa busi.,Tatoeba,https://tatoeba.org/en/sentences/2852075
2414,"Emily's staying in her elder sister's house, because her parents went to the United States for a couple of weeks.","Emily anaishi katika nyumba ya dada yake mkubwa, kwa sababu wazazi wake walienda Amerika kwa wiki chache.",Tatoeba,https://tatoeba.org/en/sentences/2853976
2415,"When two souls... two hearts are meant for each other, the distance between them turns out to be just a detail. It's all about the ability to wait.","Wakati roho mbili... mioyo miwili imekusudiwa kuwa pamoja, umbali kati yao ni maelezo tu. Yote inahusu uwezo wa kusubiri.",Tatoeba,https://tatoeba.org/en/sentences/2854519
2416,The serial killer was a slave to his desires.,Muuaji sugu alikuwa mtumwa wa tamaa zake.,Tatoeba,https://tatoeba.org/en/sentences/2857261
2417,I was going to work when John saw me.,Nilikuwa naelekea kazini wakati John aliponiona.,Tatoeba,https://tatoeba.org/en/sentences/2857967
2418,I found one.,Nilipata moja.,Tatoeba,https://tatoeba.org/en/sentences/2858792
2419,She has hope.,Ana imani.,Tatoeba,https://tatoeba.org/en/sentences/2862774
2420,This acid is extremely important in the industry and the laboratory.,Asidi hii ni muhimu sana katika sekta na maabara.,Tatoeba,https://tatoeba.org/en/sentences/2864330
2421,She knew me.,Alinijua.,Tatoeba,https://tatoeba.org/en/sentences/2865262
2422,"You will discuss it, won't you?","Utalijadili, sivyo?",Tatoeba,https://tatoeba.org/en/sentences/2868642
2423,That's all we can do for now.,Hayo ndio tunayoweza kufanya kwa sasa.,Tatoeba,https://tatoeba.org/en/sentences/2870387
2424,You caught nothing.,Hukupata chochote.,Tatoeba,https://tatoeba.org/en/sentences/2873990
2425,Make a hole in the bone with a drill.,Shimba shimo kwenye mfupa kutumia tarimbo.,Tatoeba,https://tatoeba.org/en/sentences/2879022
2426,"""From the back through the chest in the eye"" - so you can describe their procedure, because it is not possible to imagine a more complicated way to write a program.","""Kutoka nyuma kupitia kifua hadi kwa jicho"" - kwa hivyo unaweza kuelezea utaratibu wao, kwa sababu haiwezekani kufikiria njia ngumu zaidi ya kuandika mpango.",Tatoeba,https://tatoeba.org/en/sentences/2879921
2427,I don't like to make bets.,Sipendi kubeti.,Tatoeba,https://tatoeba.org/en/sentences/2880016
2428,I watched the birds on the balcony while drinking my coffee.,Niliwatazama ndege nikinywa kahawa kwenye roshani.,Tatoeba,https://tatoeba.org/en/sentences/2881934
2429,The United States officially declared a state of emergency.,Marekani ilitangaza rasmi hali ya dharura.,Tatoeba,https://tatoeba.org/en/sentences/2883407
2430,"This man's wealth is big, but his madness is even bigger.","Utajiri wa mtu huyu ni mkubwa, lakini wazimu wake ni mkubwaz zaidi.",Tatoeba,https://tatoeba.org/en/sentences/2884498
2431,Emily wrote the sentence.,Emily aliandika sentensi.,Tatoeba,https://tatoeba.org/en/sentences/2886135
2432,The father went fishing.,Baba alienda kuvua samaki,Tatoeba,https://tatoeba.org/en/sentences/2886471
2433,Keep out of sight.,Ficha isionekane.,Tatoeba,https://tatoeba.org/en/sentences/2886485
2434,"Please bid farewell, my Lady, to your husband.","Tafadhali mpe mumeo, heri zangu njema.",Tatoeba,https://tatoeba.org/en/sentences/2887827
2435,"Romeo loved Juliet more than he thought he did, and could not cope with losing her.","Romeo alimpenda sana Juliet kuliko vile alivyofikiria, na hakuweza kuvumilia kumpoteza.",Tatoeba,https://tatoeba.org/en/sentences/2888774
2436,"If most of us remain ignorant of ourselves, it is because self-knowledge is painful and we prefer the pleasure of illusion.","Ikiwa wengi wetu tutabaki bila kujijua, ni kwa sababu kujijua ni chungu na tunapendelea raha ya udanganyifu.",Tatoeba,https://tatoeba.org/en/sentences/2889104
2437,I assure you that I'm completely content with my own brain.,Nakuhakikishia kwamba nimeridhika kabisa na ubongo wangu mwenyewe.,Tatoeba,https://tatoeba.org/en/sentences/2889400
2438,The train stopped at a point halfway between the two stations.,Treni ilisimama katikati baina ya vituo hivyo viwili.,Tatoeba,https://tatoeba.org/en/sentences/2890118
2439,That's not going to be easy.,Hiyo haitakuwa rahisi.,Tatoeba,https://tatoeba.org/en/sentences/2892040
2440,Return and tell your king how the gods fought to our favor.,Rudi na umwambie mfalme wako jinsi miungu walipigania kwa neema yetu.,Tatoeba,https://tatoeba.org/en/sentences/2894793
2441,I don't enjoy eating ice cream during the winter.,Sifurahii kula aiskrimu wakati wa majira ya baridi.,Tatoeba,https://tatoeba.org/en/sentences/2895110
2442,I hate maths.,Ninachukia hesabu.,Tatoeba,https://tatoeba.org/en/sentences/2897826
2443,They will not accept any excuses for not joining the meeting.,Hawatakubali udhuru wowote wa kutofika mkutanoni.,Tatoeba,https://tatoeba.org/en/sentences/2898137
2444,I'm drinking water in the kitchen.,Nanywa maji jikoni.,Tatoeba,https://tatoeba.org/en/sentences/2900385
2445,You're really pretty too.,Unapendeza sana pia.,Tatoeba,https://tatoeba.org/en/sentences/2900620
2446,"Hello, son. I trust you're healing well.","Hujambo, mwanangu. Ninatumai unaendelea kupona.",Tatoeba,https://tatoeba.org/en/sentences/2904254
2447,"Gee, it sure is boring around here!","Gee, ni hakika hapa hapafurahishi!",Tatoeba,https://tatoeba.org/en/sentences/2904267
2448,"I once read a sweet poem about an empty pot... Unfortunately, I forgot it.","Niliwahi kusoma shairi tamu kuhusu mtungi mtupu... Kwa bahati mbaya, niliisahau.",Tatoeba,https://tatoeba.org/en/sentences/2905145
2449,"Nevertheless, I think such a kind of society needs this sort of business to set the economy in motion.","Hata hivyo, nadhani jamii kama hii inahitaji biashara ya aina hii kuelekeza uchumi.",Tatoeba,https://tatoeba.org/en/sentences/2905892
2450,The possibility of a lack of connection between the events can be dismissed immediately.,Uwezo wa ukosefu wa uhusiano kati ya hafla zinaweza kufutiliwa mbali mara moja.,Tatoeba,https://tatoeba.org/en/sentences/2906735
2451,She wanted to help her friends.,Alitaka kusaidia marafiki wake.,Tatoeba,https://tatoeba.org/en/sentences/2908259
2452,Whoever comes to us armed with a sword is easier to kill with a shot.,Yeyote anayekuja kwetu akiwa na upanga ni rahisi kumuua kwa risasi.,Tatoeba,https://tatoeba.org/en/sentences/2909338
2453,"For the sake of long-term interests, we have decided to sell the development department.","Kwa faida ya muda mrefu, tumeamua kuuza idara ya maendeleo.",Tatoeba,https://tatoeba.org/en/sentences/2915534
2454,No one cares about me.,Hakuna anayenijali.,Tatoeba,https://tatoeba.org/en/sentences/2916932
2455,Why are you staring at me as if I was a clown? Do you expect me to perform a stunt?,"Mbona wanikodolea macho kana kwamba mimi ni mcheshi? Je, unatarajia nifanye vizia?",Tatoeba,https://tatoeba.org/en/sentences/2921887
2456,"Who am I actually: a monk dreaming he's a butterfly, or a butterfly dreaming it's a monk?","Mimi ni nani kweli: mtawa akiota yeye ni kipepeo, au kipepeo anayeota ni mtawa?",Tatoeba,https://tatoeba.org/en/sentences/2921936
2457,You know it yourself: a man without any documents is strictly forbidden to exist.,Unajua mwenyewe kuwa: mtu bila hati yoyote ni marufuku kabisa kuishi.,Tatoeba,https://tatoeba.org/en/sentences/2922424
2458,Our world changes as fast as never before. Every week we get further from the plain living of our ancestors.,Ulimwengu wetu unabadilika haraka sana. Kila wiki hatua zaidi kutoka kwa uhai wa mababu zetu.,Tatoeba,https://tatoeba.org/en/sentences/2925684
2459,I felt the tension grow between us.,Nilihisi mvutano unakua kati yetu.,Tatoeba,https://tatoeba.org/en/sentences/2929367
2460,I had never been kissed like that.,Sikuwa nimwahi kubusiwa hivyo.,Tatoeba,https://tatoeba.org/en/sentences/2929415
2461,The children are pretending to brush their teeth.,Watoto wanajifanya wa kusafisha meno yao.,Tatoeba,https://tatoeba.org/en/sentences/2931674
2462,Daylight Savings Time starts on April third.,"Uokoaji muda huanza mwezi wa nne, tarehe 3.",Tatoeba,https://tatoeba.org/en/sentences/2932132
2463,It seems pretty easy.,Inaonekana kuwa rahisi sana.,Tatoeba,https://tatoeba.org/en/sentences/2934654
2464,It said in the newspapers that it was a crime of passion.,Ilisemekana kwenye magazeti kwamba ilikuwa uhalifu wa mapenzi.,Tatoeba,https://tatoeba.org/en/sentences/2939433
2465,How could it happen all by itself? It seems someone's wicked design is involved here.,Ingewezaje kutokea kivyake? Inaonekana muundo mbaya wa mtu unahusika hapa.,Tatoeba,https://tatoeba.org/en/sentences/2940582
2466,"There are five items on the tray, three of which are keys.","Kuna vitu vitano kwenye uteo, vikati ya hivyo ni funguo.",Tatoeba,https://tatoeba.org/en/sentences/2943747
2467,Our employees are working around the clock to fix the damage caused by the ice storm.,Wafanyakazi wetu wanafanya kazi saa nzima kurekebisha uharibifu unaosababishwa na dhoruba ya barafu.,Tatoeba,https://tatoeba.org/en/sentences/2944258
2468,My luck and my income depend heavily on my art of dealing with people.,Bahati na mapato yangu hutegemea sana sanaa yangu ya kushughulikia watu.,Tatoeba,https://tatoeba.org/en/sentences/2946737
2469,"The court sentenced him to 18 years of labor, with no possibility of early release.","Mahakama ilimuhukumu miaka 18 ya kazi, bila uwezekano wa kuachiliwa mapema.",Tatoeba,https://tatoeba.org/en/sentences/2948159
2470,Thank you for your letter from the seventh of January.,Asante kwa barua yako ya tarehe saba Januari.,Tatoeba,https://tatoeba.org/en/sentences/2948160
2471,Your friendship is important.,Urafiki wako ni muhimu.,Tatoeba,https://tatoeba.org/en/sentences/2948913
2472,Paper is patient. It can be a long time from the planning stage till the execution of a project. Not everything agreed on paper will be respected and accomplished. There is much written down that is wrong.,Karatasi ina uvumilivu. Inaweza kuwa ni muda mrefu kutoka hatua ya kupanga hadi utekelezaji wa mradi. Sio kila kitu kilichokubaliwa kwenye karatasi kitazingatiwa na kukamilishwa. Kuna mengi yameandikwa ambayo sio sawa.,Tatoeba,https://tatoeba.org/en/sentences/2950161
2473,"I'd like to believe only good things about her, but her behaviour is really rude indeed.","Ningependa kuamini mambo mazuri tu juu yake, lakini tabia yake ni mbaya kabisa.",Tatoeba,https://tatoeba.org/en/sentences/2951233
2474,Do you have any idea who might have stolen my bicycle?,Unaweza kuwa na wazo ni nani aliyeiba baisikeli yangu?,Tatoeba,https://tatoeba.org/en/sentences/2951660
2475,Do you know anybody around here who has a place to rent?,"Je, unajua mtu yeyote hapa karibu aliye na sehemu ya kukodishwa?",Tatoeba,https://tatoeba.org/en/sentences/2951669
2476,I was employee of the year for three years.,Mimi ndiye nilikuwa mfanyikazi bora kwa miakaa tatu mtawalia.,Tatoeba,https://tatoeba.org/en/sentences/2952599
2477,I'm not sure what to do next.,Sina uhakika wa kile nitakachofanya.,Tatoeba,https://tatoeba.org/en/sentences/2952817
2478,"That's what I think, too.",Hivyo ndivyo ninavyofikiri pia!,Tatoeba,https://tatoeba.org/en/sentences/2953334
2479,We owe you an apology.,Tunapaswa kukuomba msamaha.,Tatoeba,https://tatoeba.org/en/sentences/2953748
2480,We received an anonymous tip.,Tulipokea tipu isiyojulikana.,Tatoeba,https://tatoeba.org/en/sentences/2953758
2481,We're aware of the risks.,Tunazifahamu hatari,Tatoeba,https://tatoeba.org/en/sentences/2953901
2482,You'll have to do things our way.,Itabidii ufanye vitu kwa kufuata mkondo wetu.,Tatoeba,https://tatoeba.org/en/sentences/2954885
2483,You'll have to establish residence here before you can vote.,Utalazimika kuanzisha makazi hapa kabla ya kupiga kura.,Tatoeba,https://tatoeba.org/en/sentences/2958834
2484,There's an emergency exit in the rear.,Kuna mlango wa dharura wa kutokea upande wa nyuma.,Tatoeba,https://tatoeba.org/en/sentences/2959101
2485,"I had a jack, a king and three queens in my hand.","Nilikuwa na jack, mfalme na malkia tatu mkononi mwangu.",Tatoeba,https://tatoeba.org/en/sentences/2959375
2486,Don't raise your voice above a whisper.,Usiongeze sauti yako juu ya kunong'ona.,Tatoeba,https://tatoeba.org/en/sentences/2959457
2487,"Sadly, my father no longer belongs to the group.","Kwa kusikitisha, baba sio tena mmoja wa kundi hilo.",Tatoeba,https://tatoeba.org/en/sentences/2966813
2488,Don't be such a sentimental idiot.,Usiwe punguani mwenye roho nyepesi,Tatoeba,https://tatoeba.org/en/sentences/2968941
2489,"According to his information, the police will not deliver any criminal charges in connection with the event.","Kulingana na habari yake, polisi hawatawasilisha mashtaka yoyote ya jinai kuhusiana na tukio hilo.",Tatoeba,https://tatoeba.org/en/sentences/2975735
2490,I hope Granny will like the present.,Natumaini Bibi atapenda ya sasa.,Tatoeba,https://tatoeba.org/en/sentences/2981063
2491,The king's throne was made out of solid gold.,Kiti cha enzi cha mfalme kilitengenezwa kwa dhahabu safi.,Tatoeba,https://tatoeba.org/en/sentences/2984539
2492,We'd better get the hole in the screen fixed or the house will be full of flies.,Tunastahili kurekebisha shimo kwenye skrini iliyowekwa au nyumba itajaa nzi.,Tatoeba,https://tatoeba.org/en/sentences/2985327
2493,This is the third scene of the second act.,Hili ni jukwa la tatu kwenye igizo la pili,Tatoeba,https://tatoeba.org/en/sentences/2985421
2494,The tub is running over.,Maji yanafurika kwenye bafu.,Tatoeba,https://tatoeba.org/en/sentences/2985465
2495,We hope you will join us in our quest.,Tunatumahi kuwa utaungana nasi kwenye pekesheni yetu.,Tatoeba,https://tatoeba.org/en/sentences/2986918
2496,You broke the table you were sitting on.,Ulivunja meza uliyekuwa ukikaa.,Tatoeba,https://tatoeba.org/en/sentences/2992934
2497,Give someone else a chance.,Mpe mtu mwingine nafasi.,Tatoeba,https://tatoeba.org/en/sentences/2997157
2498,"By second grade, students are expected to have basic reading and writing skills.","Kufikia daraja la pili, wanafunzi wanatarajiwa kuwa na ujuzi wa msingi wa kusoma na kuandika.",Tatoeba,https://tatoeba.org/en/sentences/2999438
2499,I'm not trying to impress you.,Sijaribu kukuvutia.,Tatoeba,https://tatoeba.org/en/sentences/3001143
2500,There's always something to do here.,Kila wakati kuna kitu cha kufanya hapa.,Tatoeba,https://tatoeba.org/en/sentences/3007547
2501,Where were these pictures taken?,Picha hizi zinachukuliwa kutoka wapi?,Tatoeba,https://tatoeba.org/en/sentences/3009208
2502,"How would I feel if someone killed me and no-one cared? I would be dead then, you damned idiot! I can't feel anything if I'm dead!","Ningehisije ikiwa mtu aliniua na hakuna mtu anayejali? Ningekuwa nimekufa wakati huo, pumbavu wewe! Siwezi kuhisi kitu chochote ikiwa nimekufa!",Tatoeba,https://tatoeba.org/en/sentences/3019762
2503,The judge asked the defendant if he knew the difference between telling the truth and telling a lie.,Jaji alimuuliza mshtakiwa ikiwa anajua tofauti kati ya kusema ukweli na kusema uwongo.,Tatoeba,https://tatoeba.org/en/sentences/3024001
2504,Some rich guy from Boston just bought the house next to mine.,Tajiri mmoja kutoka Boston amenunua nyumba karibu na nyumba yangu.a,Tatoeba,https://tatoeba.org/en/sentences/3024036
2505,My brother in Boston is studying to become a teacher.,Ndugu yangu yuko Boston anasomea waalimu.,Tatoeba,https://tatoeba.org/en/sentences/3024062
2506,There's no reason to be afraid.,Hakuna sababu ya kuogopa.,Tatoeba,https://tatoeba.org/en/sentences/3030776
2507,Is the beam solid or hollow?,"Je, boriti ni dhabiti au ni shimo?",Tatoeba,https://tatoeba.org/en/sentences/3030970
2508,"Thank you, Goddess, mother of the earth, for calling me again into the world.","Asante, Mungu wa kike, mama wa dunia, kwa kuniita tena ulimwenguni.",Tatoeba,https://tatoeba.org/en/sentences/3035811
2509,"Truth, in matters of religion, is simply the opinion that has survived.","Ukweli, katika masuala ya dini, ni maoni tu yaliyosalia.",Tatoeba,https://tatoeba.org/en/sentences/3036479
2510,Society exists only as a mental concept; in the real world there are only individuals.,Jamii imesalia tu kama dhana ya akilini; katika ulimwengu wa kweli kuna watu tu.,Tatoeba,https://tatoeba.org/en/sentences/3038482
2511,Don't smoke in bed.,Usivute sigara kitandani.,Tatoeba,https://tatoeba.org/en/sentences/3039923
2512,"To a man standing on the shore, time passes quicker than to a man on a boat — especially if the man on the boat is with his wife.","Kwa mtu aliyesimama ufuoni, muda huenda haraka kuliko kwa mtu aliye kwenye mashua - haswa ikiwa mtu aliye kwenye mashua yuko na mkewe.",Tatoeba,https://tatoeba.org/en/sentences/3042354
2513,Hey! This is not the right place. You should contact the actual national coach for information regarding this.,Hujambo! Hapa sio mahali panapofaa. Unapaswa kuwasiliana na kocha halisi wa kitaifa kwa habari kuhusu hii.,Tatoeba,https://tatoeba.org/en/sentences/3042441
2514,Why do fools fall in love?,"Je, kwa nini wapumbavu huingia katika mapenzi.",Tatoeba,https://tatoeba.org/en/sentences/3050056
2515,Thank you for the endless support!,Asante kwa msaada usio na ukomo!,Tatoeba,https://tatoeba.org/en/sentences/3052144
2516,"""You're not being chased, are you?"" Just as he said that in a quiet voice, the corner house's light went out. The rain became more intense...","""Haukimbizwi, si ndio?"" Kama alivyosema kwa sauti ya chini, taa ya nyumba iliyo kwenye kona ilizima. Mvua ilizidi...",Tatoeba,https://tatoeba.org/en/sentences/3052742
2517,I represent all of the students in the class when I thank you for the help that you've given us.,Nawakilisha wanafunzi wote darasani ninapokushukuru kwa msaada wako.,Tatoeba,https://tatoeba.org/en/sentences/3060484
2518,"Let's suppose, for the sake of argument, that you're right.","Wacha tuchukulie, kwa sababu ya mjadala, kwamba uko sahihi.",Tatoeba,https://tatoeba.org/en/sentences/3060722
2519,Pray to the Holy Virgin.,Omba kwa Bikira Mtakatifu.,Tatoeba,https://tatoeba.org/en/sentences/3061560
2520,"Logic and common sense suggest that Russia, the European Union and the United States must act together.","Mantiki na ufahamu wa kawaida unaonyesha kwamba Urusi, Umoja wa Ulaya na Amerika lazima zifanye kazi pamoja.",Tatoeba,https://tatoeba.org/en/sentences/3065458
2521,The law always limits every power it gives.,Sheria daima hupunguza kila nguvu inayopeana.,Tatoeba,https://tatoeba.org/en/sentences/3070823
2522,The nurse gave the patient his orange juice through a glass tube.,Muuguzi alimpa mgonjwa juisi yake ya machungwa kupitia bomba la glasi.,Tatoeba,https://tatoeba.org/en/sentences/3071540
2523,"At fifteen, neither beauty nor talent exist: a woman is all promise.","Miaka kumi na mitano, hakuna urembo au talanta iliyoko: mwanamke ni ahadi tu.",Tatoeba,https://tatoeba.org/en/sentences/3076042
2524,I'm drinking.,Ninakunywa.,Tatoeba,https://tatoeba.org/en/sentences/3077684
2525,Social relationships influence conversations.,Ma uhusiano ya kijamii yanashawishi mazungumzo.,Tatoeba,https://tatoeba.org/en/sentences/3077784
2526,How are you this morning?,Habari za asubuhi?,Tatoeba,https://tatoeba.org/en/sentences/3085968
2527,Please bring me eggs.,"Tafadhali, niletee mayai.",Tatoeba,https://tatoeba.org/en/sentences/3085973
2528,Do you want food?,"Je, unataka chakula?",Tatoeba,https://tatoeba.org/en/sentences/3085975
2529,Do you want eggs?,"Je, unataka mayai?",Tatoeba,https://tatoeba.org/en/sentences/3085977
2530,Please bring me fruit.,"Tafadhali, niletee matunda.",Tatoeba,https://tatoeba.org/en/sentences/3085983
2531,Please bring me porridge.,"Tafadhali, niletee uji.",Tatoeba,https://tatoeba.org/en/sentences/3085986
2532,What kind of food is there?,Kuna chakula gani?,Tatoeba,https://tatoeba.org/en/sentences/3085989
2533,There is gruel.,Kuna uji.,Tatoeba,https://tatoeba.org/en/sentences/3085991
2534,Do you want gruel?,"Je, unataka uji?",Tatoeba,https://tatoeba.org/en/sentences/3085995
2535,"Yes, bring me gruel.",Ndiyo. Niletee uji.,Tatoeba,https://tatoeba.org/en/sentences/3085997
2536,There is fruit.,Kuna matunda.,Tatoeba,https://tatoeba.org/en/sentences/3085999
2537,Are there any bananas?,Kuna ndizi?,Tatoeba,https://tatoeba.org/en/sentences/3086008
2538,He's been drinking beer.,Yeye amekwisha kunywa pombe.,Tatoeba,https://tatoeba.org/en/sentences/3086011
2539,I go on foot.,Naenda kwa miguu.,Tatoeba,https://tatoeba.org/en/sentences/3086153
2540,"This is one small step for a man, one giant leap for mankind.","Hii ni hatua moja ndogo kwa binadamu, hatua moja kubwa kwa wanadamu.",Tatoeba,https://tatoeba.org/en/sentences/3086821
2541,Melanie likes eating pizza.,Melanie anapenda kula pizza.,Tatoeba,https://tatoeba.org/en/sentences/3094922
2542,Melanie likes music.,Melanie anapenda muziki.,Tatoeba,https://tatoeba.org/en/sentences/3094926
2543,This came for you this morning.,Ujumbe huu uliletewa asubuhi.,Tatoeba,https://tatoeba.org/en/sentences/3096383
2544,The barn is full of farm equipment and tools.,Ghala limejaa zana na vifaa vya kilimo.,Tatoeba,https://tatoeba.org/en/sentences/3097004
2545,"When the wind blew part of our roof off, we started worrying.","Upepo ulipobomoa sehemu ya paa yetu, tulianza kuwa na wasiwasi.",Tatoeba,https://tatoeba.org/en/sentences/3099040
2546,She is my teacher.,Yeye ni mwalimu wangu.,Tatoeba,https://tatoeba.org/en/sentences/3100343
2547,The man is strong.,Mtu ni mwenye nguvu.,Tatoeba,https://tatoeba.org/en/sentences/3100447
2548,I'm not listening to music.,Sisikilizi muziki.,Tatoeba,https://tatoeba.org/en/sentences/3105936
2549,Gimme three.,Nipe tatu.,Tatoeba,https://tatoeba.org/en/sentences/3106604
2550,He's stark naked.,Yupo uchi kabisa.,Tatoeba,https://tatoeba.org/en/sentences/3107074
2551,My book is here.,Kitabu changu ni hapa.,Tatoeba,https://tatoeba.org/en/sentences/3107608
2552,A monarch had six sons.,Mtawala alikuwa na wana wasita.,Tatoeba,https://tatoeba.org/en/sentences/3108806
2553,Thieves broke into the palace and stole the princess's diamonds.,Wezi waliingia ndani ya kasri na kuiba almasi za mfalme.,Tatoeba,https://tatoeba.org/en/sentences/3108926
2554,It's sad that many historical buildings got destroyed during the war.,Inasikitisha kwamba majengo mengi ya kihistoria yameharibiwa wakati wa vita.,Tatoeba,https://tatoeba.org/en/sentences/3109369
2555,He tried with all his might to stretch the bow and shoot the arrow as far as possible.,Alijaribu kwa nguvu zake zote kunyoosha upinde na kupiga mshale iwezekanavyo.,Tatoeba,https://tatoeba.org/en/sentences/3118235
2556,I think the person I saw in the alley is a private investigator.,Nadhani mtu niliyemuaona kwenye barabara nyembamba ni mpelelezi wa kibinafsi.,Tatoeba,https://tatoeba.org/en/sentences/3120675
2557,"The ""pitch drop experiment"" is a well-known long-term experiment that was started in 1930 and still continues to this day.","Jaribio la ""kushuka kwa kasi"" ni jaribio linalojulikana la muda mrefu ambalo lilianzishwa mnamo 1930 na bado linaendelea hadi leo.",Tatoeba,https://tatoeba.org/en/sentences/3121053
2558,Luke has short hair.,Luke ana nywele fupi.,Tatoeba,https://tatoeba.org/en/sentences/3121925
2559,Would you like coffee?,Ungependa kahawa?,Tatoeba,https://tatoeba.org/en/sentences/3123328
2560,I'm cooking.,Ninapika.,Tatoeba,https://tatoeba.org/en/sentences/3125495
2561,You're cooking.,Unapika.,Tatoeba,https://tatoeba.org/en/sentences/3125497
2562,She's cooking.,Anapika.,Tatoeba,https://tatoeba.org/en/sentences/3125503
2563,They're reading a book.,Wanasoma kitabu.,Tatoeba,https://tatoeba.org/en/sentences/3125511
2564,Declare it clearly to Clara.,Mtaangaziea wazi Clara.,Tatoeba,https://tatoeba.org/en/sentences/3126213
2565,I suggest we concentrate on finding a way out of this cave.,Ninapendekeza tujikite zaidi katika kutafuta njia ya kutoka kwenye pango hili.,Tatoeba,https://tatoeba.org/en/sentences/3128001
2566,You're reading.,Unasoma.,Tatoeba,https://tatoeba.org/en/sentences/3128071
2567,He's reading.,Anasoma.,Tatoeba,https://tatoeba.org/en/sentences/3128075
2568,They're writing.,Wanaandika.,Tatoeba,https://tatoeba.org/en/sentences/3128081
2569,We're writing.,Tunaandika.,Tatoeba,https://tatoeba.org/en/sentences/3128083
2570,She's cooking now.,Anapika sasa.,Tatoeba,https://tatoeba.org/en/sentences/3128103
2571,We're cooking now.,Tunapika sasa.,Tatoeba,https://tatoeba.org/en/sentences/3128104
2572,It happened right about here.,Ilifanyika hapa.,Tatoeba,https://tatoeba.org/en/sentences/3129801
2573,Something horrible has happened.,Jambo la kuogofya limefanyika.,Tatoeba,https://tatoeba.org/en/sentences/3131023
2574,What do you think really happened?,"Je, unafikiria nini kilitokea?",Tatoeba,https://tatoeba.org/en/sentences/3131478
2575,I'm eating a sandwich.,Ninakula sandwichi.,Tatoeba,https://tatoeba.org/en/sentences/3132252
2576,A fool is like a drum — beaten by anyone passing by.,Mpumbavu ni kama ngoma - inayopigwa na mtu yeyote anayepitia.,Tatoeba,https://tatoeba.org/en/sentences/3136870
2577,The horse is black.,Farasi ni mweusi.,Tatoeba,https://tatoeba.org/en/sentences/3138037
2578,Do you eat fish?,"Je, unakula samaki?",Tatoeba,https://tatoeba.org/en/sentences/3138813
2579,I want to drink tea.,Ninataka kunywa chai.,Tatoeba,https://tatoeba.org/en/sentences/3141156
2580,The horse is not white.,Farasi si mweupe.,Tatoeba,https://tatoeba.org/en/sentences/3143476
2581,This horse is white.,Farasi hii ni mweupe.,Tatoeba,https://tatoeba.org/en/sentences/3143478
2582,This horse is not white.,Farasi hii si mweupe.,Tatoeba,https://tatoeba.org/en/sentences/3143480
2583,She's a doctor.,Yeye ni daktari.,Tatoeba,https://tatoeba.org/en/sentences/3143495
2584,She's a good woman.,Yeye ni mwanamke mzuri.,Tatoeba,https://tatoeba.org/en/sentences/3143546
2585,Their car is not good.,Gari yao si jizuri.,Tatoeba,https://tatoeba.org/en/sentences/3144650
2586,She is a good student.,Yeye ni mwanafunzi mzuri.,Tatoeba,https://tatoeba.org/en/sentences/3144667
2587,"The store where we used to buy those started charging outrageous prices, so we had to find another store.","Duka ambalo tulizoea kununua hizi, zilizanza kutoza bei ghali za kushangaza, kwa hivyo ilibidi tafute duka lingine.",Tatoeba,https://tatoeba.org/en/sentences/3147924
2588,The quality is good enough and more importantly it's in your price range.,Ubora una uzuri wa kutosha na muhimu zaidi uko katika anuwai yako ya bei.,Tatoeba,https://tatoeba.org/en/sentences/3147927
2589,The price has gone up.,Bei zimepanda.,Tatoeba,https://tatoeba.org/en/sentences/3147937
2590,Items with a red price tag are on sale.,Bidhaa zilizo na kibango chekundo ziko kwenye mauzo.,Tatoeba,https://tatoeba.org/en/sentences/3147964
2591,It really is a good price.,Ni bei nzuri kwa kweli,Tatoeba,https://tatoeba.org/en/sentences/3147972
2592,Joe and Shane become like blood brothers.,Joe na Shane wanakuwa kama ndugu wa tumbo moja.,Tatoeba,https://tatoeba.org/en/sentences/3149206
2593,No ship could arrive in Cuba.,Hakuna meli yeyote iliyoweza kuwasili Cuba.,Tatoeba,https://tatoeba.org/en/sentences/3149374
2594,Walt doesn't fight violence with violence.,Walt hapigani vurugu kwa vurugu.,Tatoeba,https://tatoeba.org/en/sentences/3149406
2595,Where did you buy all these?,Ulinunua wapi vitu hivi vyote?,Tatoeba,https://tatoeba.org/en/sentences/3150482
2596,Halt! Stay right where you are or I'll shoot!,Sitisha! Kaa sawa pale ulipo au nitakupiga risasi!,Tatoeba,https://tatoeba.org/en/sentences/3150897
2597,"Hey, give me a break.",Ningependa unipe nafasi.,Tatoeba,https://tatoeba.org/en/sentences/3151418
2598,Many houses were damaged beyond repair in the flood.,Nyumba nyingi ziliharibika zaidi katika mafuriko.,Tatoeba,https://tatoeba.org/en/sentences/3152024
2599,Give me a buzz if you feel like going out tonight.,Nijulishe ikiwa unataka kutoka usiku wa Leo.,Tatoeba,https://tatoeba.org/en/sentences/3153873
2600,You're not a man.,Wewe si mtu.,Tatoeba,https://tatoeba.org/en/sentences/3154473
2601,You're not a woman.,Wewe si mwanamke.,Tatoeba,https://tatoeba.org/en/sentences/3154474
2602,I went to the bank.,Nilikwenda benki.,Tatoeba,https://tatoeba.org/en/sentences/3154910
2603,My wife went to the farm.,Mke wangu alikwenda shamba.,Tatoeba,https://tatoeba.org/en/sentences/3154933
2604,His money is in the bank.,Fedha zake ni katika benki.,Tatoeba,https://tatoeba.org/en/sentences/3154937
2605,It surprises me.,Ananishangaza.,Tatoeba,https://tatoeba.org/en/sentences/3154996
2606,Pua sang at church.,Pua aliimba kanisani.,Tatoeba,https://tatoeba.org/en/sentences/3155280
2607,Pua is singing at church.,Pua anaimba kanisani.,Tatoeba,https://tatoeba.org/en/sentences/3155283
2608,I finished writing.,Nilimaliza kuandika.,Tatoeba,https://tatoeba.org/en/sentences/3156412
2609,The villa is only a five minutes walk from the beach.,Villa ipo umbali wa dakika tano kutoke kwenye ufukwe.,Tatoeba,https://tatoeba.org/en/sentences/3158690
2610,You'll have to ask him.,Itabidi umwulize,Tatoeba,https://tatoeba.org/en/sentences/3163287
2611,He is inside this house.,Yeye ni ndani ya nyumba hii.,Tatoeba,https://tatoeba.org/en/sentences/3164716
2612,The birds are red.,Ndege ni mwekundu.,Tatoeba,https://tatoeba.org/en/sentences/3165947
2613,The stone is heavy.,Jiwe ni zito.,Tatoeba,https://tatoeba.org/en/sentences/3165955
2614,Her memory will live on in our hearts and minds forever.,Kumbukumbu yake itaishi mioyoni mwetu na akili milele.,Tatoeba,https://tatoeba.org/en/sentences/3168603
2615,Did you really spike the orange juice?,"Je, kweli uliigawa sharubati ya machungwa?",Tatoeba,https://tatoeba.org/en/sentences/3172295
2616,Are you objective?,Una urazini?,Tatoeba,https://tatoeba.org/en/sentences/3172352
2617,Are you anxious?,"Je, una wasiwasi?",Tatoeba,https://tatoeba.org/en/sentences/3172414
2618,The man wants to know the truth.,Mtu anataka kujua ukweli.,Tatoeba,https://tatoeba.org/en/sentences/3172725
2619,The woman wants to know the truth.,Mwanamke anataka kujua ukweli.,Tatoeba,https://tatoeba.org/en/sentences/3172726
2620,The boy wants to know the truth.,Mvulana anataka kujua ukweli.,Tatoeba,https://tatoeba.org/en/sentences/3172727
2621,The girl wants to know the truth.,Msichana anataka kujua ukweli.,Tatoeba,https://tatoeba.org/en/sentences/3172728
2622,Melanie is not a fortune teller.,Melanie si mpigaramli.,Tatoeba,https://tatoeba.org/en/sentences/3172752
2623,Millie is drinking water.,Millie ananywa maji.,Tatoeba,https://tatoeba.org/en/sentences/3172758
2624,Millie isn't drinking water.,Millie hanywi maji.,Tatoeba,https://tatoeba.org/en/sentences/3172770
2625,It was the truth.,Ulikuwa ukweli.,Tatoeba,https://tatoeba.org/en/sentences/3172774
2626,You can tell the truth.,Unaweza kusema ukweli.,Tatoeba,https://tatoeba.org/en/sentences/3172778
2627,You can't go there.,Huwezi kwenda huko.,Tatoeba,https://tatoeba.org/en/sentences/3172811
2628,Millie loves chocolate.,Millie anapenda chokoleti.,Tatoeba,https://tatoeba.org/en/sentences/3173049
2629,Millie will tell us the truth.,Millie atatusema ukweli.,Tatoeba,https://tatoeba.org/en/sentences/3173058
2630,Millie is very cute.,Millie ni mzuri sana.,Tatoeba,https://tatoeba.org/en/sentences/3173177
2631,"I love you, Millie!","Ninakupenda, Millie!",Tatoeba,https://tatoeba.org/en/sentences/3173190
2632,Millie has beautiful eyes.,Millie ana macho mazuri.,Tatoeba,https://tatoeba.org/en/sentences/3173250
2633,Millie has green eyes.,Millie ana macho ya kijani.,Tatoeba,https://tatoeba.org/en/sentences/3173252
2634,Millie has blue eyes.,Millie ana macho ya bluu.,Tatoeba,https://tatoeba.org/en/sentences/3173255
2635,She'll pass the exam for sure.,Atapita mtihani kwa hakika.,Tatoeba,https://tatoeba.org/en/sentences/3173303
2636,Millie is learning Swahili.,Millie anajifunza Kiswahili.,Tatoeba,https://tatoeba.org/en/sentences/3173449
2637,Millie is hungry.,Millie ana njaa.,Tatoeba,https://tatoeba.org/en/sentences/3173454
2638,Millie loves him.,Millie anampenda.,Tatoeba,https://tatoeba.org/en/sentences/3173652
2639,Millie is going to school.,Millie anakwenda shule.,Tatoeba,https://tatoeba.org/en/sentences/3173657
2640,Millie loves me.,Millie ananipenda.,Tatoeba,https://tatoeba.org/en/sentences/3173665
2641,Millie has a cat.,Millie ana paka.,Tatoeba,https://tatoeba.org/en/sentences/3173670
2642,Millie has a dog.,Millie ana mbwa.,Tatoeba,https://tatoeba.org/en/sentences/3173672
2643,Millie is eating bread.,Millie anakula mkate.,Tatoeba,https://tatoeba.org/en/sentences/3173678
2644,Millie is listening to music.,Millie anasikiliza muziki.,Tatoeba,https://tatoeba.org/en/sentences/3173830
2645,Millie is eating a banana.,Millie anakula ndizi.,Tatoeba,https://tatoeba.org/en/sentences/3173997
2646,Millie has a book.,Millie ana kitabu.,Tatoeba,https://tatoeba.org/en/sentences/3174120
2647,Millie is reading her book.,Millie anasoma kitabu chake.,Tatoeba,https://tatoeba.org/en/sentences/3174126
2648,I'm reading my book.,Ninasoma kitabu changu.,Tatoeba,https://tatoeba.org/en/sentences/3174145
2649,I'm going on a trip.,Ninaenda katika safari.,Tatoeba,https://tatoeba.org/en/sentences/3174262
2650,A republic is a state with a president at its head instead of a king or queen.,Jamhuri ni taifa amblao rais ndiye mkuu wa nchi badala ya mfalme au malkia.,Tatoeba,https://tatoeba.org/en/sentences/3175808
2651,Millie is eating an apple.,Millie anakula tufaha.,Tatoeba,https://tatoeba.org/en/sentences/3175948
2652,Millie isn't eating an apple.,Millie hali tufaha.,Tatoeba,https://tatoeba.org/en/sentences/3176058
2653,I like your body.,Ninapenda mwili wako.,Tatoeba,https://tatoeba.org/en/sentences/3176166
2654,You don't have brown eyes.,Huna macho ya kahawia.,Tatoeba,https://tatoeba.org/en/sentences/3176255
2655,He doesn't have a gun.,Yeye hana bunduki.,Tatoeba,https://tatoeba.org/en/sentences/3176257
2656,Does she have a new computer?,"Je, ana kompyuta npya?",Tatoeba,https://tatoeba.org/en/sentences/3176264
2657,The girl has a white horse.,Msichana ana farasi nyeupe.,Tatoeba,https://tatoeba.org/en/sentences/3176267
2658,She has red flowers.,Ana maua mekundu.,Tatoeba,https://tatoeba.org/en/sentences/3176271
2659,The boy has a horse.,Mvulana ana farasi.,Tatoeba,https://tatoeba.org/en/sentences/3176275
2660,"This, really, isn't important.","Hiki, sio muhimu.",Tatoeba,https://tatoeba.org/en/sentences/3177283
2661,We didn't come.,Hatukuja.,Tatoeba,https://tatoeba.org/en/sentences/3178859
2662,The book isn't new.,Kitabu si kipya.,Tatoeba,https://tatoeba.org/en/sentences/3188277
2663,Your cat is black.,Paka wako ni mweusi.,Tatoeba,https://tatoeba.org/en/sentences/3189153
2664,I have a Twitter account.,Nina akaunti ya Twitter.,Tatoeba,https://tatoeba.org/en/sentences/3189179
2665,My brother has a Twitter account.,Ndugu yangu ana akaunti ya Twitter.,Tatoeba,https://tatoeba.org/en/sentences/3189182
2666,"Underwear is not meant to be hidden, but rather to be shown.","Chupi haimaanishi kuwa ifichwe, ila inafaa kuonekana.",Tatoeba,https://tatoeba.org/en/sentences/3192922
2667,Mrs. Teresa's statement explained a lot about the death of her husband.,Taarifa ya Bi Teresa ilielezea mengi juu ya kifo cha mumewe.,Tatoeba,https://tatoeba.org/en/sentences/3196426
2668,"The race director said that the fun run would be held, rain, hail or shine.","Mkurugenzi wa mbio alisema kuwa mbio za kufurahisha zitafanyika, inyeshe isinyeshe.",Tatoeba,https://tatoeba.org/en/sentences/3196892
2669,I want to go fishing.,Ninataka kwenda uvuvi.,Tatoeba,https://tatoeba.org/en/sentences/3198629
2670,The library is to the left.,Maktaba ni upande wa kushoto.,Tatoeba,https://tatoeba.org/en/sentences/3198637
2671,The authority that belongs to the lion does not belong to the donkey.,Mamlaka ambayo ni ya simba sio ya punda.,Tatoeba,https://tatoeba.org/en/sentences/3199122
2672,Tell me exactly what you heard.,Niambie kamili yale uliyoyasikia.,Tatoeba,https://tatoeba.org/en/sentences/3201183
2673,You never told me you had these.,Hukuniambia ulikuwa na haya.,Tatoeba,https://tatoeba.org/en/sentences/3201250
2674,"If you knew, you'd tell me, right?","Ungelijua ungeniambia, sio?",Tatoeba,https://tatoeba.org/en/sentences/3201875
2675,Why haven't you told them to leave?,Mbona hujawaambia watoke?,Tatoeba,https://tatoeba.org/en/sentences/3201935
2676,I'm not telling you my phone number.,Sitakuambia nambari yangu ya simu.,Tatoeba,https://tatoeba.org/en/sentences/3202275
2677,This is the computer I told you about.,Hii ndiyo kompyuta niliyokueleza kuhusu.,Tatoeba,https://tatoeba.org/en/sentences/3202605
2678,Are you telling me there are more people waiting in the lobby?,"Je, unaniambia kuna watu wengi wanasubiri mapokezeni?",Tatoeba,https://tatoeba.org/en/sentences/3205221
2679,She attacked the enemy.,Alishambulia adui.,Tatoeba,https://tatoeba.org/en/sentences/3206647
2680,What does this even mean?,Je hiyo inamaanisha nini?,Tatoeba,https://tatoeba.org/en/sentences/3211891
2681,Some people were born to make others miserable.,Watu wengine walizaliwa ili kutaabisha maisha ya watu.,Tatoeba,https://tatoeba.org/en/sentences/3213396
2682,I can read.,Ninaweza kusoma.,Tatoeba,https://tatoeba.org/en/sentences/3220342
2683,You're lucky we let you sit here.,Una bahati tunakuacha ukae hapa.,Tatoeba,https://tatoeba.org/en/sentences/3223089
2684,There are students in the library.,Kuna wanafunzi maktabani.,Tatoeba,https://tatoeba.org/en/sentences/3225874
2685,This chemical is extremely dangerous.,Chemikali hii ni hatari sana.,Tatoeba,https://tatoeba.org/en/sentences/3226484
2686,It's dangerous to cross roads without looking both ways.,Ni hatari kuvuka barabara bila kutazama njia zote mbili.,Tatoeba,https://tatoeba.org/en/sentences/3226542
2687,What can we drink?,Tunaweza kunywa nini?,Tatoeba,https://tatoeba.org/en/sentences/3231350
2688,"The cafe is on the ground floor, two floors below.","Mkahawa uko kwenye ghorofa ya chini, ghorofa mbili chini.",Tatoeba,https://tatoeba.org/en/sentences/3232380
2689,Jack loves Ben more than himself.,Jack anampenda Ben kuliko anavyojipenda mwenyewe.,Tatoeba,https://tatoeba.org/en/sentences/3234165
2690,"Music is inner life, and he will never suffer loneliness who has inner life.","Muziki ni sawa na maisha ya kindani, yeyote ambae ana maisha haya hawezi kuwa na upweke.",Tatoeba,https://tatoeba.org/en/sentences/3240575
2691,"You remind me so much of my friend Marina, a great teacher of Russian.","Unanikumbusha sana rafiki yangu Marina, mwalimu bora wa kirusi.",Tatoeba,https://tatoeba.org/en/sentences/3247223
2692,Allah is everywhere.,Allah yuko kila mahali.,Tatoeba,https://tatoeba.org/en/sentences/3253983
2693,"We are here, at the tourist office, you see?","Tuko hapa katika ofisi ya watalii, waona?",Tatoeba,https://tatoeba.org/en/sentences/3256325
2694,I am ashamed to say that the job is not finished.,Nina aibu kusema kuwa kazi haijakamilika.,Tatoeba,https://tatoeba.org/en/sentences/3259050
2695,He left.,Aliondoka.,Tatoeba,https://tatoeba.org/en/sentences/3259071
2696,"Thank you, sir, for your kindness.","Asante, bwana, kwa fadhili zako.",Tatoeba,https://tatoeba.org/en/sentences/3259445
2697,The names are in the order of the actors' appearance on the stage.,Majina yako katika mpangilio wa wahusika kwenye hatua.,Tatoeba,https://tatoeba.org/en/sentences/3259611
2698,The professor with whom I had lunch is named Peter.,Profesa niliyepata naye chakula cha mchana anaitwa Peter.,Tatoeba,https://tatoeba.org/en/sentences/3259947
2699,I take these cough drops when I have a dry throat.,Nameza matone haya ya kikohozi wakati nina koo kavu.,Tatoeba,https://tatoeba.org/en/sentences/3260114
2700,Is there anything new on the menu?,"Je, kuna chochote kipya kwenye menu?",Tatoeba,https://tatoeba.org/en/sentences/3264754
2701,Are you still able to speak your tribal language?,"Je, bado unaweza kuzungumza katika lugha yako ya mama?",Tatoeba,https://tatoeba.org/en/sentences/3268025
2702,They put a network in place that covers the entire building.,Waliweka mtandao mahali ambapo inashika jengo lote,Tatoeba,https://tatoeba.org/en/sentences/3271016
2703,You cannot use his.,Hauwezi kutumia yake.,Tatoeba,https://tatoeba.org/en/sentences/3271411
2704,Those computers? They're money down the drain.,Tarakilishi zile? Wanatumia pesa vibaya.,Tatoeba,https://tatoeba.org/en/sentences/3271920
2705,They had to meet Jacques.,Walilazimika kukutana na Jacques.,Tatoeba,https://tatoeba.org/en/sentences/3272152
2706,My uncle is a lousy driver.,Mjomba wangu ni dereva mbovu.,Tatoeba,https://tatoeba.org/en/sentences/3272779
2707,He is convinced that they will vote in favour of Mr Jones.,Anaamini kuwa watampigia kura Bw Jones.,Tatoeba,https://tatoeba.org/en/sentences/3273550
2708,He had to go there.,Alihitaji kwenda huko.,Tatoeba,https://tatoeba.org/en/sentences/3273574
2709,Carol and Jane must have forgotten it at the office.,Lazima Carol na Jane waliisahau katika ofisi hiyo.,Tatoeba,https://tatoeba.org/en/sentences/3273836
2710,There's nothing else to talk about.,Hakuna chochote cha kuzungumzia kuhusu tena.,Tatoeba,https://tatoeba.org/en/sentences/3287153
2711,He spoke in a slow and creaking voice.,Aliongea polepole kwa sauti ya kukwaruza.,Tatoeba,https://tatoeba.org/en/sentences/3294653
2712,"At that moment, I felt in complete harmony with the world.","Wakati huo, nilihisi maelewano nusu na ulimwengu.",Tatoeba,https://tatoeba.org/en/sentences/3295500
2713,Everyone in the village called her Little Green Riding Hood.,Kila mtu katika kijiji hicho alimwita Hood Little Riding Hood.,Tatoeba,https://tatoeba.org/en/sentences/3300245
2714,"Houston, we have a problem.","Houston, tuko na shida.",Tatoeba,https://tatoeba.org/en/sentences/3302536
2715,"You've been up all night, haven't you?","Umekuwa macho usiku mzima, ama sivyo?",Tatoeba,https://tatoeba.org/en/sentences/3305872
2716,"You like to take pictures, don't you?","Unapenda kuchukua picha, sivyo?",Tatoeba,https://tatoeba.org/en/sentences/3308316
2717,We're not doing anything.,Hatufanyi chochote.,Tatoeba,https://tatoeba.org/en/sentences/3310925
2718,This restaurant serves dishes made from local organic fruit and vegetables.,Mkahawa huu huandaa chakula iliyotengenezwa kutoka kwa matunda na mboga za kikaboni.,Tatoeba,https://tatoeba.org/en/sentences/3311842
2719,We'll settle it our own way.,Tutaitatua kivyetu.,Tatoeba,https://tatoeba.org/en/sentences/3311965
2720,We'll just be a few minutes.,Tutakuwepo kwa dakika chache.,Tatoeba,https://tatoeba.org/en/sentences/3312121
2721,That was a really big mistake.,Hiyo ilikuwa makosa kubwa sana!,Tatoeba,https://tatoeba.org/en/sentences/3315086
2722,The police officer checked to see if the body lying on the ground had a pulse.,Afisa wa polisi alikagua ili kuona ikiwa mwili uliolala chini una mapigo.,Tatoeba,https://tatoeba.org/en/sentences/3319239
2723,Is it a crime to burn the American flag in the United States?,"Je, ni kosa la jinai kuchoma bendera ya Amerika?",Tatoeba,https://tatoeba.org/en/sentences/3323802
2724,I have an important mission for all of you.,Nina ujumbe muhimu kwa nyote.,Tatoeba,https://tatoeba.org/en/sentences/3329888
2725,You made good time.,Uliweka wakati.,Tatoeba,https://tatoeba.org/en/sentences/3330939
2726,Tom is a teacher.,Tom ni mwalimu.,Tatoeba,https://tatoeba.org/en/sentences/3333906
2727,Are you sure you're OK?,Una hakika uko sawa?,Tatoeba,https://tatoeba.org/en/sentences/3333931
2728,"If you eat with someone you like, everything is delicious, if you eat with someone you don't like, everything is nasty. If you eat alone, you can't taste anything at all.","Ukila na mtu unayempenda, kila kitu ni tamu, ukila na mtu usiyempendi, kila kitu ni kibaya. Ukila peke yako, huwezi kuonja kitu chochote.",Tatoeba,https://tatoeba.org/en/sentences/3335418
2729,One black sheep ruins the whole herd.,Kondoo mmoja mweusi huharibu kundi zima.,Tatoeba,https://tatoeba.org/en/sentences/3338469
2730,Are you sure of this?,Una uhakika?,Tatoeba,https://tatoeba.org/en/sentences/3341686
2731,He was totally flirting with you at the bar.,Alikuwa akitongozana nawe kabisa kwenye baa.,Tatoeba,https://tatoeba.org/en/sentences/3344244
2732,Happiness is like glass: it is fragile.,Furaha ni kama kioo: ni hafifu.,Tatoeba,https://tatoeba.org/en/sentences/3345946
2733,We judge ourselves by our intentions and others by their actions.,Tunajihukumu sisi wenyewe kwa nia zetu na tunawahukumu wengine kwa matendo yao.,Tatoeba,https://tatoeba.org/en/sentences/3346019
2734,You have no reason to be worried.,Hunasababu ya sababu ya kuwa na wasiwasi.,Tatoeba,https://tatoeba.org/en/sentences/3356287
2735,You're not going in there.,Huendi mle ndani.,Tatoeba,https://tatoeba.org/en/sentences/3357802
2736,Were you surprised to see me?,Pia wewe ulishangaa kuniona?,Tatoeba,https://tatoeba.org/en/sentences/3359716
2737,Are you almost done here?,Karibu kumaliza?,Tatoeba,https://tatoeba.org/en/sentences/3359721
2738,You should come by sometime.,Unapaswa kuja wakati fulani.,Tatoeba,https://tatoeba.org/en/sentences/3360258
2739,He stands stiff as a poker on the stage.,Husimama tuli Kama poka kwenye jukwaa.,Tatoeba,https://tatoeba.org/en/sentences/3362311
2740,I'll make some peanut butter.,Nitatengeneza siagi ya njugu.,Tatoeba,https://tatoeba.org/en/sentences/3366432
2741,We respect him.,Tunamheshimu.,Tatoeba,https://tatoeba.org/en/sentences/3370721
2742,They're heading this way.,Wanaelekea huku.,Tatoeba,https://tatoeba.org/en/sentences/3377083
2743,Life is just the extreme expression of common chemistry.,Maisha ni usemi uliokithiri wa kemia ya kawaida.,Tatoeba,https://tatoeba.org/en/sentences/3377616
2744,The year of the dragon has ended.,Mwaka wa dragon umeisha.,Tatoeba,https://tatoeba.org/en/sentences/3377876
2745,"I cannot approve of you, my dear daughter, in having taken a liking to a stranger, whom you will probably never meet again.","Siwezi kukukubali, binti yangu mpendwa, kwa kupendana na mgeni, ambaye labda hamtawahi kukutana naye tena.",Tatoeba,https://tatoeba.org/en/sentences/3381340
2746,"In a vast space left empty between the crowd and the fire, a young girl danced.","Katika nafasi kubwa iliyoachwa tupu kati ya umati na moto, msichana mdogo alicheza densi.",Tatoeba,https://tatoeba.org/en/sentences/3381656
2747,"Scoundrel! I cried, what are you doing?","Mshenzi! Nilimaka, unafanya nini?",Tatoeba,https://tatoeba.org/en/sentences/3381729
2748,"Don't scream, or you're dead.","Usipige kelele, au umekufa.",Tatoeba,https://tatoeba.org/en/sentences/3382006
2749,Hamisi uses sugar.,Hamisi anatumia sukari.,Tatoeba,https://tatoeba.org/en/sentences/3385233
2750,Hamisi wants sugar.,Hamisi anataka sukari.,Tatoeba,https://tatoeba.org/en/sentences/3385234
2751,My friend wants sugar.,Rafiki yangu anataka sukari.,Tatoeba,https://tatoeba.org/en/sentences/3385235
2752,My friend wants milk.,Rafiki yangu anataka maziwa.,Tatoeba,https://tatoeba.org/en/sentences/3385236
2753,My friend uses sugar.,Rafiki yangu anatumia sukari.,Tatoeba,https://tatoeba.org/en/sentences/3385237
2754,Hamisi doesn't want sugar.,Hamisi hapendi sukari.,Tatoeba,https://tatoeba.org/en/sentences/3385241
2755,Hamisi doesn't use sugar.,Hamisi hatumii sukari.,Tatoeba,https://tatoeba.org/en/sentences/3385242
2756,Hamisi doesn't use milk.,Hamisi hatumii maziwa.,Tatoeba,https://tatoeba.org/en/sentences/3385243
2757,My friend doesn't use milk.,Rafiki yangu hatumii maziwa.,Tatoeba,https://tatoeba.org/en/sentences/3385244
2758,My friend doesn't use sugar.,Rafiki yangu hatumii sukari.,Tatoeba,https://tatoeba.org/en/sentences/3385245
2759,My friend doesn't want sugar.,Rafiki yangu hapendi sukari.,Tatoeba,https://tatoeba.org/en/sentences/3385247
2760,The children use sugar.,Watoto wanatumia sukari.,Tatoeba,https://tatoeba.org/en/sentences/3385255
2761,There is not enough bread.,Mkate hautoshi.,Tatoeba,https://tatoeba.org/en/sentences/3385266
2762,There is not enough milk.,Maziwa hayatoshi.,Tatoeba,https://tatoeba.org/en/sentences/3385268
2763,There is not enough fruit.,Matunda hayatoshi.,Tatoeba,https://tatoeba.org/en/sentences/3385269
2764,There are not enough oranges.,Machungwa hayatoshi.,Tatoeba,https://tatoeba.org/en/sentences/3385270
2765,There are not enough mangoes.,Maembe hayatoshi.,Tatoeba,https://tatoeba.org/en/sentences/3385271
2766,There are not enough mangoes.,Embe hazitoshi.,Tatoeba,https://tatoeba.org/en/sentences/3385271
2767,There's not enough food.,Chakula hakitoshi.,Tatoeba,https://tatoeba.org/en/sentences/3385272
2768,There is not enough butter.,Siagi haitoshi.,Tatoeba,https://tatoeba.org/en/sentences/3385273
2769,There is not enough meat.,Nyama haitoshi.,Tatoeba,https://tatoeba.org/en/sentences/3385274
2770,There is not enough tea.,Chai haitoshi.,Tatoeba,https://tatoeba.org/en/sentences/3385275
2771,There is not enough coffee.,Kahawa haitoshi.,Tatoeba,https://tatoeba.org/en/sentences/3385276
2772,There is not enough gruel.,Uji hautoshi.,Tatoeba,https://tatoeba.org/en/sentences/3385277
2773,There are not enough bananas.,Ndizi hazitoshi.,Tatoeba,https://tatoeba.org/en/sentences/3385279
2774,Just do what I say.,Fanya tu kile ninachosema.,Tatoeba,https://tatoeba.org/en/sentences/3393204
2775,A good team is a group of individuals who work together to achieve a common goal.,Timu nzuri ni kundi la watu ambao wanafanya kazi pamoja kufikia lengo moja.,Tatoeba,https://tatoeba.org/en/sentences/3394197
2776,Teenage around-the-world pilot dies.,Rubani kijana anayeendesha ndege kote ameaga.,Tatoeba,https://tatoeba.org/en/sentences/3394626
2777,Never rub your eyes after cutting a hot pepper.,Kamwe usisugue macho yako baada ya kukata pilipili kali.,Tatoeba,https://tatoeba.org/en/sentences/3399642
2778,A church in Los Angeles has decided to press charges against a homeless man who stole a few cookies from the church's cookie jar.,Kanisa moja liliko Los Angeles limeamua kushtaki mwanaume mmoja asiye na makazi aliyeiba biskuti chache kutoka kwa jagi la kanisa.,Tatoeba,https://tatoeba.org/en/sentences/3402107
2779,I plan to stay as long as you stay.,Ninapanga kukaa kadiri utakavyokaa.,Tatoeba,https://tatoeba.org/en/sentences/3409141
2780,Perhaps we should call it a night.,Labda tumalizie usiku wetu hapo.,Tatoeba,https://tatoeba.org/en/sentences/3413277
2781,I can explain it to you if you let me.,Ninaweza kukuelezea ikiwa uniruhusu.,Tatoeba,https://tatoeba.org/en/sentences/3415377
2782,Mom’s goal was to graduate college but dad’s goal was mom.,Kusudi la mama lilikuwa kumaliza chuo kikuu lakini lengo la baba lilikuwa mama.,Tatoeba,https://tatoeba.org/en/sentences/3416295
2783,He became deaf ringing the bells.,Akawa kiziwi akipiga kengele.,Tatoeba,https://tatoeba.org/en/sentences/3416367
2784,The students walked in a single file.,Wanafunzi walitembea kwenye mstari mmoja.,Tatoeba,https://tatoeba.org/en/sentences/3419461
2785,I'll hug you to death.,Nitakukumbatia kwa nguvu.,Tatoeba,https://tatoeba.org/en/sentences/3419482
2786,"John, you’re a soldier, and it’s gonna take you a while to adjust to civilian life.","John, wewe ni askari, na itachukua muda kuzoea maisha ya raia.",Tatoeba,https://tatoeba.org/en/sentences/3423152
2787,"You wouldn't use a spray bottle to clean your mobile phone, would you?","Hukutumia chupa ya dawa kusafisha simu yako ya rununu, sivyo?",Tatoeba,https://tatoeba.org/en/sentences/3438070
2788,Can you recommend a romance novel for me?,"Je, unaweza kupendekeza riwaya pendwa kwangu?",Tatoeba,https://tatoeba.org/en/sentences/3448577
2789,The Cornetto trilogy was named after the ice cream brand.,Cornette-trilogy ilipewa jina lake baada ya rajamu ya ice cream.,Tatoeba,https://tatoeba.org/en/sentences/3451916
2790,There is a half empty bottle of wine in the fridge.,Kuna chupa iliyo na nusu ya divai kwenye friji.,Tatoeba,https://tatoeba.org/en/sentences/3454101
2791,We saved you a seat right here.,Tulikuwekea kiti hapa karibu.,Tatoeba,https://tatoeba.org/en/sentences/3455764
2792,My parents' house is located high on a hill from which one can see the mountains in the east and the ocean in the north.,Nyumba ya wazazi wangu iko juu ya kilima ambacho mtu anaweza kuona milima mashariki na bahari kaskazini.,Tatoeba,https://tatoeba.org/en/sentences/3459853
2793,"If it looks like a war, if it sounds like a war and if it kills like a war, then it actually is a war.","Ikionekana kama vita, ikisikika kama vita na ikiwa inaua kama vita, basi kwa kweli ni vita.",Tatoeba,https://tatoeba.org/en/sentences/3460988
2794,You love yourself.,Unajipenda.,Tatoeba,https://tatoeba.org/en/sentences/3462702
2795,We all make decisions based on our personal experiences.,Sote hufanya maamuzi zinazojulishwa na uzoefu wetu wa kibinafsi.,Tatoeba,https://tatoeba.org/en/sentences/3469352
2796,The world has lost a very funny lady with the death of Joan Rivers.,Ulimwengu umepoteza mwanamke mcheshi sana na kifo cha Joan Mito.,Tatoeba,https://tatoeba.org/en/sentences/3472287
2797,Don't reckon that he'd lend you some money.,Usifikirie kuwa atakukpesha pesa.,Tatoeba,https://tatoeba.org/en/sentences/3473265
2798,He had lit the torch before he entered the cave.,Aliwasha tochi kabla ya kuingia kwa pango.,Tatoeba,https://tatoeba.org/en/sentences/3491261
2799,You always twist what I say.,Huwa unabatili ninayoyasema.,Tatoeba,https://tatoeba.org/en/sentences/3495947
2800,I'm losing visual contact with you.,Hatuonani tena kwa macho.,Tatoeba,https://tatoeba.org/en/sentences/3496232
2801,The Queen and the King have again united their powers.,Malkia na Mfalme wameunganisha tena mamlaka yao.,Tatoeba,https://tatoeba.org/en/sentences/3496568
2802,"It was tough, but worth every drop of sweat.","Ilikuwa ngumu, lakini inafaa kila tone la jasho.",Tatoeba,https://tatoeba.org/en/sentences/3496649
2803,"If you can't beat'em, join'em.","Ikiwa huwezi kuwashinda, jiunge nao.",Tatoeba,https://tatoeba.org/en/sentences/3501279
2804,"If the cap fits, wear it.","Ikiwa kofia inafaa, vaa.",Tatoeba,https://tatoeba.org/en/sentences/3501305
2805,The Queen smiles happily. England is allowed to remain a part of Scotland.,Malkia hutabasamu kwa furaha. England inaruhusiwa kubaki sehemu ya Scotland.,Tatoeba,https://tatoeba.org/en/sentences/3504479
2806,Whoever that person is who said the mall closes at 9:00 p.m. is wrong. They close at midnight.,Yeyote aliyesema maduka hufunga saa 3:00 usiku amekosea. Wanafunga usiku wa manane.,Tatoeba,https://tatoeba.org/en/sentences/3511237
2807,You can use the post office to ship any goods to private individuals and companies.,Unaweza kutumia ofisi ya posta kusafirisha bidhaa yoyote kwa watu binafsi na kampuni.,Tatoeba,https://tatoeba.org/en/sentences/3522610
2808,I told them what I like.,Niliwaeleza nilichotaka.,Tatoeba,https://tatoeba.org/en/sentences/3528322
2809,"British scientists have established that if you turn the flag of Japan upside down, you get the flag of Japan.","Wanasayansi wa Uingereza wamegundua kuwa ukigeuza bendera ya Japan kwa chini, unapata bendera ya Japan.",Tatoeba,https://tatoeba.org/en/sentences/3529886
2810,Germans value a strong social welfare state.,Wajerumani wanathamini nchi yenye ustawi wa jamii madhubuti.,Tatoeba,https://tatoeba.org/en/sentences/3535962
2811,"God may not play dice with the universe, but something strange is going on with the prime numbers.","Mungu hachezi dadu na ulimwengu lakini, jambo la ajabu linaendelea na namba tasa.",Tatoeba,https://tatoeba.org/en/sentences/3542342
2812,"The artist must be in his work as God is in creation, invisible and all-powerful; one must sense him everywhere but never see him.","Msanii lazima awe katika kazi yake kama alivyo Mungu katika maumbile, haonekani na mwenye nguvu zote; lazima mtu amuone amhisi kila mahali lakini asimuome.",Tatoeba,https://tatoeba.org/en/sentences/3542384
2813,"The author, in his work, must be like God in the Universe, present everywhere and visible nowhere.","Mwandishi, katika kazi yake, lazima awe kama Mungu katika Ulimwengu, awepo kila mahali na mahali popote pasipo kuonekana.",Tatoeba,https://tatoeba.org/en/sentences/3542504
2814,"Today, this is even more accurate than ever in relations with the United States.","Leo, ni wazi zaidi kuliko wakati mwingine kuhusiana na Amerika.",Tatoeba,https://tatoeba.org/en/sentences/3542514
2815,The Red Cross constantly supplies food to the disaster areas.,Msalaba Mwekundu daima hupeleka chakula kwenye maeneo ya janga.,Tatoeba,https://tatoeba.org/en/sentences/3544989
2816,I want to be an actress.,Ninataka kuwa mchezaji.,Tatoeba,https://tatoeba.org/en/sentences/3551543
2817,The two birds built a nest without a building permit.,Ndege hao wawili waliunda kiota bila kibali cha ujenzi.,Tatoeba,https://tatoeba.org/en/sentences/3555171
2818,That voice sounds familiar.,Sauti hiyo inasikika kufahamika.,Tatoeba,https://tatoeba.org/en/sentences/3568423
2819,Losing your passport in a foreign country is worse than losing your luggage or having your wallet stolen.,Kupoteza pasipoti yako katika nchi ya kigeni ni mbaya kuliko kupoteza mzigo wako au mkoba wako kuibwa.,Tatoeba,https://tatoeba.org/en/sentences/3570362
2820,I don't think that incident requires any further explanation.,Sidhani kama tukio hilo linahitaji maelezo zaidi.,Tatoeba,https://tatoeba.org/en/sentences/3573321
2821,I wasn't the only one who stayed up all night.,Si Mimi pekee niliyekaa macho usiku kucha.,Tatoeba,https://tatoeba.org/en/sentences/3574366
2822,"Hey, what are you laughing at?","Ala, wanicheka?",Tatoeba,https://tatoeba.org/en/sentences/3575499
2823,There are still many cultural differences between East and West Germany.,Bado kuna tofauti nyingi za kitamaduni kati ya Ujerumani wa Mashariki na ya Magharibi.,Tatoeba,https://tatoeba.org/en/sentences/3577356
2824,"You have a crush on him, don't you?","Unampenda kisiri, sio?",Tatoeba,https://tatoeba.org/en/sentences/3577360
2825,"The game ended in a draw, and the final score was 2-2.","Mchezo uliisha kwa sare, na alama ya mwisho ilikuwa 2-2.",Tatoeba,https://tatoeba.org/en/sentences/3579513
2826,I think that Brazil has the strongest football team in the world and they have a good chance of winning the 2014 World Cup.,Nadhani kuwa Brazil ina timu hodari zaidi ya kandanda ulimwenguni na wanayo nafasi nzuri ya kushinda Kombe la Dunia la 2014.,Tatoeba,https://tatoeba.org/en/sentences/3579598
2827,Jonathan was booked because he got into a fight with a player on the other team.,Jonathan alihifadhiwa kwa sababu alipambana na mchezaji kwenye timu nyingine.,Tatoeba,https://tatoeba.org/en/sentences/3579607
2828,As usual the Spanish team are showing off their skills at one-touch football.,Kama kawaida timu za Uhispania zinaonyesha ustadi wao kwenye kandanda ya mguu moja.,Tatoeba,https://tatoeba.org/en/sentences/3579634
2829,He is not a child.,Yeye si mtoto.,Tatoeba,https://tatoeba.org/en/sentences/3579732
2830,"""Oops! Sorry the castle exploded. I was using my magic fireworks."" ""Be more careful next time, Link.""","""Ala! Samahani kasri lililipuka. Nilikuwa nikitumia uajabu wangu wa moto wa bandia "" ""Kuwa mwangalifu zaidi wakati ujao, Unganisha.""",Tatoeba,https://tatoeba.org/en/sentences/3586938
2831,That's a risk you just have to take.,Hiyo ni tahadhari unahitaji kuchukua.,Tatoeba,https://tatoeba.org/en/sentences/3591358
2832,"During the holiday season, a lot of stores jack up their prices.","Wakati wa msimu wa likizo, maduka mengi hupandisha bei zao.",Tatoeba,https://tatoeba.org/en/sentences/3593423
2833,Have you ever driven with a standard shift transmission?,Je umewahi kuendesha gari la mfumo wa manyo?,Tatoeba,https://tatoeba.org/en/sentences/3596387
2834,The children are allowed to wear their Halloween costumes to school for Halloween.,Watoto wanaruhusiwa kuvaa mavazi yao ya Halloween shuleni kwa Halloween.,Tatoeba,https://tatoeba.org/en/sentences/3598143
2835,"Ladies and Gentlemen, we have now landed at Tokyo International Airport.","Mabibi na Mabwana, sasa tumewasili kwenye Uwanja wa ndege wa Tokyo.",Tatoeba,https://tatoeba.org/en/sentences/3598915
2836,Our rented car broke drown during the journey.,Gari yetu iliyokodishwa iliharibika wakati wa safari.,Tatoeba,https://tatoeba.org/en/sentences/3603901
2837,Your kiss is bitter with cocaine.,Busu yako ni machungu na mihadarati.,Tatoeba,https://tatoeba.org/en/sentences/3605158
2838,"Here, mistakes are the soul of dialogue.","Hapa, makosa ni kiini cha mazungumzo.",Tatoeba,https://tatoeba.org/en/sentences/3608057
2839,I have a first aid kit in the bathroom.,Nina vifaa vya huduma ya kwanza bafuni.,Tatoeba,https://tatoeba.org/en/sentences/3619264
2840,Would you carry this up to the second floor for me?,Unaweza kunibebea hii hadi gorofa ya pili?,Tatoeba,https://tatoeba.org/en/sentences/3620495
2841,Thanks for coming!,Asante kwa kuja.,Tatoeba,https://tatoeba.org/en/sentences/3620828
2842,A short movie will be shown during the opening ceremony.,Sinema fupi itaonyeshwa wakati wa sherehe ya ufunguzi.,Tatoeba,https://tatoeba.org/en/sentences/3622031
2843,I fixed a small leak in the roof of her shed.,Niliziba mwanya mdogo kwenye paa la kivuli chake.,Tatoeba,https://tatoeba.org/en/sentences/3624775
2844,These are steps of a revolutionary nature.,Hizi ni hatua za tabia za kimapinduzi.,Tatoeba,https://tatoeba.org/en/sentences/3626520
2845,Japan is in the eastern part of Asia.,Japan iko katika mashariki mwa Asia.,Tatoeba,https://tatoeba.org/en/sentences/3630691
2846,Everybody beats the fool.,Kila mtu humpiga mjinga.,Tatoeba,https://tatoeba.org/en/sentences/3634316
2847,I consider him a friend.,Namchukua kama rafiki.,Tatoeba,https://tatoeba.org/en/sentences/3634582
2848,Look at that photo.,Tizama hii picha.,Tatoeba,https://tatoeba.org/en/sentences/3635484
2849,She speaks English.,Anazungumza Kiingereza.,Tatoeba,https://tatoeba.org/en/sentences/3636775
2850,The two sides must reach an agreement in principle by the end of June.,Pande hizo mbili lazima zifikie makubaliano mwishoni mwa Juni.,Tatoeba,https://tatoeba.org/en/sentences/3637895
2851,"If you had come today, I would have given you a thousand francs.","Kama ungalikuja leo, ningekupa francs elfu.",Tatoeba,https://tatoeba.org/en/sentences/3647128
2852,Give me fire.,Nipe moto.,Tatoeba,https://tatoeba.org/en/sentences/3649255
2853,He brought me coffee.,Alinileta kahawa.,Tatoeba,https://tatoeba.org/en/sentences/3649318
2854,It is Anita's house.,Ni nyumba ya Anita.,Tatoeba,https://tatoeba.org/en/sentences/3649391
2855,This is my third week.,Hii ni wiki yangu ya tatu.,Tatoeba,https://tatoeba.org/en/sentences/3649453
2856,She's boiling eggs in the kitchen.,Anachemka mayai jikoni.,Tatoeba,https://tatoeba.org/en/sentences/3649580
2857,"To prepare Americans for the jobs of the future and help restore middle-class security, we have to out-educate the world and that starts with a strong school system.","Kuandaa Wamarekani kwa kazi za siku za usoni na kusaidia kurejesha usalama wa mrengo wa kati, lazima tuelimishe zaidi ya ulimwengu mzima na hiyo inaanza na mfumo dhabiti wa shule.",Tatoeba,https://tatoeba.org/en/sentences/3651231
2858,They granted the journalist an interview.,Walimpa mwaandishi huyo wa habari mahojiano.,Tatoeba,https://tatoeba.org/en/sentences/3652070
2859,Tláloc likes travelling.,Tlaloc anapenda kusafiri.,Tatoeba,https://tatoeba.org/en/sentences/3653988
2860,Tláloc likes to travel.,Tlaloc anapenda kusafiri.,Tatoeba,https://tatoeba.org/en/sentences/3653989
2861,"""I dreamed of you yesterday."" ""Seriously? And what was I doing?""","""Niliota kukuhusu jana."" ""Hakika? Na nilikuwa nikifanya nini?""",Tatoeba,https://tatoeba.org/en/sentences/3658486
2862,My uncle Bob fixed my clock and now it tells the time correctly.,Mjomba wangu Bob alitengeneza saa yangu na sasa inasoma saa vizuri.,Tatoeba,https://tatoeba.org/en/sentences/3659807
2863,"As it is written, the birds are preparing to launch an attack on us as we speak!","Kama ilivyoandikwa, ndege wanajiandaa kutushambulia tunapozungumza!",Tatoeba,https://tatoeba.org/en/sentences/3660021
2864,Anna got into a serious relationship with Paul after they graduated.,Anna aliingia kwenye mahusiano makini na Paula baada ya kuhitimu chuo.,Tatoeba,https://tatoeba.org/en/sentences/3663096
2865,There are islands in the sea.,Kuna visiwa katika bahari.,Tatoeba,https://tatoeba.org/en/sentences/3663249
2866,When does that start?,Imeaanza lini?,Tatoeba,https://tatoeba.org/en/sentences/3665388
2867,Ancient coins were found inside the mysterious tomb.,Sarafu za kale zilipatikana ndani ya kaburi la ajabu.,Tatoeba,https://tatoeba.org/en/sentences/3667153
2868,He finally committed suicide by falling on his own sword.,Hatimaye alijiua kwa kuangukia kwenye upanga wake mwenyewe.,Tatoeba,https://tatoeba.org/en/sentences/3668775
2869,O brave new world that has such people in't!,O heri dunia mpya yenye watu kama hao ndani yake!,Tatoeba,https://tatoeba.org/en/sentences/3669135
2870,Animals are not toys!,Wanyama sio wanasesere!,Tatoeba,https://tatoeba.org/en/sentences/3670101
2871,The fans watched him kick the ball into the goal.,Mashabiki walimwangalia akipiga mpira kwenye lango.,Tatoeba,https://tatoeba.org/en/sentences/3673715
2872,"""How many beers did you have before I came over?"" ""I only had five or six.""","""Je! Ulikunywa bia ngapi kabla sijafika?"" ""Nimekunywa kama tano au sita tu.""",Tatoeba,https://tatoeba.org/en/sentences/3675034
2873,"To get his own business off the ground, he linked up with a few more solid companies.","Kuanzisha biashara yake mwenyewe, aliungana na makampuni kadhaa zenye udhabiti zaidi.",Tatoeba,https://tatoeba.org/en/sentences/3675904
2874,"""How are we gonna find the princess with the power going out?"" ""Maybe there's a switch in one of the rooms. Remind me to check!""","""Je, tutawezaje kupata binti ye mfalme na umeme unapotea?"" ""Labda kuna swichi katika mojawapo ya vyumba. Nikumbushe kuangalia! """,Tatoeba,https://tatoeba.org/en/sentences/3679784
2875,"The wolf will change shape, but will continue to eat chicken.","Mbwa mwitu atabadilisha sura, lakini ataendelea kula kuku.",Tatoeba,https://tatoeba.org/en/sentences/3687354
2876,I'm not kidding you. Some people actually believe that the world is only six thousand years old.,Sikuchezei. Watu wengine kweli wanaamini kuwa ulimwengu una miaka elfu sita tu.,Tatoeba,https://tatoeba.org/en/sentences/3693384
2877,"It takes a long time, and a lot of money, to fill that tank with gas.",Inachukua muda mrefu na kugharimu pesa nyingi kujaza tanki lile kwa mafuta.,Tatoeba,https://tatoeba.org/en/sentences/3698331
2878,Don't argue with a woman when she's tired.,Usibishane na mwanamke akiwa amechoka.,Tatoeba,https://tatoeba.org/en/sentences/3701126
2879,The walls of Rome have twelve gates.,Kuta za Roma zina milango kumi na miwili.,Tatoeba,https://tatoeba.org/en/sentences/3701493
2880,"How many countries have names that start with the letter ""Y""?","Nchi ngapi zina majina yanayoanzia na herufi ""Y""?",Tatoeba,https://tatoeba.org/en/sentences/3704955
2881,Some men can't handle women in positions of power.,Wanaume wengine hawawezi kushughulikia wanawake walio mamlakani.,Tatoeba,https://tatoeba.org/en/sentences/3706150
2882,"Come to think of it, a pizza is a pie chart that shows how much pizza you have left.","Nikiwazia, pizza ni mcheduara ambayo inaonyesha ni kiasi gani cha pizza uliyobaki.",Tatoeba,https://tatoeba.org/en/sentences/3706496
2883,"These are tough moments, I know.","Hizi ni nyakati ngumu, najua.",Tatoeba,https://tatoeba.org/en/sentences/3709113
2884,"We may sleep tonight with light hearts, Caroline!","Tunaweza kulala usiku wa leo na mioyo miepesi, Caroline!",Tatoeba,https://tatoeba.org/en/sentences/3714131
2885,"He dedicated himself to painting, without thinking of fame or fortune.","Alijitolea kwa uchoraji, bila kufikiria umaarufu au utajiri.",Tatoeba,https://tatoeba.org/en/sentences/3716080
2886,I can't squeeze juice out of this orange. It's dry.,Siwezi kufinya juisi nje ya machungwa haya. Kumekauka.,Tatoeba,https://tatoeba.org/en/sentences/3717809
2887,"""What do you want to know?"" ""Everything.""","""Je, unataka kujua?"" ""Kila kitu.""",Tatoeba,https://tatoeba.org/en/sentences/3717953
2888,"This is the final boarding call for Flight 33 to Boston, boarding at Gate 13A.","Huu ni wito wa mwisho wa kupanda ndege 33 kwenda Boston, kupanda kwenye lango 13A.",Tatoeba,https://tatoeba.org/en/sentences/3721278
2889,I've been hearing gunfire in the distance.,Nimekuwa nikisikia milio ya bunduki kwa mbali.,Tatoeba,https://tatoeba.org/en/sentences/3722174
2890,There was an awkward silence.,Kulikuwa na kimya kikubwa.,Tatoeba,https://tatoeba.org/en/sentences/3722191
2891,You need to shut your pie hole.,Unahitaji kunyamaza kimya.,Tatoeba,https://tatoeba.org/en/sentences/3722569
2892,I needed you and you came.,Nilikuhitaji na ukaja.,Tatoeba,https://tatoeba.org/en/sentences/3722835
2893,You're seriously wasting my time.,Unapoteza sana muda wangu.,Tatoeba,https://tatoeba.org/en/sentences/3722920
2894,I believe you do care.,Ninaamini unajali.,Tatoeba,https://tatoeba.org/en/sentences/3723108
2895,You know me better than you realize.,Unanijua zaidi kuliko unavyofahamu.,Tatoeba,https://tatoeba.org/en/sentences/3723622
2896,I don't have to explain myself.,Sina haja ya kujieleza mwenyewe.,Tatoeba,https://tatoeba.org/en/sentences/3723716
2897,I've been humming that tune to myself all morning.,Nimekuwa nighani tuni hiyo asuhi yote.,Tatoeba,https://tatoeba.org/en/sentences/3723969
2898,We've received all the proper paperwork.,Tumepokea makaratasi yote yanayofaa.,Tatoeba,https://tatoeba.org/en/sentences/3724517
2899,It was nice of you to ask.,Ilikuwa jambo nzuri kwako kuuliza.,Tatoeba,https://tatoeba.org/en/sentences/3724523
2900,This is your wake-up call.,Hii ndio simu yako ya kuamka.,Tatoeba,https://tatoeba.org/en/sentences/3724635
2901,That's the worst mug shot I've ever seen.,Hiyo ndiyo picha mbaya zaidi ya rumande nimewahi kuona.,Tatoeba,https://tatoeba.org/en/sentences/3725439
2902,I was wondering if you might consent to an interview for my paper.,Nilikuwa naomba ikiwa unaweza idhinisha kwenye usaili.,Tatoeba,https://tatoeba.org/en/sentences/3726571
2903,Our main concern is with the safety of the hostages.,Wasiwasi wetu kuu ni usalama wa waliotekwa nyara.,Tatoeba,https://tatoeba.org/en/sentences/3726918
2904,"Gentlemen, I'd like to propose a toast.","Waungwana, ningetaka kupendekeza tosti.",Tatoeba,https://tatoeba.org/en/sentences/3728772
2905,It's a great day.,Ni siku kubwa.,Tatoeba,https://tatoeba.org/en/sentences/3729551
2906,What's the deal here?,"Je, kuna biashara gani hapa?",Tatoeba,https://tatoeba.org/en/sentences/3730596
2907,One loyal friend is worth ten thousand relatives.,Rafiki mmoja mwaminifu anashinda jamaa elfu kumi.,Tatoeba,https://tatoeba.org/en/sentences/3731398
2908,I don't think this was such a good idea.,Sifikirii kwamba hii ilikuwa wazo nzuri.,Tatoeba,https://tatoeba.org/en/sentences/3732183
2909,Thank you for your guidance.,Asante kwa mwongozo wako.,Tatoeba,https://tatoeba.org/en/sentences/3732739
2910,I've done well here.,Nimefanya vizuri hapa.,Tatoeba,https://tatoeba.org/en/sentences/3733322
2911,Hero worship is a dangerous thing.,Kuabudu mashujaa ni hatari.,Tatoeba,https://tatoeba.org/en/sentences/3733724
2912,"I used to be young and ambitious, just like you.","Nilikuwa mdogo na mwenye makuu, kam ulivyo.",Tatoeba,https://tatoeba.org/en/sentences/3736867
2913,Was that meant as a joke?,"Je, hilo lilikusudiwa kuwa mzaha?",Tatoeba,https://tatoeba.org/en/sentences/3737796
2914,Who's in command here?,Nani kiongozi hapa?,Tatoeba,https://tatoeba.org/en/sentences/3737875
2915,What are you scared of?,Umeogopa nini?,Tatoeba,https://tatoeba.org/en/sentences/3737986
2916,Why were you crying?,Ulikuwa unalia kwa nini?,Tatoeba,https://tatoeba.org/en/sentences/3738066
2917,Are you the only one who has a key to this door?,Ni wewe pekee yako aliye na ufunguo wa mlango huu?,Tatoeba,https://tatoeba.org/en/sentences/3738439
2918,Don't you know?,Hujui?,Tatoeba,https://tatoeba.org/en/sentences/3738848
2919,"The fur and the cap, which were made entirely of snow, fell off, and he saw a lady, tall and white, it was the Snow Queen.","Manyoya na kofia, ambayo yalitengenezwa kwa kutumia theluji, vilidondoka, na alimuona mwanamke, mrefu na mweupe, alikuwa ni Malkia wa Theluji.",Tatoeba,https://tatoeba.org/en/sentences/3753030
2920,I love God.,Napenda Mungu.,Tatoeba,https://tatoeba.org/en/sentences/3755652
2921,I thank you in advance for your assistance.,Ninakushukuru mapema kwa msaada wako.,Tatoeba,https://tatoeba.org/en/sentences/3758009
2922,The wives of the two elder brothers watched her and did exactly the same.,Wake wa ndugu wawili wakubwa walimwangalia na walifanya vivyo hivyo.,Tatoeba,https://tatoeba.org/en/sentences/3759412
2923,Please press the left mouse button to continue.,Tafadhali bonyeza kitufe cha kushoto ili kuendelea.,Tatoeba,https://tatoeba.org/en/sentences/3759525
2924,"The King of the East had a beautiful garden, and in the garden stood a tree that bore golden apples.","Mfalme wa Mashariki alikuwa na bustani nzuri, na katika bustani hiyo palikuwa na mti uliozaa tufaha ya dhahabu.",Tatoeba,https://tatoeba.org/en/sentences/3760522
2925,"""How does she manage to come up with all those amazing ideas?"" ""Frankly speaking, I wonder that myself.""","""Anawezaje kupata maoni hayo yote ya kushangaza?"" ""Kwa kusema ukweli, ninajiuliza mimi mwenyewe.""",Tatoeba,https://tatoeba.org/en/sentences/3762143
2926,"When a good opportunity presents itself, I don't let it pass.","Nafasi bora ikija, siiachilii ipite.",Tatoeba,https://tatoeba.org/en/sentences/3765021
2927,He has no heart at all.,Yeye hana moyo hata kidogo.,Tatoeba,https://tatoeba.org/en/sentences/3771199
2928,"Shift workers often have problems sleeping because it's hard to create a quiet, dark atmosphere during the day.","Wafanyikazi wa zamu mara nyingi huwa na shida ya kulala kwa sababu ni ngumu kuwa na hali ya utulivu, ya giza wakati wa mchana.",Tatoeba,https://tatoeba.org/en/sentences/3773033
2929,"Mario, stop calling me gay! I'm straight!","Mario, acha kuniita shoga! Mimi si shoga!",Tatoeba,https://tatoeba.org/en/sentences/3788443
2930,"If I'd wanted your opinion, I'd have asked for it.","Ikiwa nigalihitaji maoni yako, ningekuwa nimeitisha.",Tatoeba,https://tatoeba.org/en/sentences/3788676
2931,"The Russian language is a Slavic language spoken natively in Russia, Belarus, Ukraine, Kazakhstan and Kyrgyzstan, and is widely used, although without official imprimatur, in Latvia, Estonia and many other countries that form the constituent republics of the former Soviet Union.","Lugha ya kirusi ni lugha ya kislavoni inayoongelewa kama lugha ya asili huko Urusi, Belarusi, Ukraine, Kazakhstan na Kyrgyzstan, na pia inatumika sana, ijapokuwa si kama lugha rasmi huko Latvia, Estonia na nchi nyingine nyingi zilizokuwa ni jamhuri katika Umoja wa Sovieti wa zamani.",Tatoeba,https://tatoeba.org/en/sentences/3804010
2932,There are no two people with the same finger prints.,Hakuna watu wawili wenye alama sawa za kidole.,Tatoeba,https://tatoeba.org/en/sentences/3816061
2933,How did you ever find us?,"Je, ulituwahi vipi?",Tatoeba,https://tatoeba.org/en/sentences/3818852
2934,Did you feel threatened?,Unahisi kutishwa?,Tatoeba,https://tatoeba.org/en/sentences/3819740
2935,It's important that I do this.,Ni muhimu nifanye hivi.,Tatoeba,https://tatoeba.org/en/sentences/3819826
2936,I guess not.,Sidhani.,Tatoeba,https://tatoeba.org/en/sentences/3821998
2937,Let me check the manual.,Wacha ni angalie mwongozo.,Tatoeba,https://tatoeba.org/en/sentences/3822879
2938,I'll come to your house.,Nitakuja nyumbani kwako.,Tatoeba,https://tatoeba.org/en/sentences/3823688
2939,What else can you expect?,Nini kingine unaweza kutarajia?,Tatoeba,https://tatoeba.org/en/sentences/3824836
2940,It looks like you don't really know what to do.,Inaonekana hujui hasa cha kufanya.,Tatoeba,https://tatoeba.org/en/sentences/3825234
2941,I can barely bend my left arm.,Siwezi kukunja mkono wangu wa kushoto.,Tatoeba,https://tatoeba.org/en/sentences/3826542
2942,I'm not a little boy anymore.,Mimi si mtoto mdogo tena.,Tatoeba,https://tatoeba.org/en/sentences/3826667
2943,You're lucky nobody saw you do that.,Una bahati hakuna mtu aliyekuona ukifanya hivyo.,Tatoeba,https://tatoeba.org/en/sentences/3831087
2944,My van doesn't have a back seat.,Van yangu haina kiti cha nyuma.,Tatoeba,https://tatoeba.org/en/sentences/3831123
2945,My client wants to plead guilty.,Mteja wangu anataka kukubali mashtaka.,Tatoeba,https://tatoeba.org/en/sentences/3832032
2946,"Whenever I'm sad, I listen to old tapes from the past.","Nikiwa na huzuni, ninasikiliza kanda za zamani kutoka.",Tatoeba,https://tatoeba.org/en/sentences/3836379
2947,Everything isn't always simple in life.,Kila kitu sio rahisi katika maisha.,Tatoeba,https://tatoeba.org/en/sentences/3840154
2948,This huge mountain near our village blocks the sun most of the day.,Mlima mkubwa karibu na kijiji chetu kuziba jua wakati mwingi mchana,Tatoeba,https://tatoeba.org/en/sentences/3842221
2949,Serving in the special forces was exciting.,Kutumikia katika vikosi maalumu ilikuwa ya kufurahisha.,Tatoeba,https://tatoeba.org/en/sentences/3856873
2950,That victory became a source of national pride.,Ushindi huo ukawa chanzo cha majivuno ya kitaifa.,Tatoeba,https://tatoeba.org/en/sentences/3856899
2951,Many of today's young adults are drowning in credit card debt which most of them will never be able to pay off.,Vijana wengi wa leo wamezama katika deni la kadi ya mkopo ambalo wengi wao hawataweza kulipa.,Tatoeba,https://tatoeba.org/en/sentences/3857260
2952,The aircraft began to taxi to runway 4.,Ndege ilianza kuenda polepole kwa uwanja wa ndege.,Tatoeba,https://tatoeba.org/en/sentences/3857516
2953,King John gave his father a magnificent funeral.,Mfalme John akampa baba yake mazishi ya ajabu.,Tatoeba,https://tatoeba.org/en/sentences/3859724
2954,This security system allows us to trace employees movements anywhere they go.,Mfumo huu wa usalama inaturuhusu kufuata harakati za wafanyikazi popote waendapo.,Tatoeba,https://tatoeba.org/en/sentences/3859829
2955,Water is life.,Maji ni uhai.,Tatoeba,https://tatoeba.org/en/sentences/3861611
2956,This huge dam is an incredible feat of construction.,Bwawa hili kubwa ni ujenzi wa kustaajabisha sana.,Tatoeba,https://tatoeba.org/en/sentences/3862025
2957,"I have just half an hour to have lunch, take a dump and rest before I go back to work.","Nina nusu saa tu kupata chamcha, na kupumzika kabla ya kurudi kazini.",Tatoeba,https://tatoeba.org/en/sentences/3862441
2958,"After an hour of waiting, the launch of the rocket was cancelled.","Baada ya saa ya kusubiri, uzinduzi wa roketi ulifutiliwa.",Tatoeba,https://tatoeba.org/en/sentences/3862657
2959,I bought these flowers for you.,Nimekununulia maua haya.,Tatoeba,https://tatoeba.org/en/sentences/3868441
2960,Her pillow was wet with tears.,Mto wake ulikuwa na machozi.,Tatoeba,https://tatoeba.org/en/sentences/3868792
2961,This island is six times bigger than Manhattan.,Kisiwa hiki ni kubwa mara sita kuliko Manhattan.,Tatoeba,https://tatoeba.org/en/sentences/3872354
2962,The wind is blowing at an incredible speed.,Upepo unavuma kwa kasi ya kushangaza sana.,Tatoeba,https://tatoeba.org/en/sentences/3874092
2963,Trains race through this tunnel at forty miles an hour.,Treni hukimbiia kupitia hili shimo zikitumia maili arobaini kwa saa.,Tatoeba,https://tatoeba.org/en/sentences/3874105
2964,He's a rally driver.,Yeye ni dereva wa mashindano ya rally.,Tatoeba,https://tatoeba.org/en/sentences/3877377
2965,This cable has a tremendous strength.,Waya hii ina nguvu kubwa.,Tatoeba,https://tatoeba.org/en/sentences/3877523
2966,This huge truck can carry twenty five tons of liquid concrete.,Lori hili kubwa linaweza kubeba tani ishirini na tano za simiti.,Tatoeba,https://tatoeba.org/en/sentences/3877534
2967,The safety card in the seat pocket contains the same information as the following safety demonstration.,Kadi ya usalama iliyomo mfukonim wa kiti ina habari sawa na maonyesho yafuatayo ya usalama.,Tatoeba,https://tatoeba.org/en/sentences/3878741
2968,I want bread.,Ninataka mkate.,Tatoeba,https://tatoeba.org/en/sentences/3881827
2969,Once upon a time a great and powerful king married a lovely princess.,Wakati mmoja mfalme mkubwa na mwenye mamlaka alioa binti ya mfalme wa kupendeza.,Tatoeba,https://tatoeba.org/en/sentences/3881905
2970,"The step-mother was very cruel to the twins, and beat them, and half-starved them, and constantly drove them out of the house.","Mama wa kambo alikuwa mkali kwa mapacha hao, na kuwapiga, na kuweka njaa, na mara kwa mara kuwafukuza nje ya nyumba.",Tatoeba,https://tatoeba.org/en/sentences/3884603
2971,"If I am pleased with you, I’ll reward you; but if I am not, I’ll put you in a pan and fry you in the oven.","Ikiwa nimekufurahia, nitakupa zawadi; lakini ikiwa sivyo, nitakuweka kwenye sufuria na kukukaanga kwenye oveni.",Tatoeba,https://tatoeba.org/en/sentences/3884621
2972,An old Witch met him on the road. She was very ugly to look at: her under-lip hung down to her breast.,Mchawi mzee alikutana naye barabarani. Alikuwa hapendezi: mdomo wake wa chini ulikuwa ukining'iniakwenye kifua chake.,Tatoeba,https://tatoeba.org/en/sentences/3884723
2973,"The queen was an extremely clever woman, who could do a great deal more than just drive in a coach.","Malkia alikuwa mwanamke mwerevu sana, ambaye angeweza kufanya kazi kubwa zaidi kuliko kuendesha gari kwa makocha tu.",Tatoeba,https://tatoeba.org/en/sentences/3884988
2974,"The Princess came out of the copper castle, and became Queen; and that pleased her very much.",Binti mfalme akatoka katika ngome ya shaba na kuwa Malkia; hilo lilimfurahisha sana.,Tatoeba,https://tatoeba.org/en/sentences/3884993
2975,They drove deep into enemy territory.,Waliingia ndani kwenye eneo la adui.,Tatoeba,https://tatoeba.org/en/sentences/3889313
2976,"If you eat well, exercise and drink lots of water daily, you'll still die someday.","Ikiwa unakula vizuri na kufanya mazoezi na kunywa maji mengi kila siku, bado utakufa siku moja.",Tatoeba,https://tatoeba.org/en/sentences/3890595
2977,The plane lost part of its wing.,Ndege ilipoteza sehemu ya bawa lake.,Tatoeba,https://tatoeba.org/en/sentences/3891111
2978,Many passengers suffered third degree burns.,Abiria wengi walipata marejaha ya moto kiwango cha tatu.,Tatoeba,https://tatoeba.org/en/sentences/3891566
2979,Our brave men and women were sent to oil-rich Iraq to defend democracy and freedom.,Wanaume na wanawake wetu wenye ujasiri walipelekwa Iraq iliyojaa mafuta ili kutetea demokrasia na uhuru.,Tatoeba,https://tatoeba.org/en/sentences/3891615
2980,They dug miles of underground tunnels to resist the enemy attack.,Walichimba maili ya vichuguu chini ya ardhi kukinga shambulio la adui.,Tatoeba,https://tatoeba.org/en/sentences/3891779
2981,A coast guard helicopter approached the ship.,Helikopta ya walinzi wa pwani ilikaribia meli.,Tatoeba,https://tatoeba.org/en/sentences/3896704
2982,You'll have a very beautiful view of Boston from here.,Utapata kuona mandhari mazuri ya Boston hapa.,Tatoeba,https://tatoeba.org/en/sentences/3896758
2983,"Just remember, you can't compete with the memory of your younger self.","Kumbuka, huwezi kushindana na kumbukumbu ya ujana wako.",Tatoeba,https://tatoeba.org/en/sentences/3899131
2984,The vampire was shot with a silver bullet.,Vampire alipigwa na risasi ya fedha.,Tatoeba,https://tatoeba.org/en/sentences/3902228
2985,How do you put up with them?,Unawezaje kukaa nao?,Tatoeba,https://tatoeba.org/en/sentences/3903111
2986,I just had a talk with them.,Nimezungumza tu nao.,Tatoeba,https://tatoeba.org/en/sentences/3903276
2987,I want them brought to justice.,Ninataka wapate haki.,Tatoeba,https://tatoeba.org/en/sentences/3904803
2988,Have you told him what to do?,Umemwambia cha kufanya?,Tatoeba,https://tatoeba.org/en/sentences/3905230
2989,Will you give this to us?,"Je, utatupa hii?",Tatoeba,https://tatoeba.org/en/sentences/3905847
2990,Call me after you talk to them.,Nipigie simu baada ya kuzungumza nao.,Tatoeba,https://tatoeba.org/en/sentences/3906151
2991,Let's talk to him.,Tuongee naye.,Tatoeba,https://tatoeba.org/en/sentences/3906493
2992,I'll go talk to them now.,Naenda kuongea nao sasa.,Tatoeba,https://tatoeba.org/en/sentences/3906648
2993,Did something happen to him?,Kuna jambo lililomtendekea?,Tatoeba,https://tatoeba.org/en/sentences/3907413
2994,Tell them you lied.,Waambie ulidanganyana.,Tatoeba,https://tatoeba.org/en/sentences/3907810
2995,Tell her I have a broken leg.,Mwambie nina mguu uliovunjika.,Tatoeba,https://tatoeba.org/en/sentences/3908142
2996,Show us the picture.,Tuonyeshe picha.,Tatoeba,https://tatoeba.org/en/sentences/3909489
2997,Stop scaring her.,Acha kumtisha.,Tatoeba,https://tatoeba.org/en/sentences/3910421
2998,Go pick him up.,Nenda ukamchukue.,Tatoeba,https://tatoeba.org/en/sentences/3911080
2999,I wish I hadn't married him.,Natamani nisingalimwoa.,Tatoeba,https://tatoeba.org/en/sentences/3912422
3000,You're not anything like them.,Wewe sio chochote kama wao.,Tatoeba,https://tatoeba.org/en/sentences/3913120
3001,Don't let them know that.,Usiwaambie wajue.,Tatoeba,https://tatoeba.org/en/sentences/3913446
3002,I can't leave him.,Siwezi kumuacha.,Tatoeba,https://tatoeba.org/en/sentences/3913761
3003,They were going to kill you.,Wangeenda kukuua.,Tatoeba,https://tatoeba.org/en/sentences/3914230
3004,Why would anybody kidnap me?,Kwa nini mtu yeyote ataniteka nyara?,Tatoeba,https://tatoeba.org/en/sentences/3914278
3005,Someone's going to hurt you.,Mtu atakudhuru.,Tatoeba,https://tatoeba.org/en/sentences/3914564
3006,I wanted to help him.,Nilitaka kumsaidia.,Tatoeba,https://tatoeba.org/en/sentences/3914985
3007,I'm going to give him a bath.,Nakwenda kumwogesha.,Tatoeba,https://tatoeba.org/en/sentences/3915976
3008,I'm not working for them.,Siwafanyi kazi.,Tatoeba,https://tatoeba.org/en/sentences/3916935
3009,Can we wait for them here?,Je! Tunaweza kuwangojea hapa?,Tatoeba,https://tatoeba.org/en/sentences/3917112
3010,I found a nice tie for her.,Nimepata tai nzuri ya kumpa.,Tatoeba,https://tatoeba.org/en/sentences/3917169
3011,We're looking out for them.,Tunawatafuta.,Tatoeba,https://tatoeba.org/en/sentences/3917384
3012,I was going to call her today.,Nilikuwa na panga kumpigia simu leo.,Tatoeba,https://tatoeba.org/en/sentences/3918995
3013,Maybe we should call her.,Labda tunapaswa kumwita.,Tatoeba,https://tatoeba.org/en/sentences/3919054
3014,Don't you ever call them?,Usiwahi kudhubutu kuwapigia?,Tatoeba,https://tatoeba.org/en/sentences/3919103
3015,Should I bring her with me?,Tunaweza kuja na yeye?,Tatoeba,https://tatoeba.org/en/sentences/3919258
3016,I believed her.,Nilimuamini.,Tatoeba,https://tatoeba.org/en/sentences/3919389
3017,Someone threw a rock at her.,Mtu alimtupia jiwe.,Tatoeba,https://tatoeba.org/en/sentences/3919644
3018,They all turned to look at them.,Wote waligeuka kuwaangalia.,Tatoeba,https://tatoeba.org/en/sentences/3919710
3019,I'll ask him tomorrow.,Nitamuuliza kesho,Tatoeba,https://tatoeba.org/en/sentences/3920157
3020,Nobody talks about us.,Hakuna MTU anayetuzungumzia.,Tatoeba,https://tatoeba.org/en/sentences/3920658
3021,Have you heard about us?,"Je, umesikia kutuhusu?",Tatoeba,https://tatoeba.org/en/sentences/3920924
3022,That scarf is very becoming on you; the color really brings out your eyes.,Hiyo blanketi inakutoa kweli; rangi kweli hutoa macho yako.,Tatoeba,https://tatoeba.org/en/sentences/3921800
3023,This isn't about money or power. This is about my legacy.,Hii haihusu ya pesa au mamlaka. Hii inahusu urithii wangu.,Tatoeba,https://tatoeba.org/en/sentences/3922803
3024,What kind of game is this?,Huu ni mchezo wa aina gani?,Tatoeba,https://tatoeba.org/en/sentences/3924386
3025,No group has claimed responsibility for the kidnapping yet.,Hakuna kundi lililodai jukumu la utekaji nyara bado.,Tatoeba,https://tatoeba.org/en/sentences/3925613
3026,Dan ordered the security guards to close all the exit doors of the facility.,Dani aliwaamuru walinda usalama kufunga milango yote ya kutoka ya jengo hilo.,Tatoeba,https://tatoeba.org/en/sentences/3927521
3027,The hostage-takers planted explosives all around the compound.,Watekaji nyara waliweka mabomu pande zote za eneo hilo.,Tatoeba,https://tatoeba.org/en/sentences/3927956
3028,Dan and Matt work as security guards for a private firm.,Dani na Matt hufanya kazi kama walinzi wa kampuni ya kibinafsi.,Tatoeba,https://tatoeba.org/en/sentences/3930218
3029,Dan arrived in London with a group of experts.,Dan aliwasili London na kikundi cha wataalam.,Tatoeba,https://tatoeba.org/en/sentences/3930798
3030,Dan came up with a new idea.,Dan alitoa wazo jipya.,Tatoeba,https://tatoeba.org/en/sentences/3930806
3031,Dan fell to the ground and broke three ribs.,Dan alianguka chini na akavunja mbavu tatu.,Tatoeba,https://tatoeba.org/en/sentences/3930824
3032,Dan was a serial killer who had murdered at least six people.,Dani alikuwa hatari ambaye alikuwa amewauwa watu wasiopungua sita.,Tatoeba,https://tatoeba.org/en/sentences/3930918
3033,Dan was sent to a maximum security facility in Florida.,Dani alifungwa kwenye gereza la juu huko Florida.,Tatoeba,https://tatoeba.org/en/sentences/3930931
3034,The guards discovered a tunnel in Dan's cell.,Walinzi waligundua shimo kwenye chumba cha gereza cha Dan.,Tatoeba,https://tatoeba.org/en/sentences/3930955
3035,The helicopter was shot down by the Mexican army.,Helikopta ilipigwa risasi na jeshi la Mexico.,Tatoeba,https://tatoeba.org/en/sentences/3930962
3036,The crane can lift twenty tons of concrete.,Kreni inaweza kuinua matofali yani ishirini.,Tatoeba,https://tatoeba.org/en/sentences/3932455
3037,There are a lot of big cities in Brazil.,Kuna miji mingi mikubwa katika Brazil.,Tatoeba,https://tatoeba.org/en/sentences/3932822
3038,Dan's autopsy revealed a surprise.,Uchunguzi wa mwili wa wafu wa Dan uligundua maajabu.,Tatoeba,https://tatoeba.org/en/sentences/3932993
3039,Dan dated Linda for a very short period of time.,Dan alimpenda Linda kwa kipindi kifupi sana.,Tatoeba,https://tatoeba.org/en/sentences/3949679
3040,Dan was blessed with two adorable daughters.,Dani alibarikiwa na mabinti wawili warembo.,Tatoeba,https://tatoeba.org/en/sentences/3949745
3041,"What's this about, Dan?","Hii ni nini, kuhusu Dan?",Tatoeba,https://tatoeba.org/en/sentences/3951567
3042,How much grass does a buffalo eat per day?,Nyati hula nyasi kiasi gani kwa siku?,Tatoeba,https://tatoeba.org/en/sentences/3951583
3043,A bat's legs are made up of light weight bones. This bone structure is good for flying and hanging upside down.,Miguu ya popo ina mifupa miepesi. Muundo huu wa mifupa ni mzuri kwa kuruka na kuning'inia juu chini.,Tatoeba,https://tatoeba.org/en/sentences/3951892
3044,Photography is a form of time travel.,Upigaji picha ni aina ya kusafiri katika nyakati mbalimbali.,Tatoeba,https://tatoeba.org/en/sentences/3957515
3045,Stars change over time. It may take millions to billions of years for a star to live out its life.,Nyota hubadilika na wakati. Inaweza kuchukua mamilioni hata mabilioni ya miaka kwa nyota kuishi maisha yake yote.,Tatoeba,https://tatoeba.org/en/sentences/3957805
3046,The gravity of a black hole is so powerful that not even light can escape its pull!,Nguvu ya shimo nyeusi ni yenye nguvu sana hata mwangaza hauwezi kutoroka kwa mvuto wake!,Tatoeba,https://tatoeba.org/en/sentences/3957835
3047,"As objects fall toward the black hole, they heat up and get very hot.","Wakati vitu vinaanguka kuelekea shimo nyeusi, hushika joto na kuwa moto sana.",Tatoeba,https://tatoeba.org/en/sentences/3957841
3048,"In 1963, the United States and the Soviet Union started a race to see who could put a man on the Moon first.","Mnamo 1963, Amerika na Umoja wa Kisovieti zilianza mbio ili kuona ni nani anayeweza kuweka mtu kwenye Mwezi kwanza.",Tatoeba,https://tatoeba.org/en/sentences/3958003
3049,Franklin arrived in the United States in 1968. He could not speak English and had only fifty dollars in his pocket.,Franklin alifika Amerika mnamo 1968. Hakuweza kuzungumza Kiingereza na alikuwa na dola hamsini tu mfukoni mwake.,Tatoeba,https://tatoeba.org/en/sentences/3958705
3050,"In December of 1932, Einstein left for the United States. A month after his departure the Nazis assumed control of Germany. He never returned to Germany.",Einstein alienda Amerika Desemba 1932. Mwezi mmoja baaba ya kuondoka kwake Wanazi walidhibiti Ujerumani. Hakurudi kamwe Ujerumani.,Tatoeba,https://tatoeba.org/en/sentences/3958860
3051,Elena was the first child born to a mother and a father who had both traveled in space.,Elena alikuwa mtoto wa kwanza kuzaliwa kwa mama na baba ambaye wawili walisafiri katika anga.,Tatoeba,https://tatoeba.org/en/sentences/3958968
3052,She received the United Nations Gold Medal of Peace.,Alipokea medali ya Dhahabu ya Amani ya Umoja wa Mataifa.,Tatoeba,https://tatoeba.org/en/sentences/3958976
3053,The average distance between stars within our galaxy is about 4 light years.,Masafa ya wastani kati ya nyota katika galaji yetu ni karibu miaka 4 ya mwangaza.,Tatoeba,https://tatoeba.org/en/sentences/3959728
3054,"Unfortunately, my neighbor was involved in a traffic accident, and is currently in a coma.","Kwa bahati mbaya, jirani yangu alihusika katika ajali ya barabarani, na kwa sasa yuko katika hali mahututi.",Tatoeba,https://tatoeba.org/en/sentences/3962686
3055,"After standing for 6 hours, Antonio's legs became stiff.","Baada ya kusimama kwa masaa 6, miguu ya Antonio ikawa migumu.",Tatoeba,https://tatoeba.org/en/sentences/3962716
3056,Julian was wrong?,Julian alikosea?,Tatoeba,https://tatoeba.org/en/sentences/3962733
3057,"Upon seeing how ridiculous he looked, everyone could not help but laughing.","Baada ya kuona jinsi alivyoonekana kituko, kila mtu alishindwa kujizuia kucheka.",Tatoeba,https://tatoeba.org/en/sentences/3962761
3058,My grandson loves the story of Snow White.,Mjukuu wangu anapenda hadithi ya White White.,Tatoeba,https://tatoeba.org/en/sentences/3963974
3059,By a stroke of luck I found my keys in the rubbish bin.,Kwa bahati ya mtende nilipata funguo zangu kwenye pipa la taka.,Tatoeba,https://tatoeba.org/en/sentences/3968593
3060,Alcohol mixed with energy drinks can be a dangerous combination.,Pombe iliyochanganywa na vinywaji vya kuongeza nguvu inaweza kuwa mchanganyiko hatari.,Tatoeba,https://tatoeba.org/en/sentences/3970792
3061,People who desire power make bad leaders.,Watu wanaotamani mamlaka huwa viongozi wabaya.,Tatoeba,https://tatoeba.org/en/sentences/3972629
3062,The United States has almost a fourth of the world's prison population.,Amerika ina karibu mara nne ya idadi ya wafungwa ulimwenguni.,Tatoeba,https://tatoeba.org/en/sentences/3988471
3063,Dan didn't even have the slightest idea which part of London he was in.,Dan hakuwa na wazo hata kidogo ni sehemu gani ya London alikuwa ndani.,Tatoeba,https://tatoeba.org/en/sentences/3989804
3064,My sister doesn't know the difference between a goose and a duck.,Dada yangu hajui tofauti kati ya bata mzinga na bata.,Tatoeba,https://tatoeba.org/en/sentences/3990472
3065,"You get closest to Jesus in the tough times, not the good times.","Unakaribia Yesu kwa nyakati za gumu, sio nyakati za urahisi.",Tatoeba,https://tatoeba.org/en/sentences/3990528
3066,Dan's body was found in a well with fifty stab wounds.,Mwili wa Dani ulipatikana kwenye kisima na vidonda hamsini vya kudungwa.,Tatoeba,https://tatoeba.org/en/sentences/3991348
3067,Dan is the only rogue around here.,Dani ndiye mzembe tu hapa.,Tatoeba,https://tatoeba.org/en/sentences/3991404
3068,Who is Dan talking to?,Dan anaongea na nani?,Tatoeba,https://tatoeba.org/en/sentences/3991635
3069,Dan sold drugs for a dangerous drug dealer.,Dani aliuza madawa ya kulevya kwa muuzaji hatari wa madawa za kulevya.,Tatoeba,https://tatoeba.org/en/sentences/3992780
3070,God has sent his angels to protect you wherever you go.,Mungu ametuma malaika wake kukulinda kokote uendako.,Tatoeba,https://tatoeba.org/en/sentences/3993892
3071,God created him.,Mungu alimuumba.,Tatoeba,https://tatoeba.org/en/sentences/3994414
3072,Dan helped Linda find an elegant dress at the clothing shop.,Dan alimsaidia Linda kupata rinda maridadi katika duka la nguo.,Tatoeba,https://tatoeba.org/en/sentences/3994948
3073,It's up to the judge to decide whether a report calls for a police investigation.,Ni juu ya jaji kuamua kama ripoti inahitaji upelelezi wa polisi.,Tatoeba,https://tatoeba.org/en/sentences/3996732
3074,Dan and Linda returned home.,Dan na Linda walirudi nyumbani.,Tatoeba,https://tatoeba.org/en/sentences/3997988
3075,Dan introduced Linda to Matt and Rita.,Dan alimtambulisha Linda kwa Matt na Rita.,Tatoeba,https://tatoeba.org/en/sentences/3998032
3076,What is your natural hair colour?,Rangi yako ya asili ya nywele ni nini?,Tatoeba,https://tatoeba.org/en/sentences/3998551
3077,Are you now or have you ever been a member of the Communist Party of the United States?,"Je, umewahi kuwa mshiriki wa Chama cha Kikomunisti cha Merika?",Tatoeba,https://tatoeba.org/en/sentences/4001154
3078,"Susan thought the film was hilarious, but one time was enough.","Susan alidhani kuwa filamu hiyo ilikuwa ya kuchekesha, lakini, mara moja haikutosha.",Tatoeba,https://tatoeba.org/en/sentences/4001652
3079,Linda identified Dan as the man who had raped her.,Linda alimtambua Dani kama mtu aliyembaka.,Tatoeba,https://tatoeba.org/en/sentences/4009048
3080,Police questioned many persons who worked near the crime scene.,Polisi waliwahoji watu wengi ambao wanafanya kazi karibu na eneo la uhalifu.,Tatoeba,https://tatoeba.org/en/sentences/4009067
3081,Dan was last seen wearing blue jeans and a black leather jacket.,Dan alionekana mwisho akivalia jinsi ya bluu na jaket nyeusi ya ngozi.,Tatoeba,https://tatoeba.org/en/sentences/4009306
3082,Dan was inside his apartment when he heard Matt and Linda arguing in the hallway.,Dani alikuwa ndani ya nyumba yake aliposikia Matt na Linda wakibishana barabarani.,Tatoeba,https://tatoeba.org/en/sentences/4009318
3083,Dan was deeply troubled by Linda's death.,Dan alisikitishwa sana na kifo cha Linda.,Tatoeba,https://tatoeba.org/en/sentences/4009326
3084,Dan discovered a pile of dirty clothes in Linda's backyard.,Dani aligundua rundo la nguo chafu kwenye uwanja wa nyuma wa Linda.,Tatoeba,https://tatoeba.org/en/sentences/4009561
3085,Dan and Linda stopped talking to each other.,Dan na Linda waliacha kuzungumziana.,Tatoeba,https://tatoeba.org/en/sentences/4009608
3086,"You don't think that I did it, do you?",Hudhani nilifanya hivyo.,Tatoeba,https://tatoeba.org/en/sentences/4011658
3087,Where did you think I was?,"Je, ulidhani nilikuwa wapi?",Tatoeba,https://tatoeba.org/en/sentences/4012050
3088,"Come on, let's take a walk.","Njoo, tutembee.",Tatoeba,https://tatoeba.org/en/sentences/4012092
3089,What makes you so sure of that?,"Je, nini inakufanya uwe na uhakika jinsi hiyo?",Tatoeba,https://tatoeba.org/en/sentences/4012897
3090,What was the reason for that?,"Je, sababu yake ilikuwa nini?",Tatoeba,https://tatoeba.org/en/sentences/4012941
3091,It'll only take a second.,Haitachukua muda mrefu.,Tatoeba,https://tatoeba.org/en/sentences/4013374
3092,Could you excuse us a sec?,Unaweza kutuwia radhi kwa sekunde moja?,Tatoeba,https://tatoeba.org/en/sentences/4013376
3093,Is there someplace we could speak in private?,"Je, kKuna mahali tunaweza kuzungumza kwa faragha?",Tatoeba,https://tatoeba.org/en/sentences/4013657
3094,Do you really think it's necessary?,Unafikiri ni muhimu?,Tatoeba,https://tatoeba.org/en/sentences/4014225
3095,It was a suicide bombing.,Ilikuwa bomu ya kujitoa mhanga.,Tatoeba,https://tatoeba.org/en/sentences/4016919
3096,He was terrified at the sight of this huge snake.,Aliogopa sana mbele ya yule nyoka mkubwa.,Tatoeba,https://tatoeba.org/en/sentences/4021497
3097,Dan has been hearing sexual noises all night long at the hotel.,Dani amekuwa akisikia kelele za ngono usiku kucha katika hoteli hii.,Tatoeba,https://tatoeba.org/en/sentences/4027795
3098,Linda became Dan's children's full-time nanny.,Linda alikua mjakazi wa wakati wote wa watoto wa Dani.,Tatoeba,https://tatoeba.org/en/sentences/4028542
3099,"Will you pass me the salt, please?","Unaweza kunipitishia chumvi, tafadhali?",Tatoeba,https://tatoeba.org/en/sentences/4030956
3100,There was a chain accident during rush hour.,Kulikuwa na msusuru wa ajali wakati wa shughuli nyingi.,Tatoeba,https://tatoeba.org/en/sentences/4035590
3101,I literally ate a dozen eggs on Easter Sunday.,Kwa kweli nilikula mayai kadhaa Jumapili ya Pasaka.,Tatoeba,https://tatoeba.org/en/sentences/4039357
3102,A book is proof that humans are capable of working magic.,Kitabu ni thibitisho kwamba wanadamu wana uwezo wa kufanya kazi ya ajabu.,Tatoeba,https://tatoeba.org/en/sentences/4042868
3103,I will never forget to keep sweet thoughts in my heart for my dear professor.,Sitasahau kuhifadhi mawazo matamu moyoni mwangu kwa profesa wangu mpendwa.,Tatoeba,https://tatoeba.org/en/sentences/4045684
3104,He'd rather come tomorrow.,Afadhali aje kesho.,Tatoeba,https://tatoeba.org/en/sentences/4061399
3105,I didn't want to talk to anyone.,Sikutaka kuzungumza na yeyote.,Tatoeba,https://tatoeba.org/en/sentences/4071880
3106,Those who ignore rather than fulfill their need for sleep will soon encounter serious effects on their health.,Wale wanaopuuza badala ya kutimiza hitaji lao la kulala hivi karibuni watakumbana na athari kubwa kwa afya zao.,Tatoeba,https://tatoeba.org/en/sentences/4073427
3107,"The Irish girl, who is writing in Irish, is a writer.","Msichana wa Ireland, ambaye anaandika kwa Ireland, ni mwandishi.",Tatoeba,https://tatoeba.org/en/sentences/4079454
3108,"It looks like the question was too easy for you. Next time, I'll have to make it a bit harder.",Inaonekana kwamba swali lilikuwa rahisi sana kwako. Wakati ujao nitajitahidi zaidi.,Tatoeba,https://tatoeba.org/en/sentences/4079861
3109,Drinking alcohol on the street or in parks is illegal in most of the United States.,Kunywa pombe barabarani au katika mbuga ni haramu katika maeneo mengi Amerika.,Tatoeba,https://tatoeba.org/en/sentences/4080061
3110,Robot voices are really creepy to me.,Sauti za robot zinanichukiza sana.,Tatoeba,https://tatoeba.org/en/sentences/4093959
3111,The prize is wrong.,Tuzo haikuwa sawa.,Tatoeba,https://tatoeba.org/en/sentences/4113360
3112,Thus we see an old truth confirmed: war is always useless.,Kwa hivyo tunaona ukweli wa zamani umethibitishwa: vita daima huwa haina maana.,Tatoeba,https://tatoeba.org/en/sentences/4128337
3113,"The Doctor took his usual position, opposite to Grace.","Daktari alikaa katika nafasi yake ya kawaida, kando na Grace.",Tatoeba,https://tatoeba.org/en/sentences/4132101
3114,"If we think it's going to rain, then obviously we're in the right place. But it's just that nobody else has it on their radar, which is a bit of a surprise.","Tukidhani itanyesha, basi ni wazi kwamba tuko mahali pazuri. Ni vile tu hakuna mtu mwingine yeyote kwenye rada yao, ambayo ni mshangao.",Tatoeba,https://tatoeba.org/en/sentences/4132240
3115,There were a lot of empty beer bottles lying on the ground near the tent.,Kulikuwa na chupa nyingi tupu za bia zilizolazwa chini karibu na hema.,Tatoeba,https://tatoeba.org/en/sentences/4132582
3116,The lecture was as boring as watching paint dry.,Hotuba hiyo ilikuwa haifurahishi kama kutazama rangi ikikauka.,Tatoeba,https://tatoeba.org/en/sentences/4152956
3117,What shall I write here?,Nitaandika nini hapa?,Tatoeba,https://tatoeba.org/en/sentences/4156195
3118,This necklace is made of jade.,Mkufu huu umetengenezwa na jade.,Tatoeba,https://tatoeba.org/en/sentences/4169727
3119,They will announce the winner tomorrow.,Watatangaza mshindi kesho..,Tatoeba,https://tatoeba.org/en/sentences/4192687
3120,"If your wife cheated on you, thank God she only cheated on you and did not betray the country.","Ikiwa mke wako amekudanganya, shukuru Mungu alikudanganya tu na hakuisaliti nchi.",Tatoeba,https://tatoeba.org/en/sentences/4194256
3121,"""It's better to die on your feet than to live on your knees."" ""Then why are you still alive?""","""Ni bora kufa kwa miguu yako kuliko kuishi kwa magoti yako."" ""Basi kwa nini bado uko hai?""",Tatoeba,https://tatoeba.org/en/sentences/4229665
3122,I'm gonna go take a nap for an hour.,Nitaenda kulala kidogo kwa saa moja.,Tatoeba,https://tatoeba.org/en/sentences/4229687
3123,The interview was recorded on video and shared all over the Internet.,Mahojiano yalirekodiwa kwenye video na kuenezwa kwenye mtandao.,Tatoeba,https://tatoeba.org/en/sentences/4231064
3124,The security team checked the car for explosives.,Kikosi cha ulinzi kilikagua gari kwa milipuko.,Tatoeba,https://tatoeba.org/en/sentences/4241401
3125,Solar power is a clean source of energy.,Nguvu ya jua ni chanzo safi cha nishati.,Tatoeba,https://tatoeba.org/en/sentences/4241443
3126,I suppose you're not an expert in these matters.,Nadhani wewe sio mtaalam katika masuala haya.,Tatoeba,https://tatoeba.org/en/sentences/4255347
3127,This is a powerful laser.,Hii ni Leza yenye nguvu.,Tatoeba,https://tatoeba.org/en/sentences/4255979
3128,St Peter's is in Rome and St Paul is in London.,St Peter's iko Roma na St Paul's iko London.,Tatoeba,https://tatoeba.org/en/sentences/4256502
3129,The book I bought is on the table.,Kitabu nilinunua kiko mezani.,Tatoeba,https://tatoeba.org/en/sentences/4265824
3130,"Hey, mister! Eat my cat, please!","We, bwana! Kula paka wangu, tafadhali!",Tatoeba,https://tatoeba.org/en/sentences/4267297
3131,"Fortunately this shed is stable, or else it'd have surely fallen down due to the storm last night.","Kwa bahati nzuri kivuli hiki ni thabiti, au sivyo ingeanguka chini kwa sababu ya dhoruba jana usiku.",Tatoeba,https://tatoeba.org/en/sentences/4291011
3132,There's nothing for me here.,Hakuna changu hapa.,Tatoeba,https://tatoeba.org/en/sentences/4292848
3133,The hour between night and dawn is called the hour of the wolf.,Saa kati ya usiku na alfajiri inaitwa saa ya mbwa mwitu.,Tatoeba,https://tatoeba.org/en/sentences/4300448
3134,The one who pays the bills calls the shots.,Anayelipa bili ndiye wa kusema.,Tatoeba,https://tatoeba.org/en/sentences/4300631
3135,"Yes, I said that murder is a sin, but I never said that sins are wrong.","Ndio, nilisema kuwa kuua ni dhambi, lakini sikusema kuwa madhambi ni mbaya.",Tatoeba,https://tatoeba.org/en/sentences/4307829
3136,He likes reading books.,Anapenda kusoma vitabu.,Tatoeba,https://tatoeba.org/en/sentences/4308703
3137,Are you aware of the link between tobacco smoke and lung cancer?,"Je, unajua uhusiano kati ya moshi wa tumbaku na saratani ya mapafu?",Tatoeba,https://tatoeba.org/en/sentences/4309000
3138,How about ice cream with chocolate sauce for dessert?,Vipi kuhusu ice cream na mchuzi wa chokoleti?,Tatoeba,https://tatoeba.org/en/sentences/4311240
3139,"To protect your head, you need to wear a helmet.","Ili kulinda kichwa chako, unahitaji kuvaa kofia.",Tatoeba,https://tatoeba.org/en/sentences/4321371
3140,"After a short while, he began to talk nonsense.","Baada ya muda mfupi, akaanza kuongea ujinga.",Tatoeba,https://tatoeba.org/en/sentences/4325116
3141,She was standing near him.,Alikuwa anasimama karibu naye.,Tatoeba,https://tatoeba.org/en/sentences/4329107
3142,"The ship, covered in thick fog, set sail at dawn.","Meli hiyo, iliyofunikwa kwa ukungu mnene, ikaanza kusafiri.",Tatoeba,https://tatoeba.org/en/sentences/4331671
3143,The army was in retreat.,Jeshi lilikuwa nyuma.,Tatoeba,https://tatoeba.org/en/sentences/4332921
3144,End violence; pursue peace.,Maliza ghasia; tafuta amani.,Tatoeba,https://tatoeba.org/en/sentences/4338265
3145,String instruments are romantic.,Vyombo vya kamba ni vya kimapenzi.,Tatoeba,https://tatoeba.org/en/sentences/4341901
3146,On both sides of the road there are cherry trees.,Katika pande zote za barabara kuna miti ya cherry.,Tatoeba,https://tatoeba.org/en/sentences/4352283
3147,You're very shy.,Wewe unahaya sana,Tatoeba,https://tatoeba.org/en/sentences/4368269
3148,I wish I had the will power to stop eating junk food.,Laiti ningelikuwa na nguvu ya kukomesha vyakula vya kunonesha.,Tatoeba,https://tatoeba.org/en/sentences/4374659
3149,"If you push a button, either you will die or you will live.","Ukibonyeza kifungo, aidha utakufa au utaishi.",Tatoeba,https://tatoeba.org/en/sentences/4384211
3150,"Dad, what is the difference between the mafia and the government?","Baba, kuna tofauti gani kati ya magenge na serikali?",Tatoeba,https://tatoeba.org/en/sentences/4391496
3151,During the interrogation he admitted his guilt.,Wakati wa mahojiano alikubali hatia yake.,Tatoeba,https://tatoeba.org/en/sentences/4391570
3152,"""I'll be working all weekend."" ""Why? What happened to the other cleaning lady?"" ""Oh, so I'm a cleaning lady now? Thank you for the promotion.""","""Nitakuwa nikifanya kazi wikendi yote."" ""Kwa nini? Ni nini kilimtokea yule binti wa kusafisha? "" ""Ah, kwa hivyo mimi ni mwanamke wa kusafisha sasa? Asante kwa kunipandisha cheo.""",Tatoeba,https://tatoeba.org/en/sentences/4393534
3153,"""Don't cross your legs like that."" ""Why not?"" ""Well, unless you've got a vagina, it's inappropriate.""","""Usifunge miguu yako hivyo."" ""Kwa nini isiwe hivyo?"" ""Kweli, isipokuwa unayo uke, haifai.""",Tatoeba,https://tatoeba.org/en/sentences/4393623
3154,He's gonna have to throw himself on the mercy of the court.,Itabidi ajiachilie mwenyewe kwa huruma ya mahakama.,Tatoeba,https://tatoeba.org/en/sentences/4394522
3155,Grab the golden egg.,Kamata yai la dhahabu.,Tatoeba,https://tatoeba.org/en/sentences/4398835
3156,"I'd better go, too.",Ni bora nami niondoke.,Tatoeba,https://tatoeba.org/en/sentences/4401041
3157,Ally loves playing with her twin sister Anne.,Ally anapenda kucheza na dada yake pacha Anne.,Tatoeba,https://tatoeba.org/en/sentences/4404748
3158,Increase the heat to brown the corn cake on both sides.,Ongeza moto ili keki ya mahindi iwe kahawia pande zote.,Tatoeba,https://tatoeba.org/en/sentences/4409759
3159,Press the green button to play the video and the red one to stop it.,Bonyeza kufungo cha kijani kucheza video na chekundu kusimamisha.,Tatoeba,https://tatoeba.org/en/sentences/4409824
3160,The training of lions is very dangerous.,Kufunza simba ni kazi ya hatari.,Tatoeba,https://tatoeba.org/en/sentences/4409866
3161,"You dare not look me in the face, or else I will rip you apart.","Usithubutu kunitazama usoni, au sivyo nitakurarua.",Tatoeba,https://tatoeba.org/en/sentences/4415154
3162,The health sector is one of the biggest problems for the country.,Moja ya majanga makubwa katika nchi ni sekta ya afya.,Tatoeba,https://tatoeba.org/en/sentences/4417874
3163,Dunno.,Sijui.,Tatoeba,https://tatoeba.org/en/sentences/4422211
3164,I realize that this is a difficult decision for you.,Niligundua kwamba hii ni uamuzi ngumu kwako.,Tatoeba,https://tatoeba.org/en/sentences/4422389
3165,Take one of me.,Chukua moja ya kwangu.,Tatoeba,https://tatoeba.org/en/sentences/4427371
3166,"""What is four plus five?"" ""Four plus five is nine.""","Nne jumlisha tano ni ngapi? ""Nne jumlisha tano ni tisa""",Tatoeba,https://tatoeba.org/en/sentences/4427753
3167,Is it not delightful to have friends coming from distant quarters?,Haifurahishi kuwa na marafiki wanaokuja kutoka sehemu za mbali?,Tatoeba,https://tatoeba.org/en/sentences/4429085
3168,"While walking, we should know to look to the left and to the right.",Tukitembea lazima tuangalie kushoto au kulia.,Tatoeba,https://tatoeba.org/en/sentences/4429557
3169,Europe has fallen into a vicious circle. It has been hit not only by debt but also by a lack of growth.,Ulaya imeangukia kwenye duara mzunguko. Imepigwa sio tu na deni lakini pia na ukosefu wa maendeleo.,Tatoeba,https://tatoeba.org/en/sentences/4434903
3170,"The benefit of being intelligent is that you can pretend to be a fool, but the reverse is not possible.","Faida ya kuwa na akili ni kwamba unaweza kujifanya mjinga, lakini kinyume haiwezekani.",Tatoeba,https://tatoeba.org/en/sentences/4435295
3171,Perform an experiment in creating a country from scratch.,Tekeleza majaribio katika kuunda nchi kutoka mwanzo.,Tatoeba,https://tatoeba.org/en/sentences/4435375
3172,"Several studies, related to the temperature increase in the city, have already been published.","Masomo kadhaa yanayohusiana na ongezeko la joto katika mji huo, tayari yamechapishwa.",Tatoeba,https://tatoeba.org/en/sentences/4435386
3173,"Dad, I am pregnant. Here is the list of the suspects...","Baba, mimi ni mjamzito. Hii paha orodha ya watuhumiwa...",Tatoeba,https://tatoeba.org/en/sentences/4438493
3174,"On September 3rd, I will go from Los Angeles to Seoul with a friend.","Mwezi wa Septemba tarehe 3, nitasafiri kutoka Los Angeles kwenda Seoul pamoja rafiki yangu.",Tatoeba,https://tatoeba.org/en/sentences/4440425
3175,I don't know what drives people like him to do this kind of stuff. It's beyond insane!,Sijui ni nini huwasukuma watu kama yeye kufanya kitu cha aina hii. Ni zaidi ya wendawazimu!,Tatoeba,https://tatoeba.org/en/sentences/4443316
3176,"The King's English is not the King's. It's a joint stock company, and Americans own most of the shares.","King's English sio mali ya King. Ni kampuni ya muunganiko wa hisa, na Wamarekani wanamiliki hisa nyingi zaidi.",Tatoeba,https://tatoeba.org/en/sentences/4455392
3177,The doors protect us and our property against strangers and they don't let the heat out or in.,Milango hutulinda na mali yetu dhidi ya tusiowajua na hairuhusu joto nje au ndani.,Tatoeba,https://tatoeba.org/en/sentences/4455593
3178,Close your eyes for a moment and look for the answer.,Fumba macho yako kwa muda mfupi na utafute jibu.,Tatoeba,https://tatoeba.org/en/sentences/4456531
3179,You arranged the chairs in a row.,Ulipanga viti katika safu.,Tatoeba,https://tatoeba.org/en/sentences/4466447
3180,"As you requested, I have attached a recent passport-sized photograph.","Kama ulivyoomba, nimeambatisha picha ya ukubwa wa pasipoti.",Tatoeba,https://tatoeba.org/en/sentences/4466709
3181,Everyone should discover for themselves the happiness of sharing.,Kila mtu anapaswa kugundua wenyewe furaha ya kushirikiana.,Tatoeba,https://tatoeba.org/en/sentences/4473019
3182,You're beautiful in every way.,Umerembeka kwa njia zote.,Tatoeba,https://tatoeba.org/en/sentences/4473025
3183,I saw a funny clown with a big red nose.,Niliona kinyago cha kuchekesha na pua kubwa nyekundu.,Tatoeba,https://tatoeba.org/en/sentences/4481819
3184,The trunk is the main part of a tree.,Gogo ndio sehemu kuu ya mti.,Tatoeba,https://tatoeba.org/en/sentences/4481826
3185,"My wife is asleep on the couch, but her snoring is disturbing my sleep.","Mke wangu amelala kochini, lakini kukorma kwake kunasumbua usingizi wangu.",Tatoeba,https://tatoeba.org/en/sentences/4482884
3186,The chance of rain is low.,Nafasi ya mvua kunyesha iko chini.,Tatoeba,https://tatoeba.org/en/sentences/4486275
3187,The neighborhood was silent.,Majirani walikuwa kimya.,Tatoeba,https://tatoeba.org/en/sentences/4494050
3188,Can you afford that?,"Je, unaweza kumudu?",Tatoeba,https://tatoeba.org/en/sentences/4495519
3189,Who will you believe?,Utamwamini nani?,Tatoeba,https://tatoeba.org/en/sentences/4496042
3190,It's a huge commitment.,Ni ahadi kubwa sana.,Tatoeba,https://tatoeba.org/en/sentences/4496729
3191,It sounds terribly complicated.,Inaonekana ngumu sana.,Tatoeba,https://tatoeba.org/en/sentences/4496793
3192,I'm seriously considering moving to Boston.,Ninafakari kuhamia Boston.,Tatoeba,https://tatoeba.org/en/sentences/4496863
3193,Consider the following scenario.,Fikiria kuhusu kisa kifuatacho:,Tatoeba,https://tatoeba.org/en/sentences/4496874
3194,The place was crawling with cops.,Polisi walikuwa wametambaa mahali pale.,Tatoeba,https://tatoeba.org/en/sentences/4497085
3195,The street behind my house is too narrow for delivery trucks.,Mtaa uliopo nyuma ya nyumba yangu ni mdogo sana kwa upatikanaji malori.,Tatoeba,https://tatoeba.org/en/sentences/4497167
3196,Do you want me to go to Boston with you?,"Je, unataka tuende Boston na wewe?",Tatoeba,https://tatoeba.org/en/sentences/4497527
3197,I didn't leave until after 2:30.,Sikutoka hadi baada ya saa 8:30.,Tatoeba,https://tatoeba.org/en/sentences/4497682
3198,The movie was actually much better than I expected.,Sinema ilikuwa nzuri kuliko nilivyotarajia.,Tatoeba,https://tatoeba.org/en/sentences/4498403
3199,Who's knocking on the door?,Nani anayebisha mlango?,Tatoeba,https://tatoeba.org/en/sentences/4500428
3200,This decision was hard to make.,Ulikuwa vigumu kufanya uamuzi.,Tatoeba,https://tatoeba.org/en/sentences/4500914
3201,More research is needed.,Utafiti zaidi unahitajika.,Tatoeba,https://tatoeba.org/en/sentences/4501113
3202,Proper ID is required.,Kitambulisho sahihi inahitajika.,Tatoeba,https://tatoeba.org/en/sentences/4501768
3203,Tickets are available for $30 per couple or $20 per single reservation.,Tiketi zinapatikana kwa $30 kwa watu wawili au $20 kwa mtu mmoja.,Tatoeba,https://tatoeba.org/en/sentences/4501777
3204,It seemed so simple.,Ilionekana rahisi sana.,Tatoeba,https://tatoeba.org/en/sentences/4502026
3205,This stuff is terrific.,Msongamano huu wa magari ni mkubwa.,Tatoeba,https://tatoeba.org/en/sentences/4502388
3206,Times were hard.,Zilikuwa nyakati ngumu.,Tatoeba,https://tatoeba.org/en/sentences/4502659
3207,I'm giving my husband a massage.,Ninampa mume wangu ujumbe.,Tatoeba,https://tatoeba.org/en/sentences/4506225
3208,She liked to talk about her kids.,Anapenda kuzungumza kuhusu watoto wake.,Tatoeba,https://tatoeba.org/en/sentences/4512511
3209,She was standing alone in the parking lot.,Alisimama peke yake mahali pa maegesho.,Tatoeba,https://tatoeba.org/en/sentences/4512640
3210,"After eating the ice cream, my stomach began to hurt.","Baada ya kula ice cream, tumbo langu likaanza kuuma.",Tatoeba,https://tatoeba.org/en/sentences/4515066
3211,We have three adopted children. The younger two are biological brothers.,Tumewaasili watoto watatu. Wadogo wawili kati yao ni ndugu wa damu moja.,Tatoeba,https://tatoeba.org/en/sentences/4528988
3212,Once upon a time there lived a king and queen who had three very beautiful daughters.,Zamani za kale kuliishi mfalme na malkia ambaye walikuwa na mabinti watatu warembo sana.,Tatoeba,https://tatoeba.org/en/sentences/4540423
3213,We could hear wolves howling in the distance.,Tunaweza kusikia mbwa mwitu akilia kwa mbali.,Tatoeba,https://tatoeba.org/en/sentences/4542379
3214,Discipline is the most important part of success.,Jambo muhimu sana katika mafanikio ni nidhamu.,Tatoeba,https://tatoeba.org/en/sentences/4543291
3215,Do I need a special needle to start cross-stitching?,"Je, ninahitaji sindano maalumu kuanza kushona?",Tatoeba,https://tatoeba.org/en/sentences/4573508
3216,"Latin American soccer teams perform quite well, especially vis-à-vis teams from Asia.","Timu za soka za Amerika ya Kusini hufanya vizuri kabisa, hususan timu za kutoka Asia.",Tatoeba,https://tatoeba.org/en/sentences/4587009
3217,Their relationship was strictly sexual.,Urafiki wao ulikuwa kingono.,Tatoeba,https://tatoeba.org/en/sentences/4588012
3218,There must be a connection between these murders.,Lazima kuwe na uhusiano kati ya mauaji haya.,Tatoeba,https://tatoeba.org/en/sentences/4597265
3219,"The birds were not shy, but let the girls take them in their hands, and stroke their gold and silver feathers.","Ndege hawakuwa na aibu, lakini waliwacha wasichana wawachukue mikononi mwao, na wavute manyoya yao ya dhahabu na fedha.",Tatoeba,https://tatoeba.org/en/sentences/4597404
3220,"You are only a common mortal, who will have to die one day, and you cannot stay here any longer.","Wewe ni mtu wa kawaida, ambaye siku moja utakufa, na hutaweza kukaa hapa tena.",Tatoeba,https://tatoeba.org/en/sentences/4597429
3221,"C'mon, let's eat something!","Njoo, wacha tule kitu!",Tatoeba,https://tatoeba.org/en/sentences/4597976
3222,"I am no common prisoner, but the king of this country. Let me go free and ask what you will as your reward.","Mimi si mfungwa wa kawaida, lakini mfalme wa nchi hii. Acha niende bure na uulize utakavyoi kama thawabu yako.",Tatoeba,https://tatoeba.org/en/sentences/4600285
3223,"Stress can be a real vicious cycle. The greater the amount of stress, the harder it is to make smart logical decisions for yourself which only leads to more stress.","Dhiki inaweza kuwa mzunguko mbaya sana. Kadri wasiwasi inavyozidu, ndivyo inavyokuwa vigumu kufanya maamuzi busara yako mwenyewe ambayo husababisha wasiwasi zaidi.",Tatoeba,https://tatoeba.org/en/sentences/4604228
3224,People like me who have lots of imagination aren't easily jealous.,Watu kama mimi ambao wana mafikira mengi hawakui na wivu kwa urahisi.,Tatoeba,https://tatoeba.org/en/sentences/4613528
3225,"One day, Jesus will return for us and we will be with him forever.","Siku moja, Yesu atarudi kwa ajili yetu na tutakuwa pamoja naye milele.",Tatoeba,https://tatoeba.org/en/sentences/4624564
3226,This fantasy of wanting to live in poverty is a silly woman's dream.,Ndoto hii ya kutaka kuishi katika umaskini ni ndoto ya mwanamke mpumbavu.,Tatoeba,https://tatoeba.org/en/sentences/4625153
3227,How did you fall into the swamp? Somebody pushed us.,Jinsi gani ulianguka kwenye bwawa? Mtu fulani alitusukuma.,Tatoeba,https://tatoeba.org/en/sentences/4625703
3228,"Down Halloween Road from the mansion to the corner store, it takes about 16 minutes to walk.","Chini ya barabara ya Halloween kutoka nyumba kubwa hadi duka la kona, inachukua kama dakika 16 kutembea.",Tatoeba,https://tatoeba.org/en/sentences/4629120
3229,Their country is a puppet of a Western power.,Nchi yao ni bandia ya nguvu ya Magharibi.,Tatoeba,https://tatoeba.org/en/sentences/4629508
3230,"""I can count from 1 to 100 in French now."" ""Wow, that's great. How about counting backwards from 100 to 1?"" ""No, that's still impossible for me.""","""Naweza kuhesabu kutoka 1 hadi 100 kwa Kifaransa sasa."" ""Wow, hiyo ni nzuri. Vipi kuhusu kuhesabu kurudi nyuma kutoka 100 hadi 1? "" ""Hapana, hiyo bado haiwezekani kwangu.""",Tatoeba,https://tatoeba.org/en/sentences/4644643
3231,This former child actor later became a drug addict.,Muigizaji huyu mtoto wa zamani baadaye alikua mtumizi wa dawa za kulevya.,Tatoeba,https://tatoeba.org/en/sentences/4660345
3232,Our country must take action against climate change.,Nchi yetu lazima ichukue hatua dhidi ya mabadiliko ya hewa.,Tatoeba,https://tatoeba.org/en/sentences/4660482
3233,What's my room number?,Chumba changu ni namba ngapi?,Tatoeba,https://tatoeba.org/en/sentences/4662375
3234,You may do whatever you want to do.,Unaweza kufanya chochote unachotaka kufanya.,Tatoeba,https://tatoeba.org/en/sentences/4664225
3235,I'm going to correct this.,Nitarekebisha hili.,Tatoeba,https://tatoeba.org/en/sentences/4666233
3236,The crowd is cheering.,Umati wa watu unashangilia.,Tatoeba,https://tatoeba.org/en/sentences/4666915
3237,I thought you'd love it.,Nilifikiri utaipenda.,Tatoeba,https://tatoeba.org/en/sentences/4680070
3238,"Geez, that must be tough on you. How do you put up with it?","Aise, hilo ni ngumu. Unawezaje kuvumilia hayo?",Tatoeba,https://tatoeba.org/en/sentences/4688703
3239,That number is just perfect.,Nambari hio ni shwari kabisa.,Tatoeba,https://tatoeba.org/en/sentences/4703043
3240,"With the lack of men in my life, I'm considering turning lesbian.","Pamoja na ukosefu wa wanaume katika maisha yangu, ninafikiria kuwabadirisha wasagaji.",Tatoeba,https://tatoeba.org/en/sentences/4706642
3241,Today I am messing up everything.,Leo naharibu kila kitu.,Tatoeba,https://tatoeba.org/en/sentences/4709532
3242,"If the lion is the king of beasts, the eagle is the king of birds.","Simba ndiye mfalme wa mwituni, mwewe ndiye mfalme wa ndege",Tatoeba,https://tatoeba.org/en/sentences/4728326
3243,Who will want a motorcycle with screeching brakes?,Nani atataka pikipiki iliyo na breki mbaya?,Tatoeba,https://tatoeba.org/en/sentences/4733284
3244,The union and the company have agreed upon a new contract.,Chama cha ushirika na kampuni wakubaliana mkataba mpya.,Tatoeba,https://tatoeba.org/en/sentences/4736911
3245,You have to audition to join the choir.,Lazima ukaguliwe ili ujiunge na kwaya.,Tatoeba,https://tatoeba.org/en/sentences/4740672
3246,I shot the horse because it had trouble breathing.,Nilimpiga risasi farasi kwa kuwa alikuwa na shida ya kupumua.,Tatoeba,https://tatoeba.org/en/sentences/4756043
3247,We had a lot to drink.,Tuna mengi ya kunywa.,Tatoeba,https://tatoeba.org/en/sentences/4769444
3248,You said that it was urgent.,Ulisema kuwa ilikuwa ya dharura.,Tatoeba,https://tatoeba.org/en/sentences/4771473
3249,Robert Smith is the singer of the group The Cure.,Robert Smith ndiye mwimbaji wa kikundi kinachoitwa The Cure.,Tatoeba,https://tatoeba.org/en/sentences/4779132
3250,They named her baby Jenny.,Wakampa mtoto wake jina la Jenny.,Tatoeba,https://tatoeba.org/en/sentences/4784399
3251,That black dog is looking at that white cat.,Mbwa huyo mweusi anamtazama paka huyo mweupe.,Tatoeba,https://tatoeba.org/en/sentences/4795786
3252,Parts of the city looked like a disaster zone following the storm.,Sehemu za jiji zilionekana kama eneo la msiba kufuatia dhoruba hiyo.,Tatoeba,https://tatoeba.org/en/sentences/4809748
3253,That movie won an Oscar as the best foreign film.,Sinema hiyo ilishinda Tuzo la Oscar kama filamu bora ya kigeni.,Tatoeba,https://tatoeba.org/en/sentences/4811376
3254,This message will self-destruct in five seconds.,Ujumbe huu utajiharibu wenyewe katika sekunde tano.,Tatoeba,https://tatoeba.org/en/sentences/4813077
3255,One hour of sleep before midnight is better than two afterwards.,Saa moja ya kulala kabla ya usiku wa manane ni bora kuliko mawili baadaye.,Tatoeba,https://tatoeba.org/en/sentences/4824033
3256,I don't have anything better to do.,Sina kitu bora kufanya.,Tatoeba,https://tatoeba.org/en/sentences/4826062
3257,Is the water in the Black Sea actually black?,"Je, maji yaliyopo Black Sea ni nyeusi kweli?",Tatoeba,https://tatoeba.org/en/sentences/4833334
3258,Um... can we join your group?,Um... tunaweza kujiunga na kikundi chako?,Tatoeba,https://tatoeba.org/en/sentences/4844478
3259,"I am a king's daughter, and am seeking my twelve brothers, and I will walk as far as the sky is blue until I find them.","Mimi ni binti wa mfalme, ninatafuta ndugu zangu kumi na wawili, na nitatembea hadi anga liwe la bluu mpaka nitakapowapata.",Tatoeba,https://tatoeba.org/en/sentences/4846304
3260,"The princess next put on the bear's skin, which so completely changed her appearance, that no one could have known that she was a girl and not a bear.","Malkia baadaye alivaa ngozi ya dubu, ambayo ilibadilisha kabisa sura yake, hivi kwamba hakuna mtu angejua kuwa yeye ni msichana na wala sio dubu.",Tatoeba,https://tatoeba.org/en/sentences/4846371
3261,Where are the books?,Vitabu viko wapi?,Tatoeba,https://tatoeba.org/en/sentences/4851580
3262,A state of emergency has been declared in Washington DC and five states.,Hali ya dharura imetangazwa katika Washington DC na majimbo matano.,Tatoeba,https://tatoeba.org/en/sentences/4853257
3263,"Before electricity was discovered, Christmas trees used to be lit by candles.","Kabla ya umeme kugunduliwa, miti ya Krismasi ilitumia mishumaa.",Tatoeba,https://tatoeba.org/en/sentences/4861649
3264,Forty percent of food in the United States is wasted.,Asilimia arobaini ya chakula Marekani hutupwa.,Tatoeba,https://tatoeba.org/en/sentences/4864210
3265,This politician is suspected of having connections to organized crime.,Mwanasiasa huyu anashukiwa kuwa na uhusiano katika uhalifu uliopangwa.,Tatoeba,https://tatoeba.org/en/sentences/4869535
3266,Precisely at nine o'clock came the Princess in the carriage with four horses.,Mwana wa Mfalma alifika saa tisa kamili kwa gari akiwa na farasi nne.,Tatoeba,https://tatoeba.org/en/sentences/4869690
3267,"Lately, I've been growing a pot belly. It must be middle age...",Karibuni nimeota kitambi. Pengine ni umri wa kati.,Tatoeba,https://tatoeba.org/en/sentences/4882224
3268,Are you still playing tennis?,"Je, bado unacheza tenisi.",Tatoeba,https://tatoeba.org/en/sentences/4889943
3269,How do we prevent this from happening again?,Tutazuia jinsi gani jambo hili lisitokee tens?,Tatoeba,https://tatoeba.org/en/sentences/4889975
3270,Is the lady trying to blackmail me?,Yaani binti huyu anajaribu kunilaghai?,Tatoeba,https://tatoeba.org/en/sentences/4895390
3271,You didn't let me finish my sentence.,Hukuniruhusu kumaliza sentesi yangu.,Tatoeba,https://tatoeba.org/en/sentences/4895491
3272,My thoughts and prayers are with all those who were affected by this terrible tragedy.,Mawazo yangu na sala zako ziko na wale wote walioathiriwa na janga hili mbaya.,Tatoeba,https://tatoeba.org/en/sentences/4895620
3273,"You’re seriously starting to get on my nerves! I’m perfectly capable of doing it myself, thank you very much!","Unaanza kunikasirisha sana! Nina uwezo kabisa wa kuifanya mwenyewe, asante sana!",Tatoeba,https://tatoeba.org/en/sentences/4895964
3274,"It is humanity that has lost the man. Say that this idiot would have been more happy as an animal, if he had been able to keep quiet. But no... he invented civilization.","Ni utu ambao umempoteza binadamu. Sema kwamba pumbavu huyu angefurahi zaidi kama angekuwa mnyama, ikiwa angeweza kunyamaza. Lakini la... alivumbua ustaarabu.",Tatoeba,https://tatoeba.org/en/sentences/4904184
3275,I can't face the truth.,Siwezi kustahimili ukweli.,Tatoeba,https://tatoeba.org/en/sentences/4904860
3276,"Jesus told us to turn the other cheek, love our enemies, and pray for them.","Yesu alituambia tuwageuzie shavu lingine, tuwapende maadui zetu, na tuwaombee.",Tatoeba,https://tatoeba.org/en/sentences/4905799
3277,"Whether you’re flying solo or in a relationship, I'll be thinking of you this Valentine’s Day.","Ikiwa unaruka peke yako au uko kwenye uhusiano, nitakuwa nikikufikiria Siku hi ya wapendanao.",Tatoeba,https://tatoeba.org/en/sentences/4906537
3278,The temperature in Boston is expected to drop to -22°C.,Halijoto mjini Boston linategemewa kushuka hadi -22C.,Tatoeba,https://tatoeba.org/en/sentences/4910889
3279,"If the guests don't mind, they are welcome to sleep in the basement.","Ikiwa wageni hawajali, wanakaribishwa kulala kwenye ghirofa ya chini.",Tatoeba,https://tatoeba.org/en/sentences/4915392
3280,Lawyers will urge the parents to take further legal action.,Wanasheria watawasihi wazazi kuchukua hatua zaidi za kisheria.,Tatoeba,https://tatoeba.org/en/sentences/4932026
3281,I wish to gain time.,Natarajia kupata muda.,Tatoeba,https://tatoeba.org/en/sentences/4939848
3282,We help each other.,Tunasaidiana.,Tatoeba,https://tatoeba.org/en/sentences/4950723
3283,Laughter helps ease the pain.,Kicheko husaidia kupunguza uchungu.,Tatoeba,https://tatoeba.org/en/sentences/4950779
3284,Big breasts in Japan are considered small by Russian standards.,Matiti makubwa huko Japan yanaonekana kuwa madogo kwa viwango vya Urusi.,Tatoeba,https://tatoeba.org/en/sentences/4959466
3285,I'll be there till 2:30.,Nitakuwa huko hadi 8:30 mchana,Tatoeba,https://tatoeba.org/en/sentences/4980207
3286,"Despite the fact that they were all Dutch people, they spoke German with each other.","Licha ya ukweli kwamba wote ni watu wa Uholanzi, walizungumziana Kijerumani.",Tatoeba,https://tatoeba.org/en/sentences/4981370
3287,Mental strength is crucial for success in any sports.,Nguvu za Kiakili ni muhimu sana kwa mafanikio katika michezo yoyote.,Tatoeba,https://tatoeba.org/en/sentences/4984291
3288,My name sounds bizarre.,Jina langu linasemeka vibaya.,Tatoeba,https://tatoeba.org/en/sentences/4985096
3289,What's the difference between a winner and a loser?,Kuna tofauti gani kati ya mshindi na mshindwa?,Tatoeba,https://tatoeba.org/en/sentences/4985629
3290,Without a goodnight kiss I won't have sweet dreams.,Bila busu ya usiku mzuri sitakuwa na ndoto tamu.,Tatoeba,https://tatoeba.org/en/sentences/4986010
3291,I'm sure I've seen him somewhere before.,Nina hakika nilimuona mahali fulani kabla.,Tatoeba,https://tatoeba.org/en/sentences/5004961
3292,It's kind of scary.,Inaogopesha kwa nama fulani.,Tatoeba,https://tatoeba.org/en/sentences/5010242
3293,We're not proud of it.,Hatujivunii.,Tatoeba,https://tatoeba.org/en/sentences/5011411
3294,Please take a moment to locate the exit closest to you.,Tafadhali chukua muda wa kutafuta njia ya kukutoa katika hili.,Tatoeba,https://tatoeba.org/en/sentences/5011507
3295,"Melt the chocolate, add butter and mix well.","Kuyeyusha chokoleti, ongeza siagi na changanya vizuri.",Tatoeba,https://tatoeba.org/en/sentences/5016062
3296,"With any luck, my cellphone battery won't die.","Kwa habati nasibu, betri ya simu yangu haiwezi kuzima.",Tatoeba,https://tatoeba.org/en/sentences/5017237
3297,All of these sentences need a full stop.,Sentensi hizi zote zinahitaji kikomo.,Tatoeba,https://tatoeba.org/en/sentences/5023761
3298,"Life is a tragedy when seen in close-up, but a comedy in long-shot. To truly laugh, you must be able to take your pain, and play with it!","Maisha ni janga wakati yakitazamwa kwa karibu, lakini ni kichekesho kwa muda mrefu. Ili kucheka kweli, lazima uwe na uwezo wa kuchukua maumivu yako, na kuyachezea!",Tatoeba,https://tatoeba.org/en/sentences/5030673
3299,"""As for the sheets, I'll hang them up myself,"" said the neighbor. ""They're awfully heavy.""","""Na kuhusu mashuka nitayaanika mwenyewe,"" alisema jirani. ""Ni mazito sana""",Tatoeba,https://tatoeba.org/en/sentences/5037095
3300,This politician was accused of stealing millions of dollars in public funds.,Mwanasiasa huyu alishutumiwa kwa kuiba mamilioni ya dola katika fedha za umma.,Tatoeba,https://tatoeba.org/en/sentences/5045402
3301,They feed on honey and bread.,Wanakula asali na mkate.,Tatoeba,https://tatoeba.org/en/sentences/5045706
3302,I'm wondering what'll happen if I push this button.,Najiuliza kitatokea nini nikibonyeza hiki kifungo,Tatoeba,https://tatoeba.org/en/sentences/5053990
3303,"Ever since she fell in the kitchen, her mind hasn't been all there.","Tangu alipoanguka jikoni, akili yake haijawahi huko.",Tatoeba,https://tatoeba.org/en/sentences/5059620
3304,New Delhi is the capital of India.,New Delhi ni mji mkuu wa India.,Tatoeba,https://tatoeba.org/en/sentences/5065809
3305,Is that your new friend?,Huyo ni rafiki yako mpya?,Tatoeba,https://tatoeba.org/en/sentences/5068653
3306,"For breakfast, Sandra had a slice of bread and a cup of coffee.","Kwa kiamsha kinywa, Sandra alikuwa na kipande cha mkate na kikombe cha kahawa.",Tatoeba,https://tatoeba.org/en/sentences/5068916
3307,Life is hard for everybody.,Maisha ni magumu kwa kila mtu.,Tatoeba,https://tatoeba.org/en/sentences/5069819
3308,The old church is located in the northern part of the city.,Kanisa la zamani liko kaskazini mwa mji.,Tatoeba,https://tatoeba.org/en/sentences/5069839
3309,"From what you can tell, what subject would he have interest in?","Kwa maoni yako, ni mambo gani ambayo yangemvutia?",Tatoeba,https://tatoeba.org/en/sentences/5072508
3310,"For my part, I don't travel to go somewhere in particular. I travel for travel's sake. The main thing is to move.","Kwa upande wangu, sisafiri kwenda mahali fulani haswa. Ninasafiri kwa sababu ya kusafiri tu. Muhimu ni kuendelea mbele.",Tatoeba,https://tatoeba.org/en/sentences/5073547
3311,The police weren't able to determine which one of the twins had committed the crime.,Polisi hawakuweza kuamua ni yupi kati ya mapacha aliyefanya uhalifu huo.,Tatoeba,https://tatoeba.org/en/sentences/5075446
3312,The prosecution could not prove which of the twins had committed the crime.,Upande wa mashtaka haukuweza kudhibitisha ni nani kati ya mapacha aliyefanya uhalifu huo.,Tatoeba,https://tatoeba.org/en/sentences/5075447
3313,Did I touch a raw nerve?,"Je, niliguza hali ya wasiwasi.",Tatoeba,https://tatoeba.org/en/sentences/5077388
3314,"Cops came with guns drawn, as I was talking to the owner on the phone.","Askari walikuja na bunduki, nilipokuwa nazungumza na mmiliki kwenye simu.",Tatoeba,https://tatoeba.org/en/sentences/5078787
3315,The birds were chirping happily.,Ndege walikuwa wakilia kwa furaha.,Tatoeba,https://tatoeba.org/en/sentences/5080386
3316,"As soon as I'm back in Shanghai, I'll cook up a delicious meal of rice noodles with crab.","Mara tu niliporudi huko Shanghai, nitapika chakula kitamu cha noodle za mchele na kaa.",Tatoeba,https://tatoeba.org/en/sentences/5081614
3317,"Have you ever just let the chocolate melt in your mouth? I swear, it tastes even better this way.","Umeshawahi kuwacha chokleti iyeyuke ndani ya mdomo wako? Ninaapa, ina ladha zaidi namna hii.",Tatoeba,https://tatoeba.org/en/sentences/5083040
3318,I thank you for your courtesy.,Asante kwa hisani yako.,Tatoeba,https://tatoeba.org/en/sentences/5083512
3319,A bike path collapsed in Rio.,Mpito wa baiskeli iliporomoka huko Rio.,Tatoeba,https://tatoeba.org/en/sentences/5085375
3320,"Do that for me, my son, delay no more, nor mention Troy again.","Unifanyie hivyo, mwanangu, usichelewe tena, wala usimtaje Troy tena.",Tatoeba,https://tatoeba.org/en/sentences/5095229
3321,Jesus drove the money-changers out of the temple.,Yesu aliwafukuza wabadilishaji fedha kutoka Hekaluni.,Tatoeba,https://tatoeba.org/en/sentences/5096489
3322,My Mercedes is bigger than yours.,Mercedes yangu ni kubwa kuliko yako.,Tatoeba,https://tatoeba.org/en/sentences/5099009
3323,I am a jerk and a moron who does not deserve fortune.,Mimi ni mpumbavu na mjinga asiyefaa haifaa fursa.,Tatoeba,https://tatoeba.org/en/sentences/5099047
3324,The judge denied me bail for no reason.,Jaji alininyima dhamana bila sababu.,Tatoeba,https://tatoeba.org/en/sentences/5099112
3325,There are huge snakes on this island.,Kuna nyoka wakubwa katika kisiwa hiki.,Tatoeba,https://tatoeba.org/en/sentences/5099479
3326,Did you fit all the clothes in the bag?,Nguo zote zilizo kwenye begi zinakutosha?,Tatoeba,https://tatoeba.org/en/sentences/5100554
3327,"These days, nearly every car has a GPS.","Siku hizi, karibu kila gari ina GPS.",Tatoeba,https://tatoeba.org/en/sentences/5102114
3328,French is not the only language that I learn.,Kifaransa sio lugha pekee ambayo ninajifunza.,Tatoeba,https://tatoeba.org/en/sentences/5105284
3329,What a dummy! I forgot my keys!,Ni upuuzi gani huu! Nilisahau funguo zangu!,Tatoeba,https://tatoeba.org/en/sentences/5124697
3330,The false alarm caused panic.,Kengele ya uwongo ilisababisha hofu.,Tatoeba,https://tatoeba.org/en/sentences/5125421
3331,Marie admitted that she was a prostitute.,Marie alikubali kwamba alikuwa kahaba.,Tatoeba,https://tatoeba.org/en/sentences/5128190
3332,"Are we gonna get some wine, dude?","Je, utapata divai, bwana?",Tatoeba,https://tatoeba.org/en/sentences/5130915
3333,I found out that he was a pimp.,Niligundua kwamba alikuwa kuwadi.,Tatoeba,https://tatoeba.org/en/sentences/5130961
3334,Sydney is miles away from here.,Sydney ni maili mbali na hapa.,Tatoeba,https://tatoeba.org/en/sentences/5136417
3335,What if you did do it?,"Na je, ungefanya hivyo?",Tatoeba,https://tatoeba.org/en/sentences/5137171
3336,I ask your soul and consciousness: Would life be worth living without the death penalty?,Ninauliza roho na fahamu zako: Je! Maisha yangefaa kuishi bila adhabu ya kifo?,Tatoeba,https://tatoeba.org/en/sentences/5139108
3337,I have extremely light skin and never tan.,Nina ngozi nyeupe sana hadi sigeuki rangi.,Tatoeba,https://tatoeba.org/en/sentences/5143071
3338,She asked if I need a taxi.,Aliuliza ikiwa nahitaji taksi.,Tatoeba,https://tatoeba.org/en/sentences/5143356
3339,"According to the tradition, Homer was blind.","Kwa mujibu wa utamaduni, Homer alikuwa kipofu.",Tatoeba,https://tatoeba.org/en/sentences/5143991
3340,"I built ten thousand walls, for you to knock them all down.","Nilijenga kuta elfu kumi, kwa ninyi kuiangusha yote chini.",Tatoeba,https://tatoeba.org/en/sentences/5145514
3341,I like to eat meat.,Napenda kula nyama.,Tatoeba,https://tatoeba.org/en/sentences/5146697
3342,It's dangerous to climb mountains during a storm.,Ni hatari kupanda mlima wakati wa dhoruba.,Tatoeba,https://tatoeba.org/en/sentences/5146864
3343,It's dangerous to climb a mountain during a storm.,Ni hatari kupanda mlima wakati wa dhoruba.,Tatoeba,https://tatoeba.org/en/sentences/5147331
3344,I asked him for his name.,Nikamuuliza jina lake.,Tatoeba,https://tatoeba.org/en/sentences/5147588
3345,I often travel between Rome and Milan.,Mimi husafiri kati ya Roma na Milan mara kwa mara.,Tatoeba,https://tatoeba.org/en/sentences/5150304
3346,Eve gave Adam the apple of knowledge.,Eva alimpa Adam tunda la ujuzi.,Tatoeba,https://tatoeba.org/en/sentences/5152821
3347,Do you want fruit?,"Je, unataka matunda?",Tatoeba,https://tatoeba.org/en/sentences/5152828
3348,Do you want fruit?,Unataka matunda?,Tatoeba,https://tatoeba.org/en/sentences/5152828
3349,O positive is the most common blood type.,Damu ya O+ ndiyo aina maarufu zaidi.,Tatoeba,https://tatoeba.org/en/sentences/5153926
3350,What's making you so busy?,"Je, nini inakufanya ujishughulishe hivyo?",Tatoeba,https://tatoeba.org/en/sentences/5156365
3351,I'll remain in Moscow for six days.,Nitabaki huko Moscow kwa siku sita.,Tatoeba,https://tatoeba.org/en/sentences/5160189
3352,You're writing.,Mnaandika.,Tatoeba,https://tatoeba.org/en/sentences/5160230
3353,You're writing.,Unaandika.,Tatoeba,https://tatoeba.org/en/sentences/5160230
3354,I like to eat fish.,Napenda kula samaki.,Tatoeba,https://tatoeba.org/en/sentences/5161316
3355,She is as old as the devil's grandmother.,Yeye ni mzee kama nyanya ya shetani.,Tatoeba,https://tatoeba.org/en/sentences/5164728
3356,I'm not disappointed.,Nimevunjika moyo.,Tatoeba,https://tatoeba.org/en/sentences/5166528
3357,If only my thoughts were set into type and would come out of my mouth like a receipt.,Lau mawazo yangu yangechapishika na kutoka kinywani mwangu kama risiti.,Tatoeba,https://tatoeba.org/en/sentences/5168274
3358,I wish I had written it myself.,Afadhali ningeandika mwenyewe.,Tatoeba,https://tatoeba.org/en/sentences/5168428
3359,"I asked God for a bike, but I realized that that wasn't his method. So I stole a bike and asked God for forgiveness.","Nilimuomba Mungu baiskeli, lakini nikagundua kuwa hiyo haikuwa njia yake. Kwa hivyo niliiba baiskeli na kumwomba Mungu msamaha.",Tatoeba,https://tatoeba.org/en/sentences/5170072
3360,She works as an au pair in Germany.,Yeye hufanya kazi kama jakazi Ujerumani.,Tatoeba,https://tatoeba.org/en/sentences/5170100
3361,Are you filming?,"Je, unachukua filamu?",Tatoeba,https://tatoeba.org/en/sentences/5170743
3362,"By the way, I've got to tell you something.",Ninalo jambo la kukwambia.,Tatoeba,https://tatoeba.org/en/sentences/5179701
3363,"""What countries are you a citizen of?"" ""I am a citizen of Turkey and Germany.""","""Je, wewe ni raia wa nchi gani?"" ""Mimi ni raia wa Uturuki na Ujerumani.""",Tatoeba,https://tatoeba.org/en/sentences/5180259
3364,The politician claimed that he wore neither a wig nor false teeth.,Mwanasiasa huyo alidai kuwa hakuvaa wig wala meno ya uwongo.,Tatoeba,https://tatoeba.org/en/sentences/5186786
3365,I got really sick of it.,Niliugua sana.,Tatoeba,https://tatoeba.org/en/sentences/5187009
3366,This kind of hot weather is something I'm not used to.,Aina hii ya hali ya hewa moto ni kitu ambacho sikuzoea.,Tatoeba,https://tatoeba.org/en/sentences/5189037
3367,I'm used to hearing sirens.,Nimezoea kusikia ving'ora,Tatoeba,https://tatoeba.org/en/sentences/5189337
3368,"A man once said to the Buddha, ""I want to be happy!"" Buddha said, ""First remove'I', that's ego, then remove'want', that's desire. See, now you are left with only happiness!""","Sku moja mtu mmoja alimwambia Buddha, ""Nataka kuwa na furaha!"" Buddha alisema, ""Ondoa kwanza'mimi', hiyo ni kiburi, kisha uondoe'unataka', hiyo ni hamu. Tazama, sasa umebaki na furaha tu! """,Tatoeba,https://tatoeba.org/en/sentences/5191388
3369,I don't want to be like all those who first ruin their health in search of money and then afterwards ruin themselves just to get it back.,Sitaki kuwa kama wale wote ambao kwanza huharibu afya zao kutafuta pesa halafu baadaye hujiharibu kujirejeshea afya.,Tatoeba,https://tatoeba.org/en/sentences/5196283
3370,Rape is always a crime of violence.,Ubakaji daima ni uhalifu wa kuvuruga.,Tatoeba,https://tatoeba.org/en/sentences/5198047
3371,Napoleon led his troops to Russia.,Napoleon aliongoza vikosi vyake kwenda Urusi.,Tatoeba,https://tatoeba.org/en/sentences/5199935
3372,Hunger is our bodies' response to having eaten less than normal.,Njaa ni mwitikio wa miili yetu kwa kuwa tumekula kidogo kuliko kawaida.,Tatoeba,https://tatoeba.org/en/sentences/5206617
3373,"If we’re truly a nation of family values, we wouldn’t put up with the fact that many women can’t even get a paid day off to give birth.","Kama kweli sisi ni taifa linalothamini familia, tusingevumilia ukweli wa kwamba wanawake wengi hawawezi hata kupata likizo ya uzazi.",Tatoeba,https://tatoeba.org/en/sentences/5215449
3374,"A ship in the harbor is safe, but that is not what ships are built for.","Meli bandarini iko salama, lakini meli hazikujengwa kwa kusudi hilo.",Tatoeba,https://tatoeba.org/en/sentences/5215821
3375,I would do the same thing.,Ningefanya mambo yale yale.,Tatoeba,https://tatoeba.org/en/sentences/5216736
3376,I needed to go for a ride.,Nahitaji kwenda kupunga hewa.,Tatoeba,https://tatoeba.org/en/sentences/5217327
3377,A new type of thinking is essential if mankind is to survive and move toward higher levels.,Aina mpya ya fikra ni muhimu ikiwa binadamu ataishi na kusonga mbele kwa viwango vya juu.,Tatoeba,https://tatoeba.org/en/sentences/5225957
3378,I've gained weight and these pants are quite tight.,Nimepata uzani na suruali hii imenishika kweli.,Tatoeba,https://tatoeba.org/en/sentences/5226779
3379,London voted to remain in the European Union.,London walipiga kura kubakia katika Jumuiya ya Ulaya.,Tatoeba,https://tatoeba.org/en/sentences/5233692
3380,I'll arrange that.,Nitaanda hilo.,Tatoeba,https://tatoeba.org/en/sentences/5234901
3381,"Sugar is sweet, lemon is sour... and what is bitter?","Siagi ni tamu, chungwa ni kali... na ni nini chungu?",Tatoeba,https://tatoeba.org/en/sentences/5241941
3382,Grass now grows on the path that once led to the church.,Nyasi sasa inakua kwenye njia iliyokuwa inaelekea kanisani.,Tatoeba,https://tatoeba.org/en/sentences/5248825
3383,I wear shorts all the time.,Huwa na valia vinyasa kila wakati.,Tatoeba,https://tatoeba.org/en/sentences/5258621
3384,I don't work on weekends.,Sifanyi kazi wikendi.,Tatoeba,https://tatoeba.org/en/sentences/5261249
3385,He laughs because the film is funny.,Anacheka kwa sababu filamu ni ya kuchekesha.,Tatoeba,https://tatoeba.org/en/sentences/5263647
3386,He always kisses his girlfriend goodbye when they part ways.,Huwa anamubusu mpenzi wake kwaheri wanapoachana.,Tatoeba,https://tatoeba.org/en/sentences/5270091
3387,The ship's captain had no schedule in particular.,Rubani wa meli hakuwa na ratiba haswa.,Tatoeba,https://tatoeba.org/en/sentences/5272611
3388,I'd like to see what happens.,Ningependa kuona kinachotokea.,Tatoeba,https://tatoeba.org/en/sentences/5276142
3389,"In the past, people went to church for confession. Nowadays they write on Facebook.","Hapo zamani, watu walikwenda kanisani ili kukiri. Siku hizi wanaandika kwenye Facebook.",Tatoeba,https://tatoeba.org/en/sentences/5280849
3390,Giving gifts is always nicer than receiving them.,Kutoa zawadi huwa bora zaido kuliko kuzipokea.,Tatoeba,https://tatoeba.org/en/sentences/5284367
3391,The eyes of Europe are fixed upon us; she demands of us a living example of freedom.,Macho ya Uropa yanatulenga; yanatutaka mfano hai wa uhuru.,Tatoeba,https://tatoeba.org/en/sentences/5287318
3392,No business which depends for existence on paying less than living wages to its workers has any right to continue in this country.,Hakuna biashara yoyote ambayo inategemea kulipa chini ya mshahara wa kuishi kwa wafanyikazi wake inayo haki yoyote ya kuendelea katika nchi hii.,Tatoeba,https://tatoeba.org/en/sentences/5287383
3393,Among us today a concentration of private power without equal in history is growing.,Kati yetu leo mkusanyiko wa nguvu za kibinafsi bila usawa katika historia unakua.,Tatoeba,https://tatoeba.org/en/sentences/5287387
3394,Questioning received wisdom is the driving force behind progress.,Kuuliza kuhusu hekima iliyopokelewa ndiyo msingi wa maendeleo.,Tatoeba,https://tatoeba.org/en/sentences/5288612
3395,I feel thirsty.,Ninahisi kiu.,Tatoeba,https://tatoeba.org/en/sentences/5294551
3396,No one tests the depth of a river with both feet.,Hakuna mtu anayejaribu kina cha mto na miguu yote miwili.,Tatoeba,https://tatoeba.org/en/sentences/5296859
3397,Click on the button below to confirm your order.,Bonyeza kitufe hapa chini ili kudhibitisha agizo lako.,Tatoeba,https://tatoeba.org/en/sentences/5296930
3398,"Space dust may not sound very dangerous, but when even a tiny object is moving many times faster than a bullet, it can cause injury.","Vumbi huenda isiwe hatari sana, lakini wakati hata kitu kidogo kinaposonga kwa kasi nyingi kuliko risasi, inaweza kusababisha jeraha.",Tatoeba,https://tatoeba.org/en/sentences/5322293
3399,"Our sun will run out of energy in about five billion years. If anyone is around when it happens, they’ll have to leave Earth and find a new planet.","Jua letu litamaliza nguvu katika miaka kama bilioni tano. Mtu akiwa karibu inapotokea, watalazimika kuondoka Duniani na kupata sayari mpya.",Tatoeba,https://tatoeba.org/en/sentences/5322575
3400,The top few meters of the ocean store as much heat as Earth's entire atmosphere.,Mita chache za juu za bahari huhifadhi joto kama mazingira ya Dunia.,Tatoeba,https://tatoeba.org/en/sentences/5322584
3401,It's not like that. We're just friends.,Sio hivyo. Sisi ni marafiki tu.,Tatoeba,https://tatoeba.org/en/sentences/5322789
3402,Japan depends on the Arab countries for its oil supply.,Japan inategemea nchi za Uarabuni kwa usambazaji wake wa mafuta.,Tatoeba,https://tatoeba.org/en/sentences/5324885
3403,"Proceed strongly in the matter, but gently in the method!","Kuendelea kwa nguvu katika suala hilo, lakini kwa upole kwa namna!",Tatoeba,https://tatoeba.org/en/sentences/5325232
3404,Weight is a force that is always directed toward the center of the earth.,Uzito ni nguvu ambayo huelekezwa kila wakati katikati mwa dunia.,Tatoeba,https://tatoeba.org/en/sentences/5325759
3405,"""Why do you hang out with those losers?"" ""They're not losers. They're my friends.""","""Kwanini unashirikiana na wapotevu wale?"" ""Wale sio wapotevu."" ""Ni marafiki zangu.""",Tatoeba,https://tatoeba.org/en/sentences/5325769
3406,"Fame does not bear joking, nor does the eye bear keeping faith.","Umaarufu hauna utani, wala jicho halijali imani.",Tatoeba,https://tatoeba.org/en/sentences/5325992
3407,I'm afraid I have no experience.,Nahofia sina tajiriba.,Tatoeba,https://tatoeba.org/en/sentences/5326096
3408,"Friendship is a ship big enough to carry two in fair weather, but none in foul.","Urafiki ni meli kubwa ya kutosha kubeba wawili wepesi, lakini siyo kwa wazito.",Tatoeba,https://tatoeba.org/en/sentences/5333770
3409,Place the bread and butter plate above the fork.,Weka sahani ya mkate na siagi juu ya uma.,Tatoeba,https://tatoeba.org/en/sentences/5335442
3410,I'm at a friend's house.,Nipo nyumbani kwa rafiki yangu.,Tatoeba,https://tatoeba.org/en/sentences/5335500
3411,Payment can be made by credit card or cash on delivery.,Malipo yanaweza kufanywa na kadi ya mkopo au pesa taslimu.,Tatoeba,https://tatoeba.org/en/sentences/5336533
3412,That box is heavy.,Sanduku hilo ni nzito.,Tatoeba,https://tatoeba.org/en/sentences/5338800
3413,Lunch is served.,Chakula kiko tayari.,Tatoeba,https://tatoeba.org/en/sentences/5341028
3414,Marie was the only girl to wear a skirt.,Marie alikuwa msichana wa pekee kuvaa sketi.,Tatoeba,https://tatoeba.org/en/sentences/5343702
3415,What has he tricked you into believing this time?,"Je, amekuhadaa kufanya nini mara hii?",Tatoeba,https://tatoeba.org/en/sentences/5343897
3416,Form the dough into a ball.,Tenfeneza unga uwe mpira.,Tatoeba,https://tatoeba.org/en/sentences/5357070
3417,My friends wanted details.,Marafiki zangu walitaka maelezo zaidi.,Tatoeba,https://tatoeba.org/en/sentences/5357338
3418,Smoke was choking her.,Moshi ulikuwa ukimyonga.,Tatoeba,https://tatoeba.org/en/sentences/5358397
3419,The hunters got up before dawn.,Wawindaji waliamka kabla ya macheo.,Tatoeba,https://tatoeba.org/en/sentences/5360692
3420,Whoever hears his recorded voice has the feeling of having heard a stranger.,Yeyote anayesikia sauti yake iliyorekodiwa ana hisia za kumsikiliza mgeni.,Tatoeba,https://tatoeba.org/en/sentences/5362739
3421,A new railway bridge will be built between the two cities.,Daraja jipya la reli litajengwa kati ya miji hiyo miwili.,Tatoeba,https://tatoeba.org/en/sentences/5369922
3422,Many of the soldiers kissed their husbands goodbye.,Wanajeshi wengi waliwaaga mabwana zao kwa kuwapigia busu.,Tatoeba,https://tatoeba.org/en/sentences/5373958
3423,"Just as the fairy tale finished, the child had already fallen asleep.","Pindi hadithi ilipokamilika, mtoto alikuwa amekwisha lala.",Tatoeba,https://tatoeba.org/en/sentences/5377027
3424,She's being questioned by our sketch artist.,Anahojiwa na mchoraji wetu.,Tatoeba,https://tatoeba.org/en/sentences/5377791
3425,She's just a babe in the woods.,Yeye ni mtoto matatani.,Tatoeba,https://tatoeba.org/en/sentences/5377792
3426,This fruit is better than that one!,Matunda haya ni bora kuliko lile!,Tatoeba,https://tatoeba.org/en/sentences/5378536
3427,We were in a state of incredible weakness.,Tulikuwa katika hali ya udhaifu wa ajabu.,Tatoeba,https://tatoeba.org/en/sentences/5379345
3428,"As of now, I refuse to get involved with any sort of drama. It's very childish and annoying to say the least.","Kama ilivyo sasa, nakataa kuhusika na aina yoyote ya sarakasi. Ni ya kitoto sana na inasikitisha kabisa.",Tatoeba,https://tatoeba.org/en/sentences/5383753
3429,The instructions are on the package.,Maagizo yako kwenye kifurushi.,Tatoeba,https://tatoeba.org/en/sentences/5386973
3430,My mom yells at me all the time for no reason.,Mama alinipigia kelele wakati huo bila sababu.,Tatoeba,https://tatoeba.org/en/sentences/5388597
3431,The security situation on the border became explosive this weekend.,Hali ya usalama kwenye mpaka ililipuka wikendi hii.,Tatoeba,https://tatoeba.org/en/sentences/5394644
3432,Kind of Blue is Miles Davis' most famous album.,Aina ya Bluu ni Albamu maarufu zaidi kwa Miles Davis.,Tatoeba,https://tatoeba.org/en/sentences/5397239
3433,"I fear that the ghost exists. It has been well known for three centuries, since 1584 in fact, and always makes its appearance before the death of any member of our family.","Ninaogopa kuwa mizimu ipi. Imejulikana sana kwa karne tatu, tangu 1584 kwa kweli, na kila wakati huonekana kabla ya kifo cha mtu yeyote wa familia yetu.",Tatoeba,https://tatoeba.org/en/sentences/5420447
3434,What'll we call it?,Tutauita nini?,Tatoeba,https://tatoeba.org/en/sentences/5424330
3435,The passengers are waiting.,Wasafiri wanangojea.,Tatoeba,https://tatoeba.org/en/sentences/5436776
3436,Society does not encourage relationships between people who have a large age gap.,Jamii hahimili uhusiano kati ya watu ambao wana tofauti kubwa la umri.,Tatoeba,https://tatoeba.org/en/sentences/5437001
3437,There is no middle ground between these two options.,Hakuna eneo la kati baina ya chaguzi hizi mbili.,Tatoeba,https://tatoeba.org/en/sentences/5437166
3438,"In a first-past-the-post voting system, many votes are wasted.","Katika mfumo wa upigaji kura wa kwanza-wa-kura, kura nyingi huharibika.",Tatoeba,https://tatoeba.org/en/sentences/5439395
3439,Students are required to perform one hour of community service per week.,Wanafunzi wanahitajika kufanya huduma ya jamii kwa saa moja kila wiki,Tatoeba,https://tatoeba.org/en/sentences/5442004
3440,He could see the entire landscape from the top of the mountain.,Angeweza kuona mazingira yote kutoka juu ya mlima.,Tatoeba,https://tatoeba.org/en/sentences/5445884
3441,More information on the system structure is available in the Features section.,Habari zaidi juu ya muundo wa mfumo inapatikana katika sehemu ya Sifa.,Tatoeba,https://tatoeba.org/en/sentences/5454374
3442,The Black Death wiped out at least one third of Europe's population between 1348 and 1350.,Kifo cha watu weusi kilifuta angalau theluthi moja ya idadi ya watu wa Ulaya kati ya 1348 na 1350.,Tatoeba,https://tatoeba.org/en/sentences/5459917
3443,We have a lot of homework.,Tuna kazi nyingi za shule.,Tatoeba,https://tatoeba.org/en/sentences/5463984
3444,The population of the village dropped by a third.,Idadi ya watu wa kijiji hicho ilishuka kwa theluthi.,Tatoeba,https://tatoeba.org/en/sentences/5483631
3445,"If that woman will love me for who I am for a lifetime, I would marry her.","Ikiwa mwanamke huyo atanipenda nilivyo maishani, nitamuoa.",Tatoeba,https://tatoeba.org/en/sentences/5483951
3446,What's this thing used for?,Kazi yake nini kitu hiki?,Tatoeba,https://tatoeba.org/en/sentences/5485542
3447,The highest wisdom is that of the heart.,Hekima hutoka moyoni.,Tatoeba,https://tatoeba.org/en/sentences/5488296
3448,I have basic reading knowledge of Italian and Swedish.,Nina maarifa ya msingi ya kusoma ya Italia na Uswidi.,Tatoeba,https://tatoeba.org/en/sentences/5496341
3449,I have some advice for you.,Nina ushauri kwako.,Tatoeba,https://tatoeba.org/en/sentences/5500327
3450,You wouldn't like it.,Hutaipenda.,Tatoeba,https://tatoeba.org/en/sentences/5506049
3451,We'll get there eventually.,Mwishowe tutafika hapo.,Tatoeba,https://tatoeba.org/en/sentences/5512552
3452,We've all got to do better.,Sisi sote tunauwezo wa kufanya bora.,Tatoeba,https://tatoeba.org/en/sentences/5512938
3453,I applied to the school for the lab assistant position.,Nilituma maombi ya nafasi ya msaidizi wa maabara shuleni.,Tatoeba,https://tatoeba.org/en/sentences/5515166
3454,We're going there alone.,Tunaenda huko pekee yetu.,Tatoeba,https://tatoeba.org/en/sentences/5519208
3455,This bank secretly opened bank accounts in people's names without their permission.,Benki hii ilifungua akaunti za benki kwa siri kwa majina ya watu bila idhini yao.,Tatoeba,https://tatoeba.org/en/sentences/5525871
3456,You're much smarter than I am.,Wewe ni mwerevu kuniliko.,Tatoeba,https://tatoeba.org/en/sentences/5536709
3457,That is not what they are going to talk about.,Hill si jambo watakalozungumzia.,Tatoeba,https://tatoeba.org/en/sentences/5541514
3458,I don't like being around poor people.,Sipendi kuwa karibu na watu masikini.,Tatoeba,https://tatoeba.org/en/sentences/5553167
3459,Hopefully this Punch & Judy show is nearly over.,Natumai kuwa onyesho hili la Punch & Judy limekaribia kukamilika.,Tatoeba,https://tatoeba.org/en/sentences/5557227
3460,The two most powerful warriors are patience and time.,Mashujaa wawili wenye nguvu zaidi ni uvumilivu na wakati.,Tatoeba,https://tatoeba.org/en/sentences/5562579
3461,Can I have a one-day ticket?,Naweza kupata tiketi ya Siku moja?,Tatoeba,https://tatoeba.org/en/sentences/5565505
3462,"Come on now, stop whimpering all the time, let's go somewhere for a change of mood.","Njoo sasa, acha kuwaza wakati wote, wacha tuende mahali kwa badiliko la mhemko.",Tatoeba,https://tatoeba.org/en/sentences/5575250
3463,I didn't understand what he wanted to tell me.,Sikuelewa kuwa alitaka kuniambia.,Tatoeba,https://tatoeba.org/en/sentences/5588376
3464,There aren't any books in French in the library.,Hakuna vitabu vyovyote vya Kifaransa maktabani.,Tatoeba,https://tatoeba.org/en/sentences/5603257
3465,The tide destroyed the sand castle.,Mawimbi yaliharibu ngome ya mchanga.,Tatoeba,https://tatoeba.org/en/sentences/5603331
3466,"He's a cracking bloke, he is.",Yeye ni mwanume mzuri.,Tatoeba,https://tatoeba.org/en/sentences/5609876
3467,No man has a good enough memory to be a successful liar.,Hakuna mwanye kumbukumbu nzuri ya kuwa mwongo.,Tatoeba,https://tatoeba.org/en/sentences/5610245
3468,You get used to anything.,Unazoea kila kitu.,Tatoeba,https://tatoeba.org/en/sentences/5615961
3469,Hopefully she doesn't grow up to be a maniac like the rest of her family.,Natumaini yeye asikue na kuwa kichaa kama familia yake.,Tatoeba,https://tatoeba.org/en/sentences/5621999
3470,Coffee with lots of sugar and milk passes for a real meal.,Kahawa iliyo na sukari nyingi na maziwa ni kama chakula kamili.,Tatoeba,https://tatoeba.org/en/sentences/5623474
3471,I live in a small village fifty kilometers from the Polish capital.,Ninaishi katika kijiji kidogo kilomita hamsini kutoka mji mkuu wa Kipolishi.,Tatoeba,https://tatoeba.org/en/sentences/5636115
3472,I got here Monday night.,Niliwasili hapa Jumatatu usiku.,Tatoeba,https://tatoeba.org/en/sentences/5636633
3473,I'd really rather not know.,Afadhali nisijue kamwe.,Tatoeba,https://tatoeba.org/en/sentences/5640570
3474,She's a drag king.,Yeye ni mfalme wa kuvuruta.,Tatoeba,https://tatoeba.org/en/sentences/5642404
3475,"In 1973, oil cost three dollars per barrel; in 2008 - 80 dollars per barrel.","Mnamo 1973, mafuta yaligharimu dola tatu kwa pipa; mnamo 2008 - dola 80 kwa pipa.",Tatoeba,https://tatoeba.org/en/sentences/5642624
3476,There is a curious crowd on both sides of the avenue.,Kuna umati unaovutia pande zote mbili za barabara.,Tatoeba,https://tatoeba.org/en/sentences/5648095
3477,"Don't dig a pit for somebody to fall into, or you will end up in it yourself.","Usichimbe shimo ili mtu aanguke, au utauangukia mwenyewe.",Tatoeba,https://tatoeba.org/en/sentences/5650522
3478,Some people are born on third base and go through life thinking they hit a triple.,Watu wengine wamezaliwa katika utajiri na wanapitia maisha wakidhania wamepata sifa kupitia mafanikio yao.,Tatoeba,https://tatoeba.org/en/sentences/5651027
3479,I couldn't do anything about it.,Singeweza kufanya chochote.,Tatoeba,https://tatoeba.org/en/sentences/5660079
3480,"The newspaper said that a lion escaped from the zoo, and that it could now be in any part of the city.","Gazeti lilisema kwamba simba alitoroka kutoka kwa mbuga, na kwamba sasa anaweza kuwa katika sehemu yoyote ya jiji.",Tatoeba,https://tatoeba.org/en/sentences/5661525
3481,"For each person there is a sentence—a series of words—which has the power to destroy him. Another sentence exists, another series of words, which will heal the person.","Kwa kila mtu kuna sentensi-msururu wa maneno - ambayo ina nguvu ya kumuangamiza. Sentensi nyingine ipo, msururu mwingine wa maneno, ambayo yatamponya mtu.",Tatoeba,https://tatoeba.org/en/sentences/5663617
3482,"""I'll give you twenty bucks for it."" ""Nothing doing. Thirty dollars; take it or leave it."" ""Fine, then I guess I'll take my business elsewhere.""","""Nitakupa tembo ishirini kwa hiyo."" ""Hakuna kinachofanya. Dola thelathini; kuchua au uwache."" ""Shwari, basi nadhani nitafanya biashara yangu mahali pengine.""",Tatoeba,https://tatoeba.org/en/sentences/5670211
3483,Can we talk now?,Tunaweza kuzungumza sasa?,Tatoeba,https://tatoeba.org/en/sentences/5670752
3484,I just found out my favorite hotel has gone out of business.,Nimegundua tu kuwa mkahawa wangu niupendao umefunga biashara.,Tatoeba,https://tatoeba.org/en/sentences/5674090
3485,We haven't fixed the final details of the budget.,Hatujaandaa maelezo ya mwisho ya bajeti.,Tatoeba,https://tatoeba.org/en/sentences/5674336
3486,Merry Christmas to you and your family.,Nakutakia wewe na familia yako Krismasi njema.,Tatoeba,https://tatoeba.org/en/sentences/5679146
3487,"Soon, in the great theatre, the lights will be put out, and the empty stage will be left to ghosts.","Hivi karibuni, katika ukumbi mkubwa wa michezo, taa zitazimwa, na ukumbi mtupu utaachwa mizuka.",Tatoeba,https://tatoeba.org/en/sentences/5680780
3488,The most important part of an open-door policy is that employees feel welcome to approach their boss with any issue that concerns them.,Sehemu muhimu zaidi ya sera ya uwazi ni kwamba wafanyakazi wanahisi kuwa na ruhusa ya kumuendea mkubwa wao na suala lolote linalohusu.,Tatoeba,https://tatoeba.org/en/sentences/5688310
3489,I've been waiting for that to happen.,Nimekuwa nasubiri hilo litendeke.,Tatoeba,https://tatoeba.org/en/sentences/5698260
3490,I hardly ever see this kind of thing anymore.,Sio rahisi kwangu kuona kitu kama hiki.,Tatoeba,https://tatoeba.org/en/sentences/5702016
3491,He would rather play video games than be with me sexually.,Anaradhi acheze michezo ya video kuliko kufanya mapenzi na mimi.,Tatoeba,https://tatoeba.org/en/sentences/5715204
3492,"If you deposit your letter at the front post after 7 PM, it'll be delivered the following day.","Ikiwa barua yako kwa posta ya mbele baada ya saa 1:00 jioni, itapelekwa siku inayofuata.",Tatoeba,https://tatoeba.org/en/sentences/5716042
3493,"In this era of post-truth politics, it's easy to cherry-pick data and come to whatever conclusion you desire.","Katika enzi hii ya siasa za baada ya ukweli, ni rahisi kuchagua data na kufikia hitimisho yoyote unayotaka.",Tatoeba,https://tatoeba.org/en/sentences/5720663
3494,"During the wedding rehearsal, he was almost too nervous to speak.","Wakati wa mazoezi ya harusi, alikuwa na wasiwasi mwingi.",Tatoeba,https://tatoeba.org/en/sentences/5723283
3495,My husband's situation is different.,Hali ya mume wangu ni tofauti.,Tatoeba,https://tatoeba.org/en/sentences/5725635
3496,Healthy competition is always good.,Ushindani wa afya daima ni mzuri.,Tatoeba,https://tatoeba.org/en/sentences/5725816
3497,A special prosecutor was appointed.,Mwendesha mashtaka maalum aliteuliwa.,Tatoeba,https://tatoeba.org/en/sentences/5725835
3498,Yelling is completely unnecessary.,Kugomba sio lazima kabisa,Tatoeba,https://tatoeba.org/en/sentences/5725841
3499,Knee replacement is major surgery.,Kugeuzwa kwa goti ni upasuaji mkubwa.,Tatoeba,https://tatoeba.org/en/sentences/5725987
3500,It's a beautifully designed boat.,Ni mashua iliyoundwa vizuri.,Tatoeba,https://tatoeba.org/en/sentences/5726323
3501,Thousands of kids were adopted.,Maelefu ya watoto waliasiliwa.,Tatoeba,https://tatoeba.org/en/sentences/5729761
3502,There's a place for everybody.,Kuna mahali kwa kila mtu.,Tatoeba,https://tatoeba.org/en/sentences/5731961
3503,The firing pin's been removed.,Pini ya kufyatua imeondolewa.,Tatoeba,https://tatoeba.org/en/sentences/5732018
3504,The chopper made a loud noise.,Helikopta ilifanya kelele kubwa.,Tatoeba,https://tatoeba.org/en/sentences/5732030
3505,We're still working that out.,Bado tunafanya kazi hiyo.,Tatoeba,https://tatoeba.org/en/sentences/5733929
3506,The potential market is huge.,Soko linalowezekana ni kubwa.,Tatoeba,https://tatoeba.org/en/sentences/5734963
3507,The main lobby appears empty.,Mapokezini makuu yanaonekana kuwa tupu.,Tatoeba,https://tatoeba.org/en/sentences/5734988
3508,I intend to be first in line.,Ninakusudia kuwa wa kwanza mu mstari.,Tatoeba,https://tatoeba.org/en/sentences/5735869
3509,We're working on this issue.,Tunajitahidi kusuluhisha shida hii.,Tatoeba,https://tatoeba.org/en/sentences/5736169
3510,Wait until the dust clears.,Subiri hadi vumbi iishe.,Tatoeba,https://tatoeba.org/en/sentences/5737730
3511,Their gang color is purple.,Rangi yao ya genge ni ya zambarau.,Tatoeba,https://tatoeba.org/en/sentences/5737854
3512,Let's see how it plays out.,Wacha tuone jinsi itakavyotokea.,Tatoeba,https://tatoeba.org/en/sentences/5738059
3513,The timing is unfortunate.,Ni bahati mbaya muda hautoshi.,Tatoeba,https://tatoeba.org/en/sentences/5739521
3514,The television is blaring.,Runinga ina sauti ya juu.,Tatoeba,https://tatoeba.org/en/sentences/5739522
3515,That's how we were raised.,Hivyo ndivyo tulilelewa.,Tatoeba,https://tatoeba.org/en/sentences/5739691
3516,Murphy's law states that whatever can go wrong will go wrong.,Sheria ya Murphy inasema kwamba chochote kinachoweza kwenda vibaya kitaenda vibaya.,Tatoeba,https://tatoeba.org/en/sentences/5743808
3517,The airport remains open.,Uwanja wa ndege ulibaki waki,Tatoeba,https://tatoeba.org/en/sentences/5744537
3518,Does anyone read anymore?,Kunaye anayendelea kusoma?,Tatoeba,https://tatoeba.org/en/sentences/5745266
3519,Birth records are public.,Rekodi za kuzaliwa ni kwa watu wote,Tatoeba,https://tatoeba.org/en/sentences/5745329
3520,I suck at relationships.,Sina sifa nzuri katika mahusiano.,Tatoeba,https://tatoeba.org/en/sentences/5746720
3521,I didn't try to respond.,Sikujaribu kujibu.,Tatoeba,https://tatoeba.org/en/sentences/5746826
3522,I didn't train properly.,Sikupata mafunzo kikamilifu.,Tatoeba,https://tatoeba.org/en/sentences/5746828
3523,Lives are being lost.,Maisha yanapotea.,Tatoeba,https://tatoeba.org/en/sentences/5752495
3524,"Die, scum!","Kamilika, maji machafu!",Tatoeba,https://tatoeba.org/en/sentences/5752727
3525,They began chanting.,Walianza kughani.,Tatoeba,https://tatoeba.org/en/sentences/5753962
3526,Some bills can wait.,Bili zingine zinaweza kunagojea.,Tatoeba,https://tatoeba.org/en/sentences/5754460
3527,Send me photos.,Nitumie picha.,Tatoeba,https://tatoeba.org/en/sentences/5758379
3528,Nightmares are a sign of health issues.,Ndoto mbaya ni dalili ya matatizo ya kiafya.,Tatoeba,https://tatoeba.org/en/sentences/5759857
3529,My cousin has a large collection of action figures.,Binamu yangu ana mkusanyiko mkubwa wa takwimu za vitendo.,Tatoeba,https://tatoeba.org/en/sentences/5760904
3530,"Medical error is the third leading cause of death in the US, after heart disease and cancer.","Kosa la kimatibabu ni sababu ya tatu ya kusababisha kifo huko Amerika, baada ya ugonjwa wa moyo na saratani.",Tatoeba,https://tatoeba.org/en/sentences/5765482
3531,Do they know about each other?,"Je, wanafahamiana?",Tatoeba,https://tatoeba.org/en/sentences/5767564
3532,I hate interviews.,Nachukia mahojiano.,Tatoeba,https://tatoeba.org/en/sentences/5767584
3533,Honey doesn't spoil.,Asali huwa haiharibiki.,Tatoeba,https://tatoeba.org/en/sentences/5769823
3534,I do not know where that guy came from. He just popped up out of nowhere.,Sijui mahali anakotoka yule mtu. Amechomoka tu ghafla.,Tatoeba,https://tatoeba.org/en/sentences/5770645
3535,"An explosion of social media has given ordinary people more ways to express themselves, and has raised people’s expectations for those of us in power.",Umaarufu wa mtandao wa kijamii umewapa watu wa kawaida njia nyingi za kujieleza na umeinua matarajio ya wengine wetu tulio mamlakani.,Tatoeba,https://tatoeba.org/en/sentences/5774014
3536,Millions of Americans lost their homes during the financial crisis.,Mamilioni ya Wamarekani walipoteza nyumba zao wakati wa mpomoko wa uchumi.,Tatoeba,https://tatoeba.org/en/sentences/5776475
3537,I might join the marching band.,Naweza kujiunga na bendi ya kuandamana.,Tatoeba,https://tatoeba.org/en/sentences/5779262
3538,It's a small step between pleasure and pain.,Ni hatua ndogo kati ya raha na maumivu.,Tatoeba,https://tatoeba.org/en/sentences/5786046
3539,"This soup must be prepared in precise, scientific steps.","Supu hii lazima iandaliwe kisawasawa, kwa hatua za kisayansi.",Tatoeba,https://tatoeba.org/en/sentences/5788103
3540,We saw a pregnant cat near the casino entrance.,Tuliona paka mjamzito karibu na mlango wa kasino.,Tatoeba,https://tatoeba.org/en/sentences/5788689
3541,The pigs wore makeup as part of a scientific study.,Nguruwe walivaa mapambo kama sehemu ya utafiti wa kisayansi.,Tatoeba,https://tatoeba.org/en/sentences/5788786
3542,What a bunch of bastards.,Kundi lililoje la wapumbavu.,Tatoeba,https://tatoeba.org/en/sentences/5789135
3543,The gift shop is on the second deck.,Duka la zawadi liko kwenye dawati la pili.,Tatoeba,https://tatoeba.org/en/sentences/5790125
3544,Your political party is completely corrupt.,Chama chako cha kisiasa ni fisadi kabisa.,Tatoeba,https://tatoeba.org/en/sentences/5790155
3545,Linda will prepare coffee.,Linda ataandaa kahawa.,Tatoeba,https://tatoeba.org/en/sentences/5790321
3546,The tour guide stole my identity.,Mwelekezi wa watalii aliiba kitambulisho changu.,Tatoeba,https://tatoeba.org/en/sentences/5790345
3547,Gather your injured at the church for medical treatment.,Kusanya waliojeruhiwa kanisani ili watibiwe.,Tatoeba,https://tatoeba.org/en/sentences/5791087
3548,I'd rather not sing tonight.,Afadhali nisiimbe usiku huu.,Tatoeba,https://tatoeba.org/en/sentences/5798519
3549,How dare you treat me like a criminal!,Unadhubutuje kunitendea kama mhalifu?,Tatoeba,https://tatoeba.org/en/sentences/5800826
3550,The furious mob attacked the building.,Halaiki ya watu ilikuwa imekasirila ilivamia jengo hilo.,Tatoeba,https://tatoeba.org/en/sentences/5803522
3551,Will the entire financial system collapse soon?,"Je, mfumo mzima wa kifedha utaporomoka punde?",Tatoeba,https://tatoeba.org/en/sentences/5804053
3552,Greece is taking radical measures to prevent a collapse of its financial system.,Ugiriki inachukua hatua kali za kuzuia kuanguka kwa mfumo wake wa kifedha.,Tatoeba,https://tatoeba.org/en/sentences/5804056
3553,All I do is work.,Ninachofanya ni kazi.,Tatoeba,https://tatoeba.org/en/sentences/5813909
3554,Many people are struggling to keep a roof over their heads.,Watu wengi wanajitahidi kupata makazi.,Tatoeba,https://tatoeba.org/en/sentences/5816180
3555,A part of my Lisa stays with me.,Sehemu ya Lisa wangu inakaa nami.,Tatoeba,https://tatoeba.org/en/sentences/5817672
3556,I wanna be a magician when I grow up.,Nataka kuwa mchawi nikikua mkubwa.,Tatoeba,https://tatoeba.org/en/sentences/5817702
3557,"Ladies and gentlemen, welcome on board.","Mabibi na mabwana, karibuni tuwe pamoja.",Tatoeba,https://tatoeba.org/en/sentences/5821013
3558,"Winston doesn't want to buy a book, because he already has many boxes full of books.","Winston hataki kununua kitabu, kwa sababu tayari ana masanduku mengi yaliyojaa vitabu.",Tatoeba,https://tatoeba.org/en/sentences/5822485
3559,I really enjoy swimming.,Napenda sana kuogelea.,Tatoeba,https://tatoeba.org/en/sentences/5825202
3560,Is there a river anywhere near here?,Je! Kuna mto popote karibu na hapa?,Tatoeba,https://tatoeba.org/en/sentences/5825763
3561,I danced.,Nilicheza densi.,Tatoeba,https://tatoeba.org/en/sentences/5828626
3562,In the years to come thy memory will shine like a star over my lonely life.,Katika miaka ijayo kumbukumbu yako itaangaza kama nyota juu ya maisha yangu ya upweke.,Tatoeba,https://tatoeba.org/en/sentences/5831554
3563,"Who's bringing this child up, Matthew, you or me?","Nani anamlea mtoto huyu, Mathayo, wewe au mimi?",Tatoeba,https://tatoeba.org/en/sentences/5831717
3564,"I really think the woods are just as lovely in winter as in summer. They're so white and still, as if they were asleep and dreaming pretty dreams.","Nadhani miti ni mizuri wakati wa msimu wa baridi kama ilivyo wakati wa kiangazi. Ni nyeupe sana na tulivu, kana kwamba wamelala na wanaota ndoto nzuri.",Tatoeba,https://tatoeba.org/en/sentences/5834139
3565,"Anne Shirley, what have you done to your hair? Why, it's green!","We Anne Shirley, umefanya nini kwenye nywele zako? Kwa nini, ni kijani!",Tatoeba,https://tatoeba.org/en/sentences/5834165
3566,"Miss Barry was a rather selfish old lady, if the truth must be told, and had never cared much for anybody but herself.","Bi Barry alikuwa mwanamke mzee mchoyo, ikiwa ukweli lazima usemwe, hajawahi kumjali mtu yeyote isipokuwa yeye mwenyewe.",Tatoeba,https://tatoeba.org/en/sentences/5834791
3567,"""I was thinking about Anne,"" she explained. ""She's got to be such a big girl--and she'll probably be away from us next winter. I'll miss her terrible.""","""Nilikuwa nikifikiria kuhusu Anne,"" alielezea. ""Anapaswa kuwa msichana mkubwa - na labda atakuwa mbali nasi msimu ujao wa baridi. Nitamkosa mbaya. """,Tatoeba,https://tatoeba.org/en/sentences/5834845
3568,Are you telling me that it's completely normal to cheat on my wife?,"Je, unaniambia kuwa ni kawaida kabisa kumdanganya mke wangu?",Tatoeba,https://tatoeba.org/en/sentences/5835768
3569,How can you tell who's innocent and who's guilty?,"Je, unawezaje kujua yule asiye na hatia na aliye na hatia?",Tatoeba,https://tatoeba.org/en/sentences/5842402
3570,Let me tell you the reason that happened.,Wacha nikwambie sababu hilo lilifanyika.,Tatoeba,https://tatoeba.org/en/sentences/5845927
3571,I don't have a ticket yet.,Bado sijapata tiketi.,Tatoeba,https://tatoeba.org/en/sentences/5850054
3572,I kept cleaning.,Niliendelea kusafisha.,Tatoeba,https://tatoeba.org/en/sentences/5850445
3573,This is all we can give you.,Hii ndio yote tunaweza kukupa.,Tatoeba,https://tatoeba.org/en/sentences/5850791
3574,I'm not as drunk now as the last time you saw me.,Sasa mimi si mlevi kama ulivyoniona Mara ya mwisho.,Tatoeba,https://tatoeba.org/en/sentences/5852770
3575,I'm pigeon-toed.,Nina miguu iliyojipinda.,Tatoeba,https://tatoeba.org/en/sentences/5853045
3576,The police tracked down the other three students.,Polisi waliwafuatilia wanafunzi hao wengine watatu.,Tatoeba,https://tatoeba.org/en/sentences/5856678
3577,"A few years ago, I swore never to fall in love again.",Miaka michache iliyopita niliapa kuwa: kamwe sitapenda tena!,Tatoeba,https://tatoeba.org/en/sentences/5857211
3578,I'm quite unhappy here.,Mimi sinafuraha hapa.,Tatoeba,https://tatoeba.org/en/sentences/5859555
3579,"I believe with all my heart that our first priority must be world peace, and that use of force is always and only a last resort, when everything else has failed, and then only with regard to our national security.","Ninaamini kwa moyo wangu wote kuwa kipaumbele chetu cha kwanza lazima kiwe amani ya ulimwengu, na kwamba matumizi ya nguvu daima ni njia ya mwisho, wakati kila kitu kingine kimeshindwa, na basi tu kwa usalama wa taifa letu.",Tatoeba,https://tatoeba.org/en/sentences/5867062
3580,"Aww, they look so cute together.","Aww, wanakaa vizuri sana pamoja.",Tatoeba,https://tatoeba.org/en/sentences/5867638
3581,"Sir, I'm a great fan of yours. Could I have your autograph?","Bwana, mimi ni shabiki wako mkubwa. Je! Ninaweza kupata sahihi yako?",Tatoeba,https://tatoeba.org/en/sentences/5868186
3582,The company medical treatment insurance covered all the medical treatment costs.,Bima ya matibabu ya kampuni ilifidia gharama zote za matibabu.,Tatoeba,https://tatoeba.org/en/sentences/5870613
3583,Dreams can be won or lost in Las Vegas.,Ndoto zinaweza kushinda au kupotea jijini Las Vegas,Tatoeba,https://tatoeba.org/en/sentences/5879480
3584,Police can't enter the property without a search warrant.,Polisi hawawezi kuingia kwenye jengo bila kibali cha upekuzi.,Tatoeba,https://tatoeba.org/en/sentences/5880603
3585,You can't destroy the precious bond between mother and child.,Hauwezi kuharibu uhusiano wa thamani kati ya mama na mtoto wake.,Tatoeba,https://tatoeba.org/en/sentences/5883044
3586,"That bill for the ambulance last year? Yeah, well, they sent a collection agency after us.","Bili hiyo ni ya ambulensi mwaka jana? Ndio, sawa, walituma wakala wa kukusanya baada yetu.",Tatoeba,https://tatoeba.org/en/sentences/5891225
3587,We're going to hire the most famous makeup artist for our cast's makeup.,Tutamuajiri msanii maarufu zaidi wa mapambo kuwapamba wasanii wetu.,Tatoeba,https://tatoeba.org/en/sentences/5902357
3588,I'm not a singer.,Mimi si mwimbaji.,Tatoeba,https://tatoeba.org/en/sentences/5902881
3589,Why aren't you doing what you're supposed to be doing?,Kwa nini hufanyi jambo unalopaswa kufanya?,Tatoeba,https://tatoeba.org/en/sentences/5903707
3590,I don't understand why you don't want to do that.,Sielewi kwa nini hutaki kufanya hivyo.,Tatoeba,https://tatoeba.org/en/sentences/5903799
3591,The far left and far right are more alike than you'd think.,Pembeni mwa kushoto na kulia zinafanana kuliko unavyodhania.,Tatoeba,https://tatoeba.org/en/sentences/5903902
3592,"""How much?"" ""Ten bucks."" ""You must be joking. I'll give you five.""","""Ni kiasi gani?"" ""Shiling kumi."" ""Lazima unatania. ""Nitakupa tano""",Tatoeba,https://tatoeba.org/en/sentences/5907500
3593,I've been up since 2:30 this morning.,Nimekuwa macho tangu asubuhi 8:30 usiku.,Tatoeba,https://tatoeba.org/en/sentences/5909741
3594,I think you should turn yourself in.,Nafikiri unafaa kujipeleka ndani.,Tatoeba,https://tatoeba.org/en/sentences/5915383
3595,I still do that whenever I can.,Bado ninafanya hivyo wakati wowote ninaweza.,Tatoeba,https://tatoeba.org/en/sentences/5915620
3596,You didn't look angry.,Hukai mwenye hasira.,Tatoeba,https://tatoeba.org/en/sentences/5916794
3597,We'd have to paint the blade of the sword in order to change the color.,Lazima tupake rangi ncha ya upanga ili kubadilisha rangi.,Tatoeba,https://tatoeba.org/en/sentences/5918983
3598,"""That language sounds terrible."" ""No, that guy just has an ugly voice. If you listen to this other guy speaking it, you'll see it sounds quite beautiful."" ""You're right. It does sound lovely.""","""Lugha hiyo inasikika vibaya."" ""La, mtu huyo ana sauti mbaya tu. Ukisikiliza mtu huyo mwingine akizungumza, unasikia inapendeza."" ""Uko sawa. Inapendeza.""",Tatoeba,https://tatoeba.org/en/sentences/5933850
3599,You look like you're drunk.,Unakaa kuwa umekunywa pombe.,Tatoeba,https://tatoeba.org/en/sentences/5938514
3600,"If ""pro"" is the opposite of ""con,"" what’s the opposite of progress?","Ikiwa ""pro"" ni kinyume cha ""con,"" ni nini kinyume cha maendeleo?",Tatoeba,https://tatoeba.org/en/sentences/5941027
3601,"If I succeed, many, many months, perhaps years, will pass before you and I may meet. If I fail, you will see me again soon, or never.","Nikifaulu, miezi mingi, labda miaka, itapita kabla tukutane nawe. Nikianguka, utaniona tena hivi karibuni, au utawahi niona kamwe.",Tatoeba,https://tatoeba.org/en/sentences/5941927
3602,The problems of our age require new thinking.,Shida za wakati wetu zinahitaji fikira mpya.,Tatoeba,https://tatoeba.org/en/sentences/5943588
3603,I am a man of modest tastes.,Mimi ni mwanaume wa maonjo ya kawaida.,Tatoeba,https://tatoeba.org/en/sentences/5945189
3604,"You spend your whole life making millions of dollars, right up to the very end, when your wealth becomes totally worthless to you.","Unatumia maisha yako yote kutengeneza mamilioni ya dola, hadi mwishoni kabisa, ambapo mali yako inakuwa haina thamani kwako.",Tatoeba,https://tatoeba.org/en/sentences/5945246
3605,"Which is worse, killing one person or letting five people die?","Ni nini mbaya zaidi, kuua mtu mmoja au kuwaruhusu watu watano kufa?",Tatoeba,https://tatoeba.org/en/sentences/5946156
3606,A jail fence couldn't keep a demon of a cow like that out.,Kifungo cha gerezani hakiweza kuweka pepo la ng'ombe kama huyo.,Tatoeba,https://tatoeba.org/en/sentences/5951251
3607,We can't do this without your help.,Hatuwezi kufanya haya bila msaada wako.,Tatoeba,https://tatoeba.org/en/sentences/5951523
3608,Politicians act in such a way as to preserve their hold on power.,Wanasiasa hufanya kazi kwa njia ya kuhifadhi umiliki wao.,Tatoeba,https://tatoeba.org/en/sentences/5956095
3609,What is the difference between a samurai and a ninja?,Kuna tofauti gani kati ya samurai na ninja?,Tatoeba,https://tatoeba.org/en/sentences/5956918
3610,"What do you think about this, doctor?","Daktari, je, unafikiriaje kuhusu hii.",Tatoeba,https://tatoeba.org/en/sentences/5961968
3611,The hospital for this Mars colony is underground.,Hospitali ya koloni ya Mirihi iko chini ya ardhi.,Tatoeba,https://tatoeba.org/en/sentences/5965509
3612,"My friend, why are you so serious? It's like I don't know you any more.","Rafiki yangu, mbona hucheki? Ni kana kwamba sikutambui tena.",Tatoeba,https://tatoeba.org/en/sentences/5971275
3613,This position makes me feel extremely vulnerable.,Nafasi hii inanifanya nihisi hatari zaidi.,Tatoeba,https://tatoeba.org/en/sentences/5971855
3614,The wolf attacked the lamb.,Mbwa mwitu alimshambulia mwana kondoo.,Tatoeba,https://tatoeba.org/en/sentences/5972148
3615,Pablo learned to read when he was five years old.,Pablo alijifunza kusoma alipokuwa na miaka mitano.,Tatoeba,https://tatoeba.org/en/sentences/5972739
3616,Languages have hard words.,Lugha zina maneno magumu.,Tatoeba,https://tatoeba.org/en/sentences/5974979
3617,"If he had had time, he would have gone.",Angalikuwa na nafasi angalikwenda.,Tatoeba,https://tatoeba.org/en/sentences/5974980
3618,I ate eggs yesterday.,Nilikula mayai jana.,Tatoeba,https://tatoeba.org/en/sentences/5974983
3619,I sucked orange juice through a straw.,Nilinyonya juisi ya machungwa kupitia mrija.,Tatoeba,https://tatoeba.org/en/sentences/5982421
3620,Poland is located in Central Europe.,Poland iko katika Ulaya ya Kati.,Tatoeba,https://tatoeba.org/en/sentences/5983882
3621,"Fortunately, there's a special writing system for the blind.","Mara ghafura, kukawepo ma mfumo wa uandikaji kwa vipofu.",Tatoeba,https://tatoeba.org/en/sentences/5987158
3622,My children live in New York.,Watoto wangu wanaishi katika New York.,Tatoeba,https://tatoeba.org/en/sentences/5990483
3623,For how long will you stay?,Utakaa muda ghani?,Tatoeba,https://tatoeba.org/en/sentences/5990927
3624,"If I don't eat, I will die.",Nisipokula nitakufa.,Tatoeba,https://tatoeba.org/en/sentences/5990931
3625,Cows are considered a sacred animal in India.,Ng'ombe huchukuliwa kama mnyama takatifu nchini India.,Tatoeba,https://tatoeba.org/en/sentences/5990959
3626,The Orient-Express is one of the world's most famous luxury passenger trains.,Orient-Express ni moja ya treni maarufu sana za abiria ulimwenguni.,Tatoeba,https://tatoeba.org/en/sentences/5995357
3627,"It says,'flavor according to taste.' What does that mean? How can you tell? And what if my taste doesn't happen to be other people's taste?","Inasema,'ladha kulingana na ladha.' Je! Hiyo inamaanisha nini? Unawezaje kujua? Na ikiwa ladha yangu sio ladha ya wengine?",Tatoeba,https://tatoeba.org/en/sentences/6000172
3628,Diana beat the eggs and I mixed the cake.,Diana alitwanga mayai na mimi nikachanganya keki.,Tatoeba,https://tatoeba.org/en/sentences/6000175
3629,We thought it was our duty to do that.,Tulidhania ni jukumu letu kufanya hivyo.,Tatoeba,https://tatoeba.org/en/sentences/6003783
3630,The dog is under the table.,Mbwa yuko chini ya meza.,Tatoeba,https://tatoeba.org/en/sentences/6004778
3631,I thought he was kinda cute.,Nilidhani alikuwa mrembo.,Tatoeba,https://tatoeba.org/en/sentences/6005158
3632,Are bear attacks common around here?,"Je, kumbaliwa na tembo ni za kawaida hapa?",Tatoeba,https://tatoeba.org/en/sentences/6005515
3633,A sharp tongue is more dangerous than a sharp knife.,Ulimi mkali ni hatari zaidi kuliko kisu kali.,Tatoeba,https://tatoeba.org/en/sentences/6007136
3634,This place is full of thieves and murderers.,Mahali hapa pamejaa wezi na wauaji.,Tatoeba,https://tatoeba.org/en/sentences/6009161
3635,I contacted my mothers.,Niliita mama yangu.,Tatoeba,https://tatoeba.org/en/sentences/6010456
3636,Volunteer work may thus have an important effect on students' knowledge of the world and future life choices.,Kazi ya kujitolea inaweza kuwa na athari muhimu kwa ufahamu wa wanafunzi wa ulimwengu na uchaguzi wa maisha ya baadaye.,Tatoeba,https://tatoeba.org/en/sentences/6011077
3637,I love that accent.,Ninapenda lafudhi hiyo.,Tatoeba,https://tatoeba.org/en/sentences/6013099
3638,No special training is needed to operate this machine.,Hakuna mafunzo maalum yanayohitajika kuendesha mashine hii.,Tatoeba,https://tatoeba.org/en/sentences/6013502
3639,I think that good advertising should sell a product without drawing attention to itself.,Nadhani matangazo mazuri yanapaswa kuuza bidhaa bila kuvutia tahadhari yenyewe.,Tatoeba,https://tatoeba.org/en/sentences/6014188
3640,Are you currently registered to vote?,"Je, umesajiliwa kupiga kura?",Tatoeba,https://tatoeba.org/en/sentences/6019707
3641,Where are you going this weekend?,"Je, unaenda wapi wikendi hii?",Tatoeba,https://tatoeba.org/en/sentences/6024944
3642,"He sent me a message to inform me that, sooner or later, his chicken farm would go broke.","Alinitumia ujumbe kunijulisha kwamba, mapema au baadaye, shamba lake la kuku litafilisika.",Tatoeba,https://tatoeba.org/en/sentences/6026268
3643,"The princess was a highly modern princess, causing the king much anxiety.","Malkia alikuwa wa kisasa sana, na hivyo kumfanya mfalme afadhaike sana.",Tatoeba,https://tatoeba.org/en/sentences/6028530
3644,"We adore thy cross, O Lord.","Tunaabudu msalaba wako, Ee Bwana.",Tatoeba,https://tatoeba.org/en/sentences/6029117
3645,He feared forgetting his lines more than anything else.,Aliogopa kusahau mistari yake kuliko kitu kingine chochote.,Tatoeba,https://tatoeba.org/en/sentences/6029149
3646,There's nothing under the chair.,Hakuna kitu chini ya kiti.,Tatoeba,https://tatoeba.org/en/sentences/6029652
3647,"My brain says yes, but my gut says no.","Akili yangu inasema ndiyo, lakini dhamira yangu inasema la.",Tatoeba,https://tatoeba.org/en/sentences/6033630
3648,What's this butterfly called?,Huyu kipepeo anaitwaje?,Tatoeba,https://tatoeba.org/en/sentences/6037191
3649,He loves whining.,Anapenda kulalamika.,Tatoeba,https://tatoeba.org/en/sentences/6040550
3650,Your boat stinks.,Mashua yako yananuka.,Tatoeba,https://tatoeba.org/en/sentences/6042769
3651,I never update my operating system.,Huwa sisasishi mfumo wangu wa kufanya kazi,Tatoeba,https://tatoeba.org/en/sentences/6046786
3652,Bring me his head.,Niletee kichwa chake.,Tatoeba,https://tatoeba.org/en/sentences/6046868
3653,How old is this book?,Kitabu hiki ni mzee kiasi gani?,Tatoeba,https://tatoeba.org/en/sentences/6046875
3654,Are you going to get this done anytime soon?,"Je, utakamilisha hili jambo muda si mrefu?",Tatoeba,https://tatoeba.org/en/sentences/6048367
3655,Do you mind if I go home early?,Kuna shida yoyote nikienda nyumbani mapema?,Tatoeba,https://tatoeba.org/en/sentences/6048809
3656,They were locked in a passionate embrace.,Walikuwa wamefungwa kwa kukumbatiana sana.,Tatoeba,https://tatoeba.org/en/sentences/6049419
3657,"Success is not final, failure is not fatal: it is the courage to continue that counts.","Ufanisi sioo mwisho, kufeli sio kifo: ni ujasiri wa kuendela ndio muhimu.",Tatoeba,https://tatoeba.org/en/sentences/6050832
3658,"To add insult to injury, she just found out she is pregnant.","Kuongeza tusi kwa jeraha, amegundua kuwa ni mjamzito.",Tatoeba,https://tatoeba.org/en/sentences/6053671
3659,"Economic or military power, in this case, is less important than glory in sports.","Nguvu ya kiuchumi au ya kijeshi, katika kisa hiki, sio muhimu kuliko utukufu katika michezo.",Tatoeba,https://tatoeba.org/en/sentences/6055667
3660,I kiss the ground beneath your feet.,Nina busu chini ya miguu yako.,Tatoeba,https://tatoeba.org/en/sentences/6056944
3661,Slowly but surely English is losing importance in Europe.,Polepole lakini kwa kweli Kiingereza kinapoteza umuhimu huko Uropa.,Tatoeba,https://tatoeba.org/en/sentences/6058445
3662,"If you travel after the rush hour, it is easier to pick up a cheap fare.","Ukisafiri baada ya foleni kubwa, ni rahisi kupata nauli nafuu.",Tatoeba,https://tatoeba.org/en/sentences/6058899
3663,The boys laughed loudly.,Wavulana walicheka kwa sauti kubwa.,Tatoeba,https://tatoeba.org/en/sentences/6059367
3664,These identical twins were separated at birth and raised in different families.,Mapacha hawa wa kufanana walitengwa wakati wa kuzaliwa na kukulia katika familia tofauti.,Tatoeba,https://tatoeba.org/en/sentences/6063627
3665,Online dating may be dangerous.,Kuchumbiana mtandaoni kunaweza kuwa hatari.,Tatoeba,https://tatoeba.org/en/sentences/6067496
3666,Could you do that tomorrow?,"Je, unaweza kufanya jambo hili kesho?",Tatoeba,https://tatoeba.org/en/sentences/6071525
3667,The phone rings approximately fifty times an hour.,Simu inalia takhriban mara hamsini kwa saa.,Tatoeba,https://tatoeba.org/en/sentences/6071590
3668,"The human brain is the most perfect organ. It works 24 hours a day, 365 days a year, from our birth to when we fall in love.","Ubongo wa mwanadamu ndio kiungo kamili zaidi. Yanafanya kazi masaa 24 kwa siku, siku 365 kwa mwaka, tangu kuzaliwa kwetu hadi tulipoanza kupendana.",Tatoeba,https://tatoeba.org/en/sentences/6080495
3669,"Someone reaches the peak of fame when his name is everywhere, except in the phone book.","Mtu hufikia kilele cha umaarufu wakati jina lake lipo kila mahali, isipokuwa kwenye kitabu cha simu.",Tatoeba,https://tatoeba.org/en/sentences/6081853
3670,I'm an undercover agent.,Mimi ni wakala wa kijasusi.,Tatoeba,https://tatoeba.org/en/sentences/6084287
3671,We were expecting a big boom.,Tulikuwa tunatarajia kufaniukiwa pakubwa.,Tatoeba,https://tatoeba.org/en/sentences/6084353
3672,How does one build a whole castle using 14th century technology?,Mtu huundaje kasri lote kwa kutumia teknolojia ya karne ya 14?,Tatoeba,https://tatoeba.org/en/sentences/6085189
3673,I was done with school at noon.,Nilimaliza shule saa sita mchana.,Tatoeba,https://tatoeba.org/en/sentences/6088281
3674,He's a lot better at it than I am.,Yeye anaweza kuliko Mimi.,Tatoeba,https://tatoeba.org/en/sentences/6090564
3675,The government is controlled by corporate interests.,Serikali inadhibitiwa na masilahi ya kampuni.,Tatoeba,https://tatoeba.org/en/sentences/6090637
3676,Aren't you free tonight?,"Je, leo jioni huna muda?",Tatoeba,https://tatoeba.org/en/sentences/6093981
3677,You look so good.,Unapendeza sana.,Tatoeba,https://tatoeba.org/en/sentences/6097375
3678,No dating. No Internet after nine o'clock.,Hakuna uchumba. Hakuna intaneti baada ya saa tatu usiku.,Tatoeba,https://tatoeba.org/en/sentences/6100071
3679,"I can understand Greek, but I can't speak it.","Ninaelewa Kiyunani, lakini siwezi kuongea.",Tatoeba,https://tatoeba.org/en/sentences/6105703
3680,All these things are mine.,Hivi vitu vyote ni vyangu.,Tatoeba,https://tatoeba.org/en/sentences/6110243
3681,She lives remote from the wear and tear of the world.,Yeye anaishi mbali na matatizo ya ulimwengu.,Tatoeba,https://tatoeba.org/en/sentences/6113278
3682,"After I showed the results to the boss, he freaked out and cast the blame on me.","Baada ya kumwonesha bosi matokeo, aliogopa na kuanza kunitupia lawama.",Tatoeba,https://tatoeba.org/en/sentences/6114540
3683,"Out of rage, thank God, sometimes comes courage.","Kutoka kwa hasira, asante Mungu, wakati mwingine ujasiri hutokea.",Tatoeba,https://tatoeba.org/en/sentences/6114694
3684,A fence is a criminal who buys stolen goods and sells them to others.,Uzio ni mhalifu anayenunua bidhaa za kuibwa na kuziuzia watu wengine.,Tatoeba,https://tatoeba.org/en/sentences/6116744
3685,That's an odd choice of words.,Huo ni uteuzi mbaya wa maneno.,Tatoeba,https://tatoeba.org/en/sentences/6118807
3686,"The winning numbers in last night's lottery draw were 7, 18, 3, 41, and 6 in that order.","Nambari zilizoshinda katika bahati nasibu ya jana zilikuwa 7, 18, 3, 41, na 6 kwa mpangilio huo.",Tatoeba,https://tatoeba.org/en/sentences/6120340
3687,The United States will withdraw from the Paris Agreement.,Marekani itajiondoa katika mkataba wa Paris.,Tatoeba,https://tatoeba.org/en/sentences/6122576
3688,May Almighty God make you very happy.,Mungu na akakufanye kuwa na furaha Sana.,Tatoeba,https://tatoeba.org/en/sentences/6130037
3689,"Time passes, and it turns the wheel of life as water does that of a mill.","Wakati unapita, unabadilisha gurudumu la maisha kama maji yanavyofanya kwa gurudumu la mashini.",Tatoeba,https://tatoeba.org/en/sentences/6133922
3690,"First we fired our guns to get help, and after some time a ship lying not far away sent out a boat to help us.","Kwanza tulipiga risasi zetu kupata msaada, na badaa ya muda meli iliyokuwa karibu nasi ilitua boti kutusaidia.",Tatoeba,https://tatoeba.org/en/sentences/6137725
3691,Many people get a job in customer services before they are qualified for other positions.,Watu wengi hupata kazi kwa huduma za wateja kabla ya kuhitumu kwa nafasi zingine za kazi.,Tatoeba,https://tatoeba.org/en/sentences/6143173
3692,The music alone wasn't enough to give voice to his feelings. A mighty choir was required!,Muziki pekee haukutosha kuipa sauti hisia zake. Kwaya hodari ilihitajika!,Tatoeba,https://tatoeba.org/en/sentences/6145798
3693,The counselor suggested a cooling-off period before making a final decision about the relationship.,Mshauri alipendekeza kipindi cha kutulia kabla ya kufanya maamuzi ya mwisho kuhusu mahusiano.,Tatoeba,https://tatoeba.org/en/sentences/6150344
3694,Her brother is a hard worker.,Ndugu yake hufanya kazi kwa bidii.,Tatoeba,https://tatoeba.org/en/sentences/6171496
3695,The waves were crashing on the shore; it was a lovely sight.,Mawimbi yalikuwa yakiporomoka ufukweni; ilikuwa inapendeza macho.,Tatoeba,https://tatoeba.org/en/sentences/6171990
3696,"If everyone tries anyway to be different and something special, it becomes something special being normal.","Ikiwa kila mtu atajaribu kuwa tofauti na kitu maalum, inakuwa kitu maalum kuwa mtu kawaida.",Tatoeba,https://tatoeba.org/en/sentences/6175293
3697,Borrowed gold becomes lead when they demand it back.,Dhahabu iliyokopwa inakuwa lidi wakizidai.,Tatoeba,https://tatoeba.org/en/sentences/6177723
3698,They mainly live on milk.,Wanaishi kwa kutegemea maziwa sana.,Tatoeba,https://tatoeba.org/en/sentences/6181889
3699,"What is the whole of science compared to a flower, a cloud, a drop of water's play of colours?","Je, ni nini sayansi nzima ukilinganisha na ua, wingu, tone la maji kwenye rangi?",Tatoeba,https://tatoeba.org/en/sentences/6190878
3700,A faithful friend is a soul in two bodies.,Rafiki mwaminifu ni roho katika miili miwili.,Tatoeba,https://tatoeba.org/en/sentences/6195162
3701,A proper gentleman brings his lady red roses.,Mwanaume mstaarabu humletea mwanamke wake maua waridi mekundu.,Tatoeba,https://tatoeba.org/en/sentences/6196911
3702,Try the soup and add salt according to taste.,Jaribu supu na uongeze chumvi kulingana na ladha.,Tatoeba,https://tatoeba.org/en/sentences/6199767
3703,The essence of all art is to have pleasure in giving pleasure.,Kiini cha sanaa yote ni kuwa na furaha katika kupendeza.,Tatoeba,https://tatoeba.org/en/sentences/6203016
3704,"God hath placed by the side of each a man’s own Guardian Spirit, who is charged to watch over him.","Mungu amemwekea kila binadamu kande yake, Roho Mlinzi, ambaye anamilnda.",Tatoeba,https://tatoeba.org/en/sentences/6203105
3705,"When you have shut the doors and made a darkness within, remember never to say that you are alone; for you are not alone, but God is within, and your Guardian Spirit.","Ikiwa umefunga milango na kuwe na giza ndani, kumbuka usiweme kamwe kwamba uko peke yako; kwa kuwa hauko peke yako, Mungu yuko ndani, na Roho Mlezi wako.",Tatoeba,https://tatoeba.org/en/sentences/6203106
3706,"The idea that life similar to our own could exist on other planets, I find fascinating.","Wazo kwamba maisha kama yetu yanaweza kuwepo kwenye sayari nyingine, naliona la kuvutia sana.",Tatoeba,https://tatoeba.org/en/sentences/6205958
3707,"If you see ten troubles coming down the road, you can be sure that nine will run into the ditch before they reach you.","Ikiwa unaona shida kumi zinakua kwako, unaweza kuwa na hakika shida tisa kabla hazijakufikia.",Tatoeba,https://tatoeba.org/en/sentences/6206765
3708,"Then the King recognized the love his Queen had for him, and brought her back to his palace, and they lived together there forever afterwards.","Ndipo Mfalme akatambua upendo aliokuwa nao Malkia kwake, na akamrudisha kwenye kasri lake, na waliishi pamoja hapo milele baadaye.",Tatoeba,https://tatoeba.org/en/sentences/6211515
3709,"The King's son, who was told that a great princess, whom nobody knew, had come, ran out to receive her.","Mwana wa Mfalme, ambaye aliambiwa kwamba biti wa mfalme, ambaye hakuna mtu aliyemjua, amekuja, akakimbia kumpokea.",Tatoeba,https://tatoeba.org/en/sentences/6211672
3710,"It is true her eyes were shut, but she was heard to breathe softly, which satisfied those about her that she was not dead.","Ni kweli macho yake yalikuwa yamefungwa, lakini alisikika akipumua kwa upole, ambayo iliridhisha watu kwamba alikuwa hajafa.",Tatoeba,https://tatoeba.org/en/sentences/6211738
3711,"The Prince told him that he lost his way in the forest as he was hunting, and that he had slept in the cottage of a charcoal-burner, who gave him cheese and brown bread.","Mwana wa mfalem alimweleza kwamba amepotea njia msituni wakati alikuwa akiwinda, na kwamba amelala ndani ya chumba cha choma mkaa, ambaye alimpa mkate wa jibini na wa kahawia.",Tatoeba,https://tatoeba.org/en/sentences/6211778
3712,"Thus did the suffering maiden speak and sigh, trying to understand what fire it was that she experienced, but unable even to tell its name.","Hivyo basi ndivyo mwanamwali huyo aliyekuwa akiteseka alizungumza na kushusha pumzi, akijaribu kuelewa moto alioupata, lakini asojua hata kutamka jina lake.",Tatoeba,https://tatoeba.org/en/sentences/6212416
3713,"After returning from war, many soldiers show signs of post-traumatic stress syndrome.","Baada ya kurudi kutoka vitani, wanajeshi wengi wanaonyesha dalili za ugonjwa wa mfadhaiko baada ya mshtuko.",Tatoeba,https://tatoeba.org/en/sentences/6218110
3714,The police were sneaking around the back to get the drop on the criminal.,Polisi walikuwa wakijificha wakipitia mlango wa nyuma ili kumnasa mhalifu.,Tatoeba,https://tatoeba.org/en/sentences/6219056
3715,Is anybody afraid?,"Je, kuna mtu yeyote anayeogopa?",Tatoeba,https://tatoeba.org/en/sentences/6220073
3716,Doing that isn't a bad idea.,Si wazo baya kufanya hivyo.,Tatoeba,https://tatoeba.org/en/sentences/6221105
3717,"It was a problem, but not one we weren't able solve.","Ilikuwa tatizo, lakini sio ambalo hatuwezi kutatua.",Tatoeba,https://tatoeba.org/en/sentences/6226161
3718,I wasn't surprised that I didn't have to do what you had to do.,Sikushangaa kuwa sikupaswa kufanya yale uliyofanya.,Tatoeba,https://tatoeba.org/en/sentences/6228182
3719,The man sitting on the park bench didn't seem to be awake.,Yule mtu aliyeketi kwenye kiti pale uwanjani alionekana kana kwamba amelala.,Tatoeba,https://tatoeba.org/en/sentences/6229023
3720,I finished writing the article and sent it to the editor.,Nilimaliza kuandika nakala hiyo na kuipeleka kwa mhariri.,Tatoeba,https://tatoeba.org/en/sentences/6229463
3721,"You want to be finished doing that by 2:30, don't you?","Ungetaka kumaliza kufanya kufikia 2:30, ama aje?",Tatoeba,https://tatoeba.org/en/sentences/6230367
3722,You're the only person I know who can't speak French.,Wewe ndiye mtu pekee ninayejua ambaye hawezi kusema Kifaransa.,Tatoeba,https://tatoeba.org/en/sentences/6230789
3723,Do you really think it would be expensive to do that?,"Je, unafikiri itakuwa gharama kuwa kufanya hivyo?",Tatoeba,https://tatoeba.org/en/sentences/6231250
3724,I didn't have time to do everything had to be done.,Sikuwa na wakati wa kufanya kila kitu kilipaswa kufanywa.,Tatoeba,https://tatoeba.org/en/sentences/6232466
3725,I didn't know what made my leg swell up like that.,Sikujua ni nini kilifanya mguu wangu uvimbe namna hiyo.,Tatoeba,https://tatoeba.org/en/sentences/6233247
3726,"I should do that now, but I don't have the time.","Nafaa kufanya hilo sasa, lakini sina muda.",Tatoeba,https://tatoeba.org/en/sentences/6234628
3727,I didn't wear a suit to my graduation ceremony.,Sikuvalia suti kwa sherehe yangu ya kuhitimu.,Tatoeba,https://tatoeba.org/en/sentences/6235487
3728,We're too smart to do something that stupid.,Tuna akili mzuri hatuwezi kutenda kipumbavu.,Tatoeba,https://tatoeba.org/en/sentences/6237888
3729,I didn't want to stay in Boston any longer.,Sikutaka kukaa zaidi Boston.,Tatoeba,https://tatoeba.org/en/sentences/6239540
3730,I turned out the light and left the room.,Nilizima stima na kuondoka chumbani.,Tatoeba,https://tatoeba.org/en/sentences/6241819
3731,"I had a headache, so I couldn't do that.","Nilikuwa na maumivu ya kichwa, kwa hivyo sikuweza kufanya hivyo.",Tatoeba,https://tatoeba.org/en/sentences/6243377
3732,I found that in the back of the closet.,Nilikipata nyumba ya sehemu funge.,Tatoeba,https://tatoeba.org/en/sentences/6244845
3733,"You wouldn't do that again, would you?","Usingefanya hivyo tena, sivyo?",Tatoeba,https://tatoeba.org/en/sentences/6245587
3734,Can you tell me what needs to be done?,Niambie ni nini kinachofaa kufanywa?,Tatoeba,https://tatoeba.org/en/sentences/6247250
3735,It didn't look like you were shocked.,Hukuonekana kama ulikuwa umeshtuka.,Tatoeba,https://tatoeba.org/en/sentences/6247913
3736,I don't think you'd enjoy doing that.,Sidhani utafurahia kufanya jambo hilo.,Tatoeba,https://tatoeba.org/en/sentences/6248396
3737,"You'll do that tomorrow, won't you?","Utafanya hivyo kesho, sivyo?",Tatoeba,https://tatoeba.org/en/sentences/6250658
3738,It won't be easy to find a job now.,Haitakuwa rahisi kupata kazi sasa.,Tatoeba,https://tatoeba.org/en/sentences/6251162
3739,I want to see what's in the drawer.,Nataka kuona kilichomo ndani ya kabati.,Tatoeba,https://tatoeba.org/en/sentences/6251414
3740,We still can't afford to do that.,Hatuwezi kumudu kufanya hivyo bado.,Tatoeba,https://tatoeba.org/en/sentences/6254529
3741,I never said that I wanted to go.,Sijawahi kusema kuwa ninataka kwenda.,Tatoeba,https://tatoeba.org/en/sentences/6255258
3742,I don't want to work as a waiter.,Sitaki kufanya kazi kama mhudumu.,Tatoeba,https://tatoeba.org/en/sentences/6255434
3743,This is a book I'd like to read.,Hiki kitabu ningependa kusoma.,Tatoeba,https://tatoeba.org/en/sentences/6256442
3744,I'd never try to do that alone.,Sikuwahi kufanya hivyo kivyangu.,Tatoeba,https://tatoeba.org/en/sentences/6258575
3745,I don't want to stand in line.,Sitaki kusimama kwa laini.,Tatoeba,https://tatoeba.org/en/sentences/6261032
3746,I hadn't intended to do that.,Sikuwa na nia ya kufanya hayo.,Tatoeba,https://tatoeba.org/en/sentences/6262912
3747,I don't plan to visit Boston.,Sipangi kutemebelea Boston.,Tatoeba,https://tatoeba.org/en/sentences/6263030
3748,You're a really cool guy.,Wewe ni mtu mzuri.,Tatoeba,https://tatoeba.org/en/sentences/6268580
3749,I take a walk every day.,Mimi hutembea kila siku.,Tatoeba,https://tatoeba.org/en/sentences/6270524
3750,They didn't have roses.,Hawakuwa na maua ya waridi.,Tatoeba,https://tatoeba.org/en/sentences/6271269
3751,I plan to be a doctor.,Ninapanga kuwa daktari.,Tatoeba,https://tatoeba.org/en/sentences/6272655
3752,When do you think he'll stop?,Unadhani ataacha lini?,Tatoeba,https://tatoeba.org/en/sentences/6275302
3753,Might as well start guessing.,Naweza kuanza kubashiri.,Tatoeba,https://tatoeba.org/en/sentences/6275349
3754,I thought she was out of her mind.,Nilidhani alikuwa nje ya mawazo yake.,Tatoeba,https://tatoeba.org/en/sentences/6284878
3755,We now in the United States have more security guards for the rich than we have police services for the poor.,Kwa saa kuna walinzi wengi wa usalama kwa matajiri kuliko huduma za polisi kwa masikini Amerika.,Tatoeba,https://tatoeba.org/en/sentences/6287096
3756,"That’s how America has traveled this far. That’s how, if we keep at it, we will ultimately reach that more perfect union.","Hivyo ndivyo Marekani ilivyo safiri hadi sasa. Hivyo ndivyo, tukiendelea namna hiyo, hatimaye tutafikia muungano kamilifu.",Tatoeba,https://tatoeba.org/en/sentences/6292039
3757,Some cruise ships throw their trash directly into the sea.,Meli zingine za kusafiri zinatupa takataka zao baharini moja kwa moja.,Tatoeba,https://tatoeba.org/en/sentences/6292120
3758,"Holmes was certainly not a difficult man to live with. He was quiet in his ways, and his habits were regular.","Hakika Holmes hakuwa mtu mgumu kuishi naye. Alikuwa kimya katika njia zake, na tabia yake ilikuwa ya kawaida.",Tatoeba,https://tatoeba.org/en/sentences/6301670
3759,"Before we began, we explained the rules of the game and dealt out the cards.","Kabla ya kuanza, tunaeleza sheria za mchezo na kugawa karata.",Tatoeba,https://tatoeba.org/en/sentences/6305836
3760,He struck a match on his boot and held it up against the wall.,Alipiga mechi kwenye buti yake na akaisimamisha ukutani.,Tatoeba,https://tatoeba.org/en/sentences/6305996
3761,I felt more than ever that these people knew something of the matter.,Nilihisi kabisa kuwa watu hawa walijua kitu kuhusu suala hilo.,Tatoeba,https://tatoeba.org/en/sentences/6310033
3762,"As to the candle, and the blood, and the writing on the wall, and the ring, they may all be so many tricks to throw the police on to the wrong scent.","Kuhusu mshumaa, na damu, na maandishi ukutani, na pete, zote zinaweza kuwa hila nyingi kuwaelekeza polisi kwa sehemu mbaya.",Tatoeba,https://tatoeba.org/en/sentences/6310081
3763,"The man's novel, with which he had read himself to sleep, was lying upon the bed, and his pipe was on a chair beside him.","Riwaya ya mtu huyo, ambayo alikuwa amejisomea ili alale, ilikuwa imewekwa juu ya kitanda, na paipu yake ilikuwa kitini karibu naye.",Tatoeba,https://tatoeba.org/en/sentences/6310143
3764,The first man to compare the cheeks of a young woman to a rose was obviously a poet; the first to repeat it was possibly an idiot.,Mwanaume wa kwanza kulinganisha mashavu ya mwanamke mchanga na waridi ni wazi alikuwa mshairi; wa kwanza kurudia labda ailikuwa mpumbavu.,Tatoeba,https://tatoeba.org/en/sentences/6315716
3765,Maria is now five years old. Her entire life since her birth until today is on Facebook.,Maria ana miaka mitano sasa. Maisha yake yote tangu kuzaliwa hadi leo yako Facebook.,Tatoeba,https://tatoeba.org/en/sentences/6319354
3766,Asking our people to vote in a peaceful way is not a crime.,Kuwaomba watu wetu kupiga kura kwa njia ya amani sio hatia.,Tatoeba,https://tatoeba.org/en/sentences/6327746
3767,A powerful flame is caused by a tiny spark.,Moto mkali unasababishwa na cheche ndogo.,Tatoeba,https://tatoeba.org/en/sentences/6328605
3768,This bag cost six quid.,Mfuko huu unagharimu quid sita.,Tatoeba,https://tatoeba.org/en/sentences/6329858
3769,"Starting in the early 1900s, circus shows were very successful in the United States.","Kuanzia mapema miaka ya 1900, maonyesho ya circus yalifanikiwa sana huko Amerika.",Tatoeba,https://tatoeba.org/en/sentences/6331921
3770,I saw the window roll down.,Niliona dirisha likishuka.,Tatoeba,https://tatoeba.org/en/sentences/6332171
3771,I wonder whether I can do that.,Nashangaa ikiwa naweza kufanya hivyo.,Tatoeba,https://tatoeba.org/en/sentences/6337333
3772,I can hear somebody singing.,Namsikia mtu akiimba.,Tatoeba,https://tatoeba.org/en/sentences/6337778
3773,"""Did you go to Boston?"" ""No I didn't."" ""How about Chicago?"" ""No, I didn't go to Chicago either.""","""Je, ulienda Boston?"" ""La, sikuenda"" ""Na Chicago, je?"" ""La, sikuenda pia Chicago.""",Tatoeba,https://tatoeba.org/en/sentences/6338794
3774,I used that yellow piece of cloth you gave me to make curtains for my bedroom.,Nilitumia kitambaa hicho cha manjano ulichonipa kutengeneza mapazia ya chumba changu cha kulala.,Tatoeba,https://tatoeba.org/en/sentences/6338836
3775,Why didn't you tell me you weren't going to do that?,Mbona hukuniambia hukuwa unaenda kuitekeleza?,Tatoeba,https://tatoeba.org/en/sentences/6339739
3776,I wasn't very good at dancing when I was a teenager.,Nilipokuwa kijana sikuwa bora katika usakataji wa densi.,Tatoeba,https://tatoeba.org/en/sentences/6339814
3777,How long did it take you to walk to the station?,Ulichukua muda upi kutembea hadi kwenye kituo?,Tatoeba,https://tatoeba.org/en/sentences/6340694
3778,Are you still planning on buying a new computer?,Bado unamipango ya kununua kompyuta mpya?,Tatoeba,https://tatoeba.org/en/sentences/6340715
3779,I decided to study French instead of English.,Niliamua kusomea Kifaransa badala ya Kiingereza.,Tatoeba,https://tatoeba.org/en/sentences/6341543
3780,All of my children go to school in Boston.,Watoto wangu wote wanakwenda shule huko Boston.,Tatoeba,https://tatoeba.org/en/sentences/6342889
3781,I don't think we can do that by Monday.,Sidhani kwamba tutafanya kufikia Jumatatu.,Tatoeba,https://tatoeba.org/en/sentences/6344452
3782,Did you ever figure out how to do that?,Je! Umewahi kugundua jinsi ya kufanya hivyo?,Tatoeba,https://tatoeba.org/en/sentences/6344575
3783,Why does that matter so much to you?,"Je, hilo linakujalisha sana kwa nini?",Tatoeba,https://tatoeba.org/en/sentences/6346055
3784,I'd have waited a little bit longer.,Ningengoja zaidi.,Tatoeba,https://tatoeba.org/en/sentences/6346343
3785,"You're still a dentist, aren't you?","Wewe bado ni daktari wa meno, sivyo?",Tatoeba,https://tatoeba.org/en/sentences/6346744
3786,I knew you wouldn't like the party.,Nilijua hataipenda karamu.,Tatoeba,https://tatoeba.org/en/sentences/6347251
3787,Who do you usually play golf with?,"Je, wewe huwa unacheza gofu na nani?",Tatoeba,https://tatoeba.org/en/sentences/6347620
3788,What you're cooking smells good.,Kile unachokipika kinanukia vizuri.,Tatoeba,https://tatoeba.org/en/sentences/6349234
3789,Who went with you yesterday?,Nani alienda nawe jana?,Tatoeba,https://tatoeba.org/en/sentences/6352773
3790,Did you do that yourself?,Ulijifanyia hivyo?,Tatoeba,https://tatoeba.org/en/sentences/6355454
3791,My mother is sick.,Mama wangu ana homa.,Tatoeba,https://tatoeba.org/en/sentences/6357962
3792,"""How much money have you?"" ""Two thousand dollars in gold, and five in notes.""","""Una pesa ngapi?"" ""Dola elfu mbili kwa dhahabu, na tano kwa noti.""",Tatoeba,https://tatoeba.org/en/sentences/6359744
3793,It was only too clear that some sudden and terrible disaster had occurred during his absence.,Ilikuwa wazi tu kwamba janga fulani ghafla na mbaya lilitokea alipokosekana.,Tatoeba,https://tatoeba.org/en/sentences/6359779
3794,Should the United Kingdom remain a member of the European Union or leave the European Union?,"Je, Uingereza inapaswa kubaki mwanachama wa Jumuiya ya Ulaya au kujiondoa kwa Jumuiya ya Ulaya?",Tatoeba,https://tatoeba.org/en/sentences/6360041
3795,"The flag of Brazil has four colors: green, yellow, blue and white.","Bendera ya Brazil ina rangi nne: kijani, manjano, bluu na nyeupe.",Tatoeba,https://tatoeba.org/en/sentences/6360717
3796,"It's awesome, we're gonna have a baby.","Ni furahisa sana, tunatarajia kupata mtoto.",Tatoeba,https://tatoeba.org/en/sentences/6361435
3797,I saw a beautiful house.,Niliona nyumba nzuri.,Tatoeba,https://tatoeba.org/en/sentences/6362528
3798,Don't erase the board.,Usifute ubao.,Tatoeba,https://tatoeba.org/en/sentences/6365634
3799,Anxiety is the most common mental health disorder in the United States.,Wasiwasi ni tatizo la kawaida la afya ya akili huko Amerika.,Tatoeba,https://tatoeba.org/en/sentences/6377513
3800,"How dare you talk to me in that tone of voice, young lady?","Unawezaje kuthubutu kuongea nami kwa toni hiyo ya sauti, mwanamke mdogo?",Tatoeba,https://tatoeba.org/en/sentences/6378909
3801,Return to Caesar what belongs to Caesar and to God that which belongs to God.,Mpe Kaisari kilicho cha Kaisari na cha Mungu kilicho cha Mungu.,Tatoeba,https://tatoeba.org/en/sentences/6379294
3802,Mary wore a gold bracelet.,Mary alivaa bangili ya dhahabu.,Tatoeba,https://tatoeba.org/en/sentences/6379541
3803,You've got yourself into this mess.,Tulijiingiza katika tatizo hili.,Tatoeba,https://tatoeba.org/en/sentences/6382865
3804,Let her worry about it.,Mwache asumbukie.,Tatoeba,https://tatoeba.org/en/sentences/6383504
3805,You're reading a book without a school assignment? Hallelujah!,Unasoma kitabu bila kazi ya ziada ya shule? Halleluiah!,Tatoeba,https://tatoeba.org/en/sentences/6384135
3806,The crane carefully lifted each piece of the roof into place.,Kreni iliinua kwa uangalifu kila kipande cha paa mahali panapofaa.,Tatoeba,https://tatoeba.org/en/sentences/6384583
3807,"""I know that you have a long history dating whores."" ""They're not whores. Let me explain.""","""Ninajua kuwa una historia ndefu ya kuwa na mahusiano na malaya."" ""Wao si malaya. Wacha nieleze.""",Tatoeba,https://tatoeba.org/en/sentences/6385697
3808,A compliment is worth a kiss.,Pongezi inastahili busu.,Tatoeba,https://tatoeba.org/en/sentences/6397796
3809,Today's not even very hot.,Leo sio joto sana.,Tatoeba,https://tatoeba.org/en/sentences/6403785
3810,"Destiny decides who will step into your life, but you decide who stays.","Hatima itaamua ni nani atakayeingia kwenye maisha yako, lakini wewe mwenyewe unaamua ni nani atakayesalia.",Tatoeba,https://tatoeba.org/en/sentences/6405200
3811,Are you taking the mickey?,"Je, unachukua mickey?",Tatoeba,https://tatoeba.org/en/sentences/6405545
3812,Mary often talks to herself when she's alone.,Mary hujizungumzia mara nyingi anapokuwa pekee yake.,Tatoeba,https://tatoeba.org/en/sentences/6416331
3813,I'm convinced Mary can take care of herself.,Ni uhakika kuwa Mary anaweza kujitunza.,Tatoeba,https://tatoeba.org/en/sentences/6417327
3814,"Mary is pretty old, isn't she?","Mary ni mkubwa kiasi, sivyo?",Tatoeba,https://tatoeba.org/en/sentences/6427282
3815,It's only going to take a second.,Itachukua tu sekunde.,Tatoeba,https://tatoeba.org/en/sentences/6437501
3816,It was quite disgusting.,Ilichafua roho.,Tatoeba,https://tatoeba.org/en/sentences/6440093
3817,"If you want to do that, you will have to cross swords with me.","Ikiwa unataka kufanya hivyo, italazimika upambane na mimi kwa upanga.",Tatoeba,https://tatoeba.org/en/sentences/6442344
3818,My parents love you.,Wazazi wangu wanakupenda.,Tatoeba,https://tatoeba.org/en/sentences/6443322
3819,He called the judge'Your Majesty'.,Alimuita jaji'Mtukufu'.,Tatoeba,https://tatoeba.org/en/sentences/6474264
3820,Do you miss your wife?,Unamkosa mkeo?,Tatoeba,https://tatoeba.org/en/sentences/6479084
3821,You should seriously consider a career as a tattoo cover-up artist.,Unapaswa kufikiria sana kazi kama msanii wa kufunika-tattoo.,Tatoeba,https://tatoeba.org/en/sentences/6479118
3822,"The local gangster used to drive through the city, stopping occasionally to chat with the children.","Jambazi mwenyeji alikuwa akiendesha gari katikati ya jiji, akisimama mara kwa mara kuzungumza na watoto.",Tatoeba,https://tatoeba.org/en/sentences/6479121
3823,Thomas signed up to a dating site.,Thomas alijisajili kwenye tovuti yako uchumba.,Tatoeba,https://tatoeba.org/en/sentences/6480320
3824,He'll show up soon.,Atajitokeza hivi karibuni.,Tatoeba,https://tatoeba.org/en/sentences/6483971
3825,I have decided to stick with love. Hate is too great a burden to bear.,Nimeamua kushikamana na upendo. Chuki ni mzigo mzito sana kubeba.,Tatoeba,https://tatoeba.org/en/sentences/6484097
3826,"Judging by the photograph, this was an adult male.","Kwa kuangalia picha, huyu alikuwa mwanaume mtu mzima.",Tatoeba,https://tatoeba.org/en/sentences/6484262
3827,I haven't told anybody else yet.,Sijamwambia yeyote bado.,Tatoeba,https://tatoeba.org/en/sentences/6524678
3828,"I asked several people for directions, but none of them were able to help me.","Niliuliza watu kadhaa kwa maelekezo, lakini hakuna aliyeweza kusaidia.",Tatoeba,https://tatoeba.org/en/sentences/6525849
3829,I hope to pass all my exams.,Ninatumai kupita mitihani yangu yote.,Tatoeba,https://tatoeba.org/en/sentences/6531312
3830,The smell of coffee woke me up.,Harufu ya kahawa iliniamsha.,Tatoeba,https://tatoeba.org/en/sentences/6535156
3831,"Today, you didn't wear your contacts and instead had on glasses. For a moment, I couldn't tell who you were!","Leo, hakuvaa macho ya bandia na badala yake ulikuwa na miwani. Kwa muda mfupi, sikuweza kutambua wewe ni nani!",Tatoeba,https://tatoeba.org/en/sentences/6538600
3832,The wood's got to be handled carefully.,Mbao inapaswa kushughulikiwa kwa uangalifu..,Tatoeba,https://tatoeba.org/en/sentences/6540979
3833,Life is not static.,Maisha yanabadilika.,Tatoeba,https://tatoeba.org/en/sentences/6543026
3834,When did you buy that phone?,"Je, ulinunua hiyo simu lini?",Tatoeba,https://tatoeba.org/en/sentences/6544473
3835,Envy and jealousy are the private parts of the human soul.,Husuda na wivu ni sehemu binafsi za roho ya binadamu.,Tatoeba,https://tatoeba.org/en/sentences/6547929
3836,This seal can balance a ball on his nose.,Muhuri huu unaweza kuweka mpira kwenye pua yake.,Tatoeba,https://tatoeba.org/en/sentences/6558364
3837,See you tomorrow night.,Tuonane kesho usiku.,Tatoeba,https://tatoeba.org/en/sentences/6559284
3838,Maybe you should put that trophy in the living room.,Pengine ni vizuri uweke kikombe hicho cha ushindi sebuleni.,Tatoeba,https://tatoeba.org/en/sentences/6559394
3839,We didn't see any children at all.,Hatukuona watoto wo wote.,Tatoeba,https://tatoeba.org/en/sentences/6563609
3840,We didn't see a single game.,Hatukuona michezo yo yote.,Tatoeba,https://tatoeba.org/en/sentences/6563611
3841,A huge number of people spend a lot of time enjoying animal photos and videos.,Idadi kubwa ya watu hutumia wakati mwingi kufurahia picha na video za wanyama.,Tatoeba,https://tatoeba.org/en/sentences/6563626
3842,Straighten your legs.,Nyoosha miguu yako.,Tatoeba,https://tatoeba.org/en/sentences/6570823
3843,"Whew, that was close.","Whew, nimenusurika tu kwa uchache.",Tatoeba,https://tatoeba.org/en/sentences/6575381
3844,"Alright, OK.","Sawa, sawa.",Tatoeba,https://tatoeba.org/en/sentences/6577528
3845,The path winds along the road.,Njia za upepo kando ya barabara.,Tatoeba,https://tatoeba.org/en/sentences/6579437
3846,It is at the foot of the wall that we know the mason.,Ni chini ya ukuta tunapomjua mwuashi.,Tatoeba,https://tatoeba.org/en/sentences/6581048
3847,Oh! This is so cute!,Oh! Hii inapendeza sana!,Tatoeba,https://tatoeba.org/en/sentences/6581102
3848,"Pierre still believes in Santa Claus. On the other hand, his son does not believe anymore.","Pierre bado anamwamini Santa Claus. Kwa upande mwingine, mtoto wake haamini tena.",Tatoeba,https://tatoeba.org/en/sentences/6582560
3849,This floor wax also makes a good dip.,Nta hii ni nzuri.,Tatoeba,https://tatoeba.org/en/sentences/6582647
3850,Self-reference this!,Jirejelee haya!,Tatoeba,https://tatoeba.org/en/sentences/6582754
3851,Just put an'R' at the end of it. And now you have a new website!,Weka tu'R' mwisho wake. Na sasa unayo tovuti mpya!,Tatoeba,https://tatoeba.org/en/sentences/6583406
3852,I seem to store fat just by being exposed to a light breeze.,Ninaonekana kuhifadhi mafuta tu kwa kupata na hewa nyepesi.,Tatoeba,https://tatoeba.org/en/sentences/6583429
3853,Shirts are required for entrance to this store.,Masahati yanahitajika mlangoni mwa duka hili.,Tatoeba,https://tatoeba.org/en/sentences/6584665
3854,"She lives in LA, but she's anti-LA.","Anaishi LA, lakini anapachukia LA.",Tatoeba,https://tatoeba.org/en/sentences/6586967
3855,Humans are highly aggressive animals.,Wanadamu ni wanyama machachari.,Tatoeba,https://tatoeba.org/en/sentences/6587633
3856,Are you reporting a crime?,"Je, unaripoti uhalifu?",Tatoeba,https://tatoeba.org/en/sentences/6588645
3857,"I know a lot of local gossip, but I will only part with it for a fee.","Najua umbeya mwingi wa mashinani, lanini nitafichua tu nikilipwa hela kidogo.",Tatoeba,https://tatoeba.org/en/sentences/6589297
3858,I'll perform a full scan of the system.,Nitafanya ukaguzi kamili wa mfumo.,Tatoeba,https://tatoeba.org/en/sentences/6589757
3859,"After eating the bean salad, he had a six and seven-eighths pack.","Baada ya kula saladi ya maharagwe, alikuwa na kifurushi sita, saba na nane.",Tatoeba,https://tatoeba.org/en/sentences/6597302
3860,"I gave you my heart for you to love it, not for you to use it.","Nilikupa moyo wangu kuupenda, siyo kwako kuutumia.",Tatoeba,https://tatoeba.org/en/sentences/6601146
3861,Eating nuts will help you live five years longer.,Kula njugu kutakusaidia kuishi miaka mitano zaidi.,Tatoeba,https://tatoeba.org/en/sentences/6601787
3862,"This car seat has a sort of ""fart memory.""","Kiti hiki cha gari kina aina ya ""kumbukumbu la ushuzi.""",Tatoeba,https://tatoeba.org/en/sentences/6602123
3863,"We tied strings to all of my brother's plastic models in his room and when he turned the lights off to go to sleep, we pulled the strings.","Tuliifunga kamba kwa mifano yote ya plastiki ya kaka yangu kwenye chumba chake na wakati alipozima taa kwenda kulala, tukachora kamba.",Tatoeba,https://tatoeba.org/en/sentences/6606918
3864,I grew up in New Jersey.,Nilikulia New Jersey.,Tatoeba,https://tatoeba.org/en/sentences/6606938
3865,This flower is violet in color.,Ua hili lina rangi ya urujuani.,Tatoeba,https://tatoeba.org/en/sentences/6608232
3866,He is planning on inviting a lot of guests to the closing ceremony.,Ana mpango wa kuwakaribisha wageni wengi kwenye sherehe ya kufunga.,Tatoeba,https://tatoeba.org/en/sentences/6608920
3867,He ordered beans and they tasted delicious after all the physical exercise.,Aliagiza maharagwe na zilionja ladha nzuri baada ya mazoezi yote ya mwili.,Tatoeba,https://tatoeba.org/en/sentences/6610286
3868,You'll have to pee on the door handle to open it. It's frozen shut.,Itabidi ukojoe juu ya mkono wa mlango ili kuufungua. Imefungwa kugandizwa.,Tatoeba,https://tatoeba.org/en/sentences/6616456
3869,"They have always been together, and according to his account he has been a very lonely man with only her as a companion, so that the thought of losing her was really terrible to him.","Wamekuwa pamoja kila wakati, na kulingana na kauli yake amekuwa mpweke sana bila yeye, ili wazo la kumpoteza lilikuwa mbaya sana kwake.",Tatoeba,https://tatoeba.org/en/sentences/6618615
3870,The London express came roaring into the station.,London express ilikuja ikinguruma katika kituo hicho.,Tatoeba,https://tatoeba.org/en/sentences/6620762
3871,"It is my belief that she died of pure fear and nervous shock, though what it was that frightened her I cannot imagine.","Ni imani yangu kuwa alikufa kwa woga na mshtuko, ingawa kilichomwogopesha sana siwezi kufikiria.",Tatoeba,https://tatoeba.org/en/sentences/6620962
3872,This board game was designed so that every game is fairly close until the last turn.,Mchezo huu wa bodi ulibuniwa ili kila mchezo uwe karibu hadi zamu ya mwisho.,Tatoeba,https://tatoeba.org/en/sentences/6622113
3873,"But, oh, Ned, our friendship has been so good and so pleasant! What a pity to spoil it!","Lakini, dah, urafiki wetu ulikuwa mzuri na wa kuvutia. Nauonea huruma kuuharibu!",Tatoeba,https://tatoeba.org/en/sentences/6622217
3874,It is the mark of the kind of man I mean that he makes his own chances.,Ni ishara ya aina ya mwanaume ninaye maanisha kwamba anajiundia nafasi zake.,Tatoeba,https://tatoeba.org/en/sentences/6622230
3875,"You have everything a man could have—youth, health, strength, education, energy.","Una kila kitu ambacho mwanaume anafaa kuwa nacho-ujana, afya, nguvu, elimu, nguvu.",Tatoeba,https://tatoeba.org/en/sentences/6622258
3876,A lion was sent to kill Hercules.,Simba alitumwa kuua Hercules.,Tatoeba,https://tatoeba.org/en/sentences/6622796
3877,Knowledge is the foundation and source of good writing.,Maarifa ndiyo msingi na chanzo cha uandishi mzuri.,Tatoeba,https://tatoeba.org/en/sentences/6622816
3878,"""It's not a secret,"" she cried. ""Do you suppose that the whole street—the whole of London, for that matter—— Get away, Austin, we don't want you here. Do you suppose they don't all talk about you?""","""Sio siri,"" alilia. ""Je, unafikiria kuwa barabara yote - London nzima, kwa jambo hilo —— Ondoka, Austin, hatukutaki hapa. Je, unafikiria kuwa wote hawazungumzi kukuhusu? """,Tatoeba,https://tatoeba.org/en/sentences/6627487
3879,"OK, hop to it.","Sawa, tumainia hilo.",Tatoeba,https://tatoeba.org/en/sentences/6629702
3880,He's a fantastic uncle with his nephew.,Yeye ni mjomba mzuri kwa mjukuu wake.,Tatoeba,https://tatoeba.org/en/sentences/6629722
3881,"But small is the gate and narrow the road that leads to life, and only a few find it.","Lakini lango ni ndogo na nyembamba njia inayoongoza kwenye uzima, na wachache huipata.",Tatoeba,https://tatoeba.org/en/sentences/6634549
3882,For every action there is always an equal and opposite reaction.,Kwa kila kitendo kila wakati kuna athari sawa na kinyume.,Tatoeba,https://tatoeba.org/en/sentences/6637599
3883,Why don't you eat pork?,"Je, kwa nini huli nguruwe?",Tatoeba,https://tatoeba.org/en/sentences/6645895
3884,We stopped over in Boston for three nights on the way to Chicago.,Tulisimama huko Boston kwa usiku tatu njiani tukielekea Chicago.,Tatoeba,https://tatoeba.org/en/sentences/6655533
3885,I'll give you half of this sandwich if you want it.,Nitakupatia nusu ya sandwichi hii ikiwa unataka.,Tatoeba,https://tatoeba.org/en/sentences/6656529
3886,I won't be able to finish doing this in a week.,Sitaweza kumaliza kazi hii kwa wiki moja.,Tatoeba,https://tatoeba.org/en/sentences/6657241
3887,I don't have any interest in art whatsoever.,Sina nia yoyote na usanii.,Tatoeba,https://tatoeba.org/en/sentences/6658273
3888,I have a degree in electrical engineering.,Nina shahada katika uhandisi wa umeme.,Tatoeba,https://tatoeba.org/en/sentences/6658897
3889,I won't tolerate that type of behavior.,Sitastahimili tabia kama hiyo.,Tatoeba,https://tatoeba.org/en/sentences/6660020
3890,I had a lot of things to do yesterday.,Jana nilikuwa na mambo mengi ya kufanya.,Tatoeba,https://tatoeba.org/en/sentences/6660513
3891,I felt really bad about what I'd done.,Nilihisi vibaya sana kuhusiana na nilichofanya.,Tatoeba,https://tatoeba.org/en/sentences/6660552
3892,I don't do that anywhere but here.,Sifanyi hivyo mahali popote lakini hapa.,Tatoeba,https://tatoeba.org/en/sentences/6662940
3893,It looks like I'll be late again.,Inaonekana nitachelewa tena.,Tatoeba,https://tatoeba.org/en/sentences/6663100
3894,I'm going to be here all morning.,Nitakuwepo hapa asubuhi yote.,Tatoeba,https://tatoeba.org/en/sentences/6663178
3895,I'm not really going to do that.,Sitafanya hivyo.,Tatoeba,https://tatoeba.org/en/sentences/6663642
3896,I'm going to be busy until 2:30.,Nitafanya kazi hadi 8:30 mchana.,Tatoeba,https://tatoeba.org/en/sentences/6663666
3897,I haven't seen the results yet.,Bado sijaona matokeo.,Tatoeba,https://tatoeba.org/en/sentences/6664342
3898,Tom came late.,Tom alichelewa kuja.,Tatoeba,https://tatoeba.org/en/sentences/6665048
3899,I'm afraid to try doing that.,Naogopa kujaribu kufanya hivyo.,Tatoeba,https://tatoeba.org/en/sentences/6665211
3900,I almost never walk anywhere.,Karibu sijawahi kutembea mahali popote.,Tatoeba,https://tatoeba.org/en/sentences/6665385
3901,I praise the industry of priests.,Ninasifu tasnia ya makuhani.,Tatoeba,https://tatoeba.org/en/sentences/6670756
3902,The games are fixed by the league.,Michezo imewekwa na ligi.,Tatoeba,https://tatoeba.org/en/sentences/6672874
3903,The Atlantic Ocean is only slightly larger than half the size of the Pacific Ocean.,Bahari ya Atlantikini kubwa kidogo tu kuliko nusu ya Bahari ya Pasifiki.,Tatoeba,https://tatoeba.org/en/sentences/6679630
3904,He began to kiss her gently.,Alianza kumbusu kwa upole.,Tatoeba,https://tatoeba.org/en/sentences/6684632
3905,"Could you wake me tomorrow morning at a quarter to seven, please?","Unaweza kuniamsha kesho asubuhi saa moja kasoboro, tafadhali?",Tatoeba,https://tatoeba.org/en/sentences/6684852
3906,A couple accidentally discovered a treasure of 1400 gold coins in California.,Wanandoa kwa bahati mbaya waligundua hazina ya sarafu 1400 za dhahabu huko California.,Tatoeba,https://tatoeba.org/en/sentences/6693787
3907,The building was completed nine months after breaking ground.,Jengo hilo lilikamilishwa miezi tisa baada ya kuanzishwa.,Tatoeba,https://tatoeba.org/en/sentences/6695322
3908,"For dessert, Marie had made her chocolate cake and a fruit salad.","Kwa vyakula vya ziada, Marie alikuwa ametengeneza keki yake ya chokoleti na saladi ya matunda.",Tatoeba,https://tatoeba.org/en/sentences/6698259
3909,This afternoon there was a double homicide committed less than two miles away from here.,Mchana huu kulikuwa na mauaji mawili ya watu yaliyofanyika maili mbili kutoka hapa.,Tatoeba,https://tatoeba.org/en/sentences/6698466
3910,There's a good chance that our prices will be going up next month.,Kuna uwezako mkubwa sana kwamba bei zetu zitapanda mwezi ujao.,Tatoeba,https://tatoeba.org/en/sentences/6699117
3911,"Does anybody know who the tall, blond girl dressed in green is?","Kuna mtu yeyote anayejua yule msichana mrefu, aliye na nywele rangi ya dhahabu na aliyevaa nguo za kijani?",Tatoeba,https://tatoeba.org/en/sentences/6703690
3912,Donald was the name of my English teacher.,Donald lilikuwa jina la mwalimu wangu wa Kiingereza.,Tatoeba,https://tatoeba.org/en/sentences/6707200
3913,This is a shitty bar.,Hii ni bar mbaya.,Tatoeba,https://tatoeba.org/en/sentences/6713159
3914,Is this the first time you've tried doing this?,Huu ni wako wa kwanza kwako kujaribu kufanya hili?,Tatoeba,https://tatoeba.org/en/sentences/6713400
3915,Can you please replace all the liquor bottles that you've filled with water or tea?,Tafadhali unaweza kubadilisha chupa zote za pombe ambazo umejaza maji au chai?,Tatoeba,https://tatoeba.org/en/sentences/6713429
3916,Where on earth are you going?,Unaelekea wapi?,Tatoeba,https://tatoeba.org/en/sentences/6713468
3917,"I know I could've done that, but I didn't.","Najua ningefanya hivyo, lakini sikufanya.",Tatoeba,https://tatoeba.org/en/sentences/6728823
3918,Eating a huge plate of pancakes is probably more dangerous than smoking.,Kula sahani kubwa ya chapati maji pengine ni hatari zaidi ya kuvuta sigara.,Tatoeba,https://tatoeba.org/en/sentences/6731891
3919,It was time to go back.,Ilikiwa muda wa kurudi tena.,Tatoeba,https://tatoeba.org/en/sentences/6732680
3920,Access to books is a critical part of learning to read.,Uafikiaji wa vitabu ni sehemu muhimu ya kujifunza kusoma.,Tatoeba,https://tatoeba.org/en/sentences/6733924
3921,There are cameras inside the building.,Kuna kamera ndani ya jengo.,Tatoeba,https://tatoeba.org/en/sentences/6759907
3922,I'm not interested at all.,Sina nia hata kidogo.,Tatoeba,https://tatoeba.org/en/sentences/6765587
3923,I wonder why we didn't have any customers today.,Nashangaa kwanini hatuna wateja wowote leo.,Tatoeba,https://tatoeba.org/en/sentences/6767368
3924,Hush! He's sleeping.,Nyamaza! Amelala.,Tatoeba,https://tatoeba.org/en/sentences/6772254
3925,"In my heart, I know that the entire force of the French military is ready to protect me even though I'm eating eggs in a cafe in California.",Moyoni mwangu najua kuwa jeshi nzima la Ufaransa liko tayari kunilinda hata kama nikula mayai katika mkahawa Califonia.,Tatoeba,https://tatoeba.org/en/sentences/6777814
3926,"So huge, so hard the task to found the Roman state.",Ilikiuwa kazi kubwa sana na ngumu kuanzisha taifa la Kirumi.,Tatoeba,https://tatoeba.org/en/sentences/6778920
3927,I get scared easily.,Ninaogopa kwa urahisi.,Tatoeba,https://tatoeba.org/en/sentences/6781745
3928,I waited half an hour.,Nilisubiri saa nusu.,Tatoeba,https://tatoeba.org/en/sentences/6783894
3929,"Despite everything, we still managed to escape from the cave.","Pamoja na kila kitu, bado tuliweza kutoroka kutoka kwenye pango.",Tatoeba,https://tatoeba.org/en/sentences/6793033
3930,How long was the meeting?,Mkutano ulichukua muda gani?,Tatoeba,https://tatoeba.org/en/sentences/6793220
3931,My stomach is already rumbling.,Tumbo langu tayari linaghuruma.,Tatoeba,https://tatoeba.org/en/sentences/6794769
3932,"Sometimes, I'd like to be a small bird.",Wakati mwingine ningependa kuwa ndege mdogo.,Tatoeba,https://tatoeba.org/en/sentences/6794892
3933,They bet a bottle of whiskey.,Waliweka kamari ya chupa ya whisky.,Tatoeba,https://tatoeba.org/en/sentences/6797909
3934,It's the latest song by that recording artist.,Ndiyo wimbo wa hivi karibuni wa msanii huyo.,Tatoeba,https://tatoeba.org/en/sentences/6804120
3935,"A doctor in the United States: ""I'm sorry to inform you that you're suffering from a terminal illness."" - ""Which one?"" - ""It's poverty.""","Daktari aliye Amerika: ""Niwie radhi kukujulisha kuwa unaugua ugonjwa sugu."" - ""Gani?"" - ""Ni umaskini.""",Tatoeba,https://tatoeba.org/en/sentences/6804135
3936,Wow! I weigh the same as a guy who's eight feet tall. I've got to grow!,Aha! Nina uzito sawa na mtu ambaye ana urefu fiti nane. Lazima nikue!,Tatoeba,https://tatoeba.org/en/sentences/6804154
3937,More work and less chatter!,Kazi zaidi na mazungumzo kidogo!,Tatoeba,https://tatoeba.org/en/sentences/6806160
3938,Marc is in the bedroom.,Marc yuko chumbani.,Tatoeba,https://tatoeba.org/en/sentences/6809949
3939,Stay calm!,Kaa kimya!,Tatoeba,https://tatoeba.org/en/sentences/6814247
3940,A drop of ink may make a million think.,Tone moja la wino linaweza kufanya mamilioni ya watu kutafakari.,Tatoeba,https://tatoeba.org/en/sentences/6815343
3941,"To have joy, one must share it.",Ili use shangwe unapaswa kushiriki na wengine.,Tatoeba,https://tatoeba.org/en/sentences/6815363
3942,Do you really believe it's necessary to do that?,"Je, unaimani kweli ni muhimu kufanya hivyo?",Tatoeba,https://tatoeba.org/en/sentences/6824215
3943,I know I didn't make the right choice.,Najua sikufanya changuo sawa.,Tatoeba,https://tatoeba.org/en/sentences/6833063
3944,Happiness is not an ideal of reason but of imagination.,Furaha sio sifa nzuri kwa tafakari lakini ya kumbukumbu.,Tatoeba,https://tatoeba.org/en/sentences/6837095
3945,"As usual, he reads the newspaper while eating.","Kama kawaida, anasoma gazeti akila.",Tatoeba,https://tatoeba.org/en/sentences/6846096
3946,That isn't something I know how to do.,Hicho sio kitu najua kufanya.,Tatoeba,https://tatoeba.org/en/sentences/6849367
3947,The police think she did it.,Polisi wanadhani alifanya kitendo hicho.,Tatoeba,https://tatoeba.org/en/sentences/6851145
3948,Thomas threw his clothes into the dirty laundry basket.,Thomas akatupa nguo zake kwenye kikapu cha nguo chafu.,Tatoeba,https://tatoeba.org/en/sentences/6861542
3949,I fear that is the truth.,Ninaogopa hiyo ndio ukweli.,Tatoeba,https://tatoeba.org/en/sentences/6862038
3950,No one in my family can do that.,Hakuna mtu katika familia yangu anayeweza kufanya hivyo.,Tatoeba,https://tatoeba.org/en/sentences/6863350
3951,What university did you go to?,Ulisomea chuo kikuu kipi?,Tatoeba,https://tatoeba.org/en/sentences/6864793
3952,"Visitors have to wear appropriate shoes, i.e., safety shoes.","Wageni lazima wavae viatu sahihi, kama vile viatu vya usalama.",Tatoeba,https://tatoeba.org/en/sentences/6865768
3953,It would have been nice if you'd helped me a little.,Ingekuwa bora ikiwa ungenisaidia kidogo.,Tatoeba,https://tatoeba.org/en/sentences/6870728
3954,The castle is for sale for 10 million euros.,Ngome inauzwa kwa euro milioni 10.,Tatoeba,https://tatoeba.org/en/sentences/6875626
3955,What a load of shit!,Huu ni upuzi mwingi!,Tatoeba,https://tatoeba.org/en/sentences/6876629
3956,I think it's a string instrument? Does it have strings? Does it make a noise? Then I suppose it's a string instrument.,"Nadhani ni chombo cha uzi? Je, ina nyuzi? Inapiga kelele? Halafu nadhani ni chombo cha uzi.",Tatoeba,https://tatoeba.org/en/sentences/6876731
3957,I went down to his level.,"Nilijaribu kumwelewa, kufikia kiwango chake.",Tatoeba,https://tatoeba.org/en/sentences/6880677
3958,This is an urgent matter.,Hili ni jambo la dharura.,Tatoeba,https://tatoeba.org/en/sentences/6884684
3959,"""Take your money and shove it! I'm not for sale.""","""Chukua pesa zako na utikise! Siuzwi. """,Tatoeba,https://tatoeba.org/en/sentences/6885004
3960,Do you like Francis?,"Je, unampenda Francis?",Tatoeba,https://tatoeba.org/en/sentences/6890967
3961,"""I've never met a member of that group who wasn't a terrible person."" ""How would you know? Maybe you met some who were good people, but they just didn't tell you they were part of the group.""","""Sijawahi kukutana na mshiriki wa kikundi hicho ambaye hakuwa mtu mbaya."" ""Utajuaje? Labda ulikutana na wengine ambao walikuwa watu wazuri, lakini hawakukuambia walikuwa sehemu ya kikundi hicho. """,Tatoeba,https://tatoeba.org/en/sentences/6892046
3962,No one else will make you a better offer.,Hakuna mwingine atakayekupa ofa bora.,Tatoeba,https://tatoeba.org/en/sentences/6897910
3963,What it's like in Boston?,Boston kunafananaje?,Tatoeba,https://tatoeba.org/en/sentences/6898568
3964,This apple is starting to rot.,Tofaa hili linaanza kuoza,Tatoeba,https://tatoeba.org/en/sentences/6900113
3965,"It has been a pleasure to meet you, Mr. and Mrs. Thompson. Here is my card.","Imekuwa furaha kukutana nanyi, Bwana na Bibi Thompson. Hii hapa kadi yangu.",Tatoeba,https://tatoeba.org/en/sentences/6900320
3966,I'm up to date.,Nina habari za karibuni.,Tatoeba,https://tatoeba.org/en/sentences/6900693
3967,"Don't get confused between my personality and my attitude. My personality is who I am, my attitude depends on who you are.","Usichanganyikiwe na utu wangu na mtazamo wangu. Utu wangu ndiyo mimi, mtazamo wangu unategemea wewe ni nani.",Tatoeba,https://tatoeba.org/en/sentences/6904034
3968,A cult classic spaghetti western was playing at the theater.,Ibada ya kawaida ya spaghetti ya magharibi ilikuwa ikicheza kwenye thieta.,Tatoeba,https://tatoeba.org/en/sentences/6907548
3969,Do you think your room is too small?,"Je, unafikiria chumba chako ni kidogo sana?",Tatoeba,https://tatoeba.org/en/sentences/6910112
3970,How many days a week do you come here?,"Je, siku ngapi kwa wiki huwa unakuja hapa?",Tatoeba,https://tatoeba.org/en/sentences/6912127
3971,I assumed you and I'd do that together.,Nilidhania mimi na wewe tutaandamana.,Tatoeba,https://tatoeba.org/en/sentences/6912194
3972,I find the shrimp salad delicious.,Nimegundua saladi ya kambakochi ina ladha nzuri.,Tatoeba,https://tatoeba.org/en/sentences/6915583
3973,"When life is too easy for us, we must beware or we may not be ready to meet the blows which sooner or later come to everyone, rich or poor.","Maisha yakiwa rahisi sana kwetu, lazima tuwe waangalifu au labda hatutakuwa tayari kukabili mapigo ambayo hujia kila mtu, tajiri au maskini.",Tatoeba,https://tatoeba.org/en/sentences/6916632
3974,"You gain strength, courage, and confidence by every experience in which you stop to really look fear in the face... Do the thing you think you cannot do.","Unapata nguvu, ujasiri, na ujasiri kwa kila tajriba ambayo unasitisha na kukabiliana na woga usoni... Fanya kitu ambacho unafikiri huwezi kufanya.",Tatoeba,https://tatoeba.org/en/sentences/6918547
3975,Part of our roof was blown off in last night's storm.,Sehemu ya paa yetu ililipuliwa na dhoruba ya jana usiku.,Tatoeba,https://tatoeba.org/en/sentences/6919014
3976,We're so weird.,Sisi ni watu wa ajabu.,Tatoeba,https://tatoeba.org/en/sentences/6924067
3977,Counting sheep helps you to fall sleep.,Kuhesabu kondoo hukusaidia kulala.,Tatoeba,https://tatoeba.org/en/sentences/6929344
3978,Who's banging on the door at this hour?,Nani anagonga mlango saa hii?,Tatoeba,https://tatoeba.org/en/sentences/6931148
3979,My friend took me to the north end of the island to meet the crazy goat lady.,Rafiki yangu alinipeleka hadi mwisho wa kaskazini wa kisiwa ili kukutana na yule mwanamke.,Tatoeba,https://tatoeba.org/en/sentences/6932376
3980,Can you taste the ginger?,"Je, unaweza kuonja tangawizi?",Tatoeba,https://tatoeba.org/en/sentences/6939256
3981,They think too much.,Wanawazia sana.,Tatoeba,https://tatoeba.org/en/sentences/6940342
3982,The central nervous system does not heal.,Mfumo mkuu wa neva hauponi.,Tatoeba,https://tatoeba.org/en/sentences/6941684
3983,"I don't like fishing, but my father does.","Sipendi uvuvi, lakini baba yangu anapenda.",Tatoeba,https://tatoeba.org/en/sentences/6947027
3984,I've done that quite a bit.,Nimefanya hivyo mara kadhaa.,Tatoeba,https://tatoeba.org/en/sentences/6951653
3985,"""What business have you here?"" asked the lad.","""Una biashara gani hapa?"" Aliuliza kijana.",Tatoeba,https://tatoeba.org/en/sentences/6957549
3986,"If you care to smoke a cigar in our rooms, Colonel, I shall be happy to give you any other details which might interest you.","Ikiwa unataka kuvuta sigara kwenye vyumba vyetu, Kanali, nitafurahi kukupa maelezo mengine ambayo yanaweza kukuvutia.",Tatoeba,https://tatoeba.org/en/sentences/6957752
3987,"A shocking crime has been committed, and I think I have now laid bare every detail of it.","Uhalifu wa kutisha umetekelezwa, na nadhani sasa nimeeleza kila kitu wazi.",Tatoeba,https://tatoeba.org/en/sentences/6957943
3988,"For a month he was in and out of my house, and never once did it cross my mind that harm might come of his soft, tricky ways.","Kwa mwezi mmoja alikuwa ndani na nje ya nyumba yangu, na kamwe sikufikiria kwamba angeweza kunidhuru kwa njia zake laini, za hila.",Tatoeba,https://tatoeba.org/en/sentences/6957980
3989,"At last I saw them hire a boat and start for a row, for it was a very hot day, and they thought, no doubt, that it would be cooler on the water.","Mwishowe niliwaona wakikomboa mashua na kuanza kwa safu, kwa kuwa ilikuwa siku joto sana, na walidhani, bila shaka, kwamba itakuwa baridi majini.",Tatoeba,https://tatoeba.org/en/sentences/6958000
3990,"My God, shall I ever forget their faces when they saw who was in the boat that was closing in upon them?","Mungu wangu, niitawahi kusahau nyuso zao walipoona ni nani alikuwa kwenye mashua iliyokuwa inawafungia?",Tatoeba,https://tatoeba.org/en/sentences/6958001
3991,"When a thing is funny, search it carefully for a hidden truth.","Wakati jambo ni la kuchekesha, tafuta kwa uangalifu ukweli uliofichwa.",Tatoeba,https://tatoeba.org/en/sentences/6959965
3992,Put some water in your wine.,Tia maji kwenye davai yako.,Tatoeba,https://tatoeba.org/en/sentences/6964304
3993,"This store offers a 15-day, no-questions-asked return policy.","Duka hili wanatoa siku 15, hakuna swali linaloulizwa kuhusu sera ya kurudi bidhaa.",Tatoeba,https://tatoeba.org/en/sentences/6967072
3994,The post-election violence has claimed five victims.,Vurugu za baada ya uchaguzi zimeua watu watano.,Tatoeba,https://tatoeba.org/en/sentences/6971657
3995,"""How can you tell me what you know is false?"" I cried. ""Your very voice changes as you speak.""","""Unawezaje kuniambia unachojua ni uwongo?"" Nililia. ""Sauti yako hubadilika unavyoongea.""",Tatoeba,https://tatoeba.org/en/sentences/6976354
3996,"The house was an old-fashioned, wide-spread, oak-beamed brick building, with a fine lime-lined avenue leading up to it.","Nyumba hiyo ilikuwa ya zamani, imeenea sana, imejengwa kwa matofali ya mwaloni, na barabara nzuri ya zambarau yenye chokaa inayoelekea kwamo.",Tatoeba,https://tatoeba.org/en/sentences/6981672
3997,The United States of America is part of the Security Council of the United Nations.,Amerika ni sehemu ya Baraza la Usalama la Umoja wa Mataifa.,Tatoeba,https://tatoeba.org/en/sentences/6982129
3998,The world’s very first photographs were taken in the 1830s.,Picha za kwanza kabisa za ulimwengu zilichukuliwa katika miaka ya 1830.,Tatoeba,https://tatoeba.org/en/sentences/6990374
3999,"In some cases, it might be safer to think of different words to use if you don't want to risk creating an awkward situation.","Katika baadhi ya hali, inaweza kuwa salama kuwazia maneno tofauti ya kutumia ikiwa hutaki kuhatarisha kuleta hali mbaya.",Tatoeba,https://tatoeba.org/en/sentences/6990515
4000,"Technology is changing almost every industry, including fashion.","Teknolojia inabadilisha karibu kila sekta, ikiwemo mtindo.",Tatoeba,https://tatoeba.org/en/sentences/6990786
4001,"Last year, he earned $5,200 taking people up Rainbow Mountain by horse.","Mwaka jana alichuma dola 5,200 kwa kupeleka watu Mlima Rainbow.",Tatoeba,https://tatoeba.org/en/sentences/6990829
4002,"""Evolution can do amazing things given enough time,"" Austin said. ""The natural world is a fascinating place.""","""Mageuzi inaweza kufanya vitu zenye kustaajabisha ukipewa muda wa kutosha, ""Austin alisema. ""Ulimwengu wa asili ni mahali pa kuvutia.""",Tatoeba,https://tatoeba.org/en/sentences/6992044
4003,This media environment makes it important for us to be able to recognize reliable information. True information gives us the facts to guide our decisions and actions.,Mazingira haya ya vyombo vya habari nia muhimu kwetu kuweza kutambua habari za kuaminika. Habari ya kweli inatupa ukweli wa kuongoza maamuzi na matendo yetu.,Tatoeba,https://tatoeba.org/en/sentences/6993394
4004,"Balance simply means giving equal time to both sides of an issue, or not giving one side more importance.","Mizani inamaanisha kutoa wakati sawa kwa pande zote mbili za suala, au kutopea upande mmoja umuhimu zaidi.",Tatoeba,https://tatoeba.org/en/sentences/6993430
4005,The group calls its growing base of love-struck fans its “army.”,"Kikundi kinaita msingi wake wa mashabiki pendwa kama ""jeshi.""",Tatoeba,https://tatoeba.org/en/sentences/6993586
4006,"Since the island is protected, the horses can move around freely.","Kwa kuwa kisiwa kinalindwa, farasi wanaweza kuzunguka kwa uhuru.",Tatoeba,https://tatoeba.org/en/sentences/6993653
4007,An off-road vehicle ends up turning everywhere it goes into a dirt road.,Gari la kutumia aina yoyote ya barabara hugeukia kila mahali liendako kuelekea njia ya mabonde.,Tatoeba,https://tatoeba.org/en/sentences/6994442
4008,Have you ever considered becoming a lawyer?,"Je, umewahi kuwazia kuwa mwanasheria?",Tatoeba,https://tatoeba.org/en/sentences/6995634
4009,I would rather take a political risk in pursuit of peace than to risk peace in pursuit of politics.,Ningependelea kujihatarisha kisiasa kwa kutafuta amani kuliko kuhatarisha amani kwa kufuata siasa.,Tatoeba,https://tatoeba.org/en/sentences/7001119
4010,Only the paranoid survive.,Wale wenye wasiwasi ndio huishi.,Tatoeba,https://tatoeba.org/en/sentences/7006201
4011,There are lots of restaurants and shops within walking distance.,Kuna mikahawa na maduka mengi kwa umbali wa kutembea.,Tatoeba,https://tatoeba.org/en/sentences/7006265
4012,This was found between the finger and thumb of the dead man.,Hii ilipatikana kati ya chanda na kidole gumba cha mtu aliyekufa.,Tatoeba,https://tatoeba.org/en/sentences/7008302
4013,"My dear fellow, pray come in.","Wapendwa, tuombe ingieni ndani.",Tatoeba,https://tatoeba.org/en/sentences/7009424
4014,"I have seen everything done in this world, and I tell you, it is all useless. It is like chasing the wind.","Nimeona kila kitu kinachofanywa katika ulimwengu huu, na ninakuambia, yote ni bure. Ni kama kufukuza upepo.",Tatoeba,https://tatoeba.org/en/sentences/7009911
4015,We need to protect the shield generator.,Tunafaa kulinda kifuniko cha jenereta.,Tatoeba,https://tatoeba.org/en/sentences/7010236
4016,What are some ways you can lower your blood pressure without medication?,"Je, ni zipi njia ambazo unaweza kupunguza shinikizo la damu bila dawa?",Tatoeba,https://tatoeba.org/en/sentences/7010727
4017,"Change your opinions, keep to your principles; change your leaves, keep intact your roots.","Badilisha maoni yako, shika kanuni zako; Badilisha majani yako, hifadhi asili yako.",Tatoeba,https://tatoeba.org/en/sentences/7010869
4018,Don't cross the tracks when the alarm is ringing.,Usivuke leni wakati alam inalia.,Tatoeba,https://tatoeba.org/en/sentences/7015360
4019,I'm only giving this half a star because zero stars isn't an option.,Ninatoa tu nyota hii nusu kwa sababu nyota za sifuri haipo.,Tatoeba,https://tatoeba.org/en/sentences/7022350
4020,"People tend to think that dogs really care about their emotions, but we were interested in seeing if there was any scientific evidence to back that up.","Watu huwa wanafikiria kuwa mbwa wanajali hisia zao, lakini tulikuwa na hamu ya kuona ikiwa kuna ushahidi wowote wa kisayansi wa kuyathibitisha hayo.",Tatoeba,https://tatoeba.org/en/sentences/7023408
4021,"The Colonel had been sitting in the dining-room, but hearing that his wife had returned he joined her in the morning-room.","Kanali alikaa katika chumba cha kula, ila aliposikia mke wake amerudi alijiunga naye sebuleni.",Tatoeba,https://tatoeba.org/en/sentences/7025608
4022,"The maid knocked without receiving any answer, and even turned the handle, but only to find that the door was locked upon the inside.","Yule mjakazi aligonga na hata bila kupata jibu, na hata akageuza kishikio, lakini akagundua kwamba mlango ulikuwa umefungwa kutoka ndani.",Tatoeba,https://tatoeba.org/en/sentences/7025619
4023,The bill in Italian restaurants will usually include a small bread and cover charge.,Bili katika mikahawa ya Italia kawaida itajumuisha mkate mdogo na malipo ya bima.,Tatoeba,https://tatoeba.org/en/sentences/7027305
4024,Dispatch a royal rider with this sealed letter from the king.,Tuma farasi wa kifalme na barua hii iliyotiwa muhuri kutoka kwa mfalme.,Tatoeba,https://tatoeba.org/en/sentences/7030922
4025,I did what the teacher said.,Nilifanya mwalimu alivyosema.,Tatoeba,https://tatoeba.org/en/sentences/7035177
4026,The incident completely ruined my relationship with the math teacher.,Tukio hilo liliharibu kabisa uhusiano wangu na mwalimu wa hesabu.,Tatoeba,https://tatoeba.org/en/sentences/7035260
4027,I don't like this teacher.,Sipendi mwalimu huyu.,Tatoeba,https://tatoeba.org/en/sentences/7037111
4028,My favorite part of the movie is when the monkey throws the bone into the air.,Sehemu ninayoipenda kwenye sinema ni wakati nyani aliporusha mfupa hewani.,Tatoeba,https://tatoeba.org/en/sentences/7043587
4029,"I had come to believe that he was an orphan with no relatives living, but one day, to my very great surprise, he began to talk to me about his brother.","Nilikuwa nimeamini kuwa yeye ni yatima na hakuna jamaa anayeishi, lakini siku moja, kwa mshangao mkubwa, alianza kunizungumzia kuhusu kaka yake.",Tatoeba,https://tatoeba.org/en/sentences/7043871
4030,Can you flip over the record?,"Je, unaweza kutazama rekodi?",Tatoeba,https://tatoeba.org/en/sentences/7044218
4031,Florence was damaged during World War II.,Florence iliharibika wakati wa Vita Vya Kidunia Vya pili.,Tatoeba,https://tatoeba.org/en/sentences/7045214
4032,What will the trip cost?,Safari hii itagharimu pesa ngapi?,Tatoeba,https://tatoeba.org/en/sentences/7046379
4033,Put the card deck on the oak table.,Weka staha ya kadi kwenye meza ya mwaloni.,Tatoeba,https://tatoeba.org/en/sentences/7051149
4034,I joined Facebook to chat about some topics with my friends.,"Niliunganishwa na facebook, kuzungumzia mambo fulani na marafiki zangu.",Tatoeba,https://tatoeba.org/en/sentences/7062409
4035,It gives me peace that you have forgiven me.,Najisikia amani baada ya kunisamehe.,Tatoeba,https://tatoeba.org/en/sentences/7063531
4036,I know that I know.,Najua kwamba najua.,Tatoeba,https://tatoeba.org/en/sentences/7065301
4037,Are those your dogs?,"Je, wao ni mbwa wako?",Tatoeba,https://tatoeba.org/en/sentences/7070683
4038,"While eating, we chew slowly.","Tukila, tunatafuna polepole.",Tatoeba,https://tatoeba.org/en/sentences/7074117
4039,There are two men and a woman standing next to a tree in the picture.,Kuna wanaume wawili na mwanamke mmoja wamesimama karibu na mti katika picha hiyo.,Tatoeba,https://tatoeba.org/en/sentences/7078596
4040,Turtles lay their eggs in the sand.,Bata hutaga mayai yao mchangani.,Tatoeba,https://tatoeba.org/en/sentences/7079778
4041,The road to peace is never smooth.,Barabara ya kwenda kwenye amani siyo laini kamwe.,Tatoeba,https://tatoeba.org/en/sentences/7098079
4042,"I sometimes swim, too.","Wakati mwingine pia mimi, huogelea.",Tatoeba,https://tatoeba.org/en/sentences/7113810
4043,I was suspicious.,Nilikuwa na mashaka.,Tatoeba,https://tatoeba.org/en/sentences/7114279
4044,I don't believe in corporal punishment.,Siamini katika adhabu kumbwa.,Tatoeba,https://tatoeba.org/en/sentences/7117283
4045,This department store is neat.,Duka hili la idara ni safi.,Tatoeba,https://tatoeba.org/en/sentences/7120361
4046,The dining room is downstairs and the library is on the third floor.,Chumba cha kulia kiko katika ghorofa ya chini hulu maktaba iko kwenye ghorofa ya tatu.,Tatoeba,https://tatoeba.org/en/sentences/7120597
4047,Some people blame the increase in violent crime on TV.,Watu wengi wanalaumu ongezeko katika uhalifu na vurugu kwenye luninga.,Tatoeba,https://tatoeba.org/en/sentences/7123247
4048,It isn't as bad as all that.,Si mbaya hivyo,Tatoeba,https://tatoeba.org/en/sentences/7126054
4049,How do you handle credit card debt?,"Je, wewe hushughulikiaje deni ya kadi ya mkopo?",Tatoeba,https://tatoeba.org/en/sentences/7127145
4050,How much damage has the oil spill done?,Mafuta yaliyomwagika yamesababisha hasara kiasi gani?,Tatoeba,https://tatoeba.org/en/sentences/7127419
4051,How can something that freaks me out be so funny?,Je! Kitu kinachoweza kunishtua sana kinawezaje kuchekesha sana?,Tatoeba,https://tatoeba.org/en/sentences/7127629
4052,How could such a sad thing happen in such a happy place?,"Je, kitu cha kuhuzunisha kingefanyikaje katika sehemu yenye furaha?",Tatoeba,https://tatoeba.org/en/sentences/7127745
4053,That's something you shouldn't try doing.,Hilo ni jambo ambalo haupaswi kujaribu kufanya.,Tatoeba,https://tatoeba.org/en/sentences/7127833
4054,Did the other car hit you hard?,"Je, gari hilo lingine lilikugonga vibaya?",Tatoeba,https://tatoeba.org/en/sentences/7131792
4055,Can I get on this plane?,Ninaweza kupanda ndege hii?,Tatoeba,https://tatoeba.org/en/sentences/7132131
4056,Here's some evidence.,Huu hapa baadhi ya ushaidi.,Tatoeba,https://tatoeba.org/en/sentences/7132156
4057,I normally don't do things like this.,Kwa kwaida sifanyi vitu kama haya.,Tatoeba,https://tatoeba.org/en/sentences/7134535
4058,I don't normally do things like this.,Kwa kawaida sifanyi vitu hivi.,Tatoeba,https://tatoeba.org/en/sentences/7134536
4059,I thought we were going to be able to do that.,Nilidhani tungeweza kufanya hivyo.,Tatoeba,https://tatoeba.org/en/sentences/7136464
4060,They say stress causes high blood pressure.,Wanasema mafadhaiko husababisha shinikizo la damu.,Tatoeba,https://tatoeba.org/en/sentences/7137104
4061,I didn't like anyone there and no one there liked me.,Sikupenda mtu hapo wala hakuna mtu hapo aliyenipenda.,Tatoeba,https://tatoeba.org/en/sentences/7143238
4062,I didn't think we should be talking to each other.,Sidhani tunafaa kuongeleshana.,Tatoeba,https://tatoeba.org/en/sentences/7143778
4063,We never wanted to leave Australia.,Hatukupenda kamwe kuondoka Australia.,Tatoeba,https://tatoeba.org/en/sentences/7149941
4064,We're going to go to Australia in October.,Tutaenda Australia mnamo Oktoba.,Tatoeba,https://tatoeba.org/en/sentences/7150299
4065,What do you miss the most about Australia?,Nini unakosa zaidi kuhusu Australia?,Tatoeba,https://tatoeba.org/en/sentences/7150303
4066,My lover is great at cooking.,Mpenzi wangu ni mweledi wa upishi.,Tatoeba,https://tatoeba.org/en/sentences/7152106
4067,Why in the world would you want to live in Australia?,Kwanini ungependa kuishi Australia?,Tatoeba,https://tatoeba.org/en/sentences/7152264
4068,That's why we moved to Australia.,Ndio sababu tulihamia Australia.,Tatoeba,https://tatoeba.org/en/sentences/7152659
4069,I suggest that that is not true.,Napendekeza kuwa hii si kweli.,Tatoeba,https://tatoeba.org/en/sentences/7155487
4070,What you are suggesting is simply ridiculous.,Kile unachopendekeza ni ujinga tu.,Tatoeba,https://tatoeba.org/en/sentences/7155500
4071,I'm going to Australia this spring.,Naenda Australia katika msimu huu wa unyevu.,Tatoeba,https://tatoeba.org/en/sentences/7159707
4072,I thought that you were planning on going to Australia.,Nilidhani ulikuwa unapanga kwenda Australia.,Tatoeba,https://tatoeba.org/en/sentences/7163378
4073,I used to have a job in Australia.,Nilikuwaka na kazi huko Australia.,Tatoeba,https://tatoeba.org/en/sentences/7163972
4074,I know what you did in Australia.,Ninajua ulichofanya Australia.,Tatoeba,https://tatoeba.org/en/sentences/7164288
4075,I thought that you might want to know.,Nilifikiria kuwa unahitaji kujua.,Tatoeba,https://tatoeba.org/en/sentences/7171570
4076,I thought you said that you worked all morning.,Nilidhani umesema kuwa umefanya kazi asubuhi nzima.,Tatoeba,https://tatoeba.org/en/sentences/7171804
4077,I thought that it'd be too much.,Nilidhani kuwa itakuwa nyingi.,Tatoeba,https://tatoeba.org/en/sentences/7173930
4078,I thought that my head was going to explode.,Nilidhani kwamba kichwa changu kingelipuka.,Tatoeba,https://tatoeba.org/en/sentences/7173968
4079,I thought that I was dying.,Nilifikiri kuwa ninakufa.,Tatoeba,https://tatoeba.org/en/sentences/7174254
4080,I thought that it was kind of cool.,Nilifikiri kuwa inapendeza kwa namna fulani.,Tatoeba,https://tatoeba.org/en/sentences/7174548
4081,I want to get back to Australia as soon as possible.,Nataka kurudi Australia haraka iwezekanavyo.,Tatoeba,https://tatoeba.org/en/sentences/7181056
4082,I didn't say I used to live in Australia.,Sikusema niliwahi kuishi Australia.,Tatoeba,https://tatoeba.org/en/sentences/7184283
4083,We're sorry that we've kept you waiting.,Samahani kwa kukufanya usubiri.,Tatoeba,https://tatoeba.org/en/sentences/7186133
4084,I have to choose.,Napaswa kuchagua.,Tatoeba,https://tatoeba.org/en/sentences/7189545
4085,It isn't fake.,Ni halali.,Tatoeba,https://tatoeba.org/en/sentences/7198273
4086,It's a pity you don't know how to do that.,Ni huruma haujui jinsi ya kufanya hivyo.,Tatoeba,https://tatoeba.org/en/sentences/7198617
4087,It isn't about money.,Sio juu ya pesa.,Tatoeba,https://tatoeba.org/en/sentences/7198728
4088,I promise that I won't be late.,Ninaahidi kwamba sitachelewa.,Tatoeba,https://tatoeba.org/en/sentences/7199864
4089,The hunter can not exist without the prey.,Wawindaji hawawezi kuwepo bila mawindo.,Tatoeba,https://tatoeba.org/en/sentences/7219280
4090,I don't think that anyone really understands me.,Sidhani kama kuna mtu ananielewa sana.,Tatoeba,https://tatoeba.org/en/sentences/7226330
4091,I don't think that you believe that.,Sidhani kwamba unaamini jambo hilo.,Tatoeba,https://tatoeba.org/en/sentences/7226388
4092,I don't think that you're going to need me to help you anymore.,Sidhani kama utanihitaji nikusaidie tena.,Tatoeba,https://tatoeba.org/en/sentences/7227611
4093,I don't think that doing that would be worth our time.,Sidhani kuwa kufanya hivyo kunafaa kuchukua muda wako.,Tatoeba,https://tatoeba.org/en/sentences/7235657
4094,I don't think that children should drink beer.,Sidhani kwamba watoto wanapaswa kunywa bia.,Tatoeba,https://tatoeba.org/en/sentences/7235933
4095,I know that that's not true.,Najua kuwa hilo si kweli.,Tatoeba,https://tatoeba.org/en/sentences/7240101
4096,I know it's inevitable.,Najua ni lazima.,Tatoeba,https://tatoeba.org/en/sentences/7240575
4097,We just wanted you to know we care.,Tulitaka tu ujue tunajali.,Tatoeba,https://tatoeba.org/en/sentences/7240812
4098,"At nine in the evening, we visited the Anne Frank House.","Saa tisa jioni, tulitembelea Anne Frank House.",Tatoeba,https://tatoeba.org/en/sentences/7242686
4099,"Come on, Ali, don't be silly.","Aisee Ali, usiwe mjinga.",Tatoeba,https://tatoeba.org/en/sentences/7258508
4100,"A coward dies a thousand deaths, a hero dies but one.","Mwoga hufa vifo elfu, lakini shujaa hufa kifo kimoja.",Tatoeba,https://tatoeba.org/en/sentences/7264412
4101,The famous actress received fan mail.,Mwigizaji maarufu alipokea barua ya shabiki.,Tatoeba,https://tatoeba.org/en/sentences/7274302
4102,You know sperm's actually pretty bitter when you think about it. Even the people who like it are going to have limits.,"Unajua manii huwa chungu sana, ukiwazia. Hata watu wanaoupenda watakuwa na mipaka.",Tatoeba,https://tatoeba.org/en/sentences/7274417
4103,I defeated my inner demons.,Nilishinda mapepo yangu ya ndani.,Tatoeba,https://tatoeba.org/en/sentences/7283068
4104,The scene made my blood chill.,Tukio hilo liligandisha damu yangu.,Tatoeba,https://tatoeba.org/en/sentences/7283101
4105,I'm the only one who knows your secret.,Mimi in mtu pekee ninayejua siri yako.,Tatoeba,https://tatoeba.org/en/sentences/7284838
4106,"If you give me six lines written by the hand of the most honest of men, I will find something in them which will hang him.","Ukinipa mistari sita iliyoandikwa kwa mkon wa wanaume wengi waaminifu, nitapata kitu ndani mwao ambacho kitamnyonga.",Tatoeba,https://tatoeba.org/en/sentences/7299935
4107,Can you make out why he won't go with us?,"Je, unaweza kubainisha ni nini hataeda na sisi?",Tatoeba,https://tatoeba.org/en/sentences/7310418
4108,This vacuum cleaner is awfully loud.,Kifyonza vumbi hiki kina kelele mno.,Tatoeba,https://tatoeba.org/en/sentences/7316841
4109,"In Muslim countries, girls are less likely than boys to get higher education.","Katika nchi za Kiislamu, wasichana wana uwezekano mdogo kuliko wavulana kupata elimu ya juu.",Tatoeba,https://tatoeba.org/en/sentences/7330057
4110,They got married and had many children.,Walifunga ndoa na kuwa na watoto wengi.,Tatoeba,https://tatoeba.org/en/sentences/7355897
4111,The large dog jumped up quickly and forced his wet nose on my lips.,Mbwa mkubwa aliruka haraka na kulazimisha pua yake kwenye midomo yangu.,Tatoeba,https://tatoeba.org/en/sentences/7356044
4112,How about we meet up after school?,"Je, natukikutana baada ya shule?",Tatoeba,https://tatoeba.org/en/sentences/7356858
4113,Bugs Bunny is a rabbit.,Mdudu Bunny ni sungura.,Tatoeba,https://tatoeba.org/en/sentences/7357008
4114,"""Take care that you don't move an inch from this spot."" ""I won't, assuming that you come back in time, otherwise I will not be waiting when you return.""","""Jihadharini kwamba msiondokee hata inchi moja kutoka hapa."" ""Sitaki, nikidhani utarudi kwa wakati, vinginevyo sitakuwa nikingojea ukirudi.""",Tatoeba,https://tatoeba.org/en/sentences/7363424
4115,"""But when will you return?"" ""When I have written out my notes for three or four lessons."" ""Hurry, then so you don't get in the way of my studies."" ""I will hurry.""","""Unarejea lini lakini?"" ""Baada ya kuandika maelezo yangu kwa masaa matatu au manne ya kipindi."" ""Haraka, basi usitatize masomo yangu."" ""Nitaharakisha.""",Tatoeba,https://tatoeba.org/en/sentences/7363435
4116,"""Take these two then. When will you repay me?"" ""Saturday, I hope, when my father comes to the market."" ""Keep it in mind then."" ""Don't worry.""","""Chukua hizi mbili. Utanilipa lini?"" ""Jumamosi, natumai, baba yangu atakapokuja sokoni."" ""Zingatia jambo hili, basi"" ""Usiwe na wasiwasi.”",Tatoeba,https://tatoeba.org/en/sentences/7364720
4117,We were happy until you came around.,Tulikuwa na furaha hadi wakati ulipowasili.,Tatoeba,https://tatoeba.org/en/sentences/7367246
4118,The deaf woman wore an orange construction worker safety vest.,Mwanamke kiziwi alikuwa amevaa vest ya usalama wa mfanyakazi wa ujenzi wa rangi ya machungwa.,Tatoeba,https://tatoeba.org/en/sentences/7370786
4119,"When I cough, I taste blood.","Nikikohoa, ninasikia damu.",Tatoeba,https://tatoeba.org/en/sentences/7371475
4120,She decided to do that by herself.,Aliamua kujifanyia hivyo mwenyewe.,Tatoeba,https://tatoeba.org/en/sentences/7383442
4121,She forgot to wash her hands.,Alisahau kuosha mikono yake.,Tatoeba,https://tatoeba.org/en/sentences/7385010
4122,He has a website for his business.,Biashara yake inatumia mtandao.,Tatoeba,https://tatoeba.org/en/sentences/7385158
4123,She came with her father.,Alikuja na baba yake.,Tatoeba,https://tatoeba.org/en/sentences/7387100
4124,He's been dragging his feet.,Amekuwa akifanya polepole.,Tatoeba,https://tatoeba.org/en/sentences/7388224
4125,He's finishing his work.,Anakamilishakazi yake.,Tatoeba,https://tatoeba.org/en/sentences/7388907
4126,He's honking his horn.,Anaheshimu pembe yake.,Tatoeba,https://tatoeba.org/en/sentences/7388973
4127,He's missing his right shoe.,Anakosa kiatu chake cha kulia.,Tatoeba,https://tatoeba.org/en/sentences/7389051
4128,He isn't at all like his brother.,Hafanani na nduguye kabisa.,Tatoeba,https://tatoeba.org/en/sentences/7389448
4129,She stopped taking her medicine.,Aliacha kumeza dawa yake.,Tatoeba,https://tatoeba.org/en/sentences/7391165
4130,She told me that she was interested.,Aliniambia alikuwa na nia.,Tatoeba,https://tatoeba.org/en/sentences/7393882
4131,He isn't sure he needs to do that.,Hana uhakika anafaa kufanya hilo.,Tatoeba,https://tatoeba.org/en/sentences/7394924
4132,She said that she'd definitely win.,Alisema kuwa angeshinda bila shaka.,Tatoeba,https://tatoeba.org/en/sentences/7395728
4133,He said that he didn't feel safe.,Alisema kuwa hakuhisi salama.,Tatoeba,https://tatoeba.org/en/sentences/7395927
4134,She did it as quickly as she could.,Alifanya haraka alivyoweza.,Tatoeba,https://tatoeba.org/en/sentences/7396563
4135,She could get hurt if she did that.,Angeweza kuumia ikiwa angefanya hivyo.,Tatoeba,https://tatoeba.org/en/sentences/7396583
4136,He said he thought I'm charming.,Alisema alifikiria nina haiba.,Tatoeba,https://tatoeba.org/en/sentences/7397423
4137,He said that he was interested.,Alisema kuwa alikuwa na nia.,Tatoeba,https://tatoeba.org/en/sentences/7398631
4138,He said he knew how to do that.,Alisema anajua jinsi ya kufanya hilo.,Tatoeba,https://tatoeba.org/en/sentences/7398848
4139,She said she had fully recovered.,Alisema alikuwa amepona vizuri.,Tatoeba,https://tatoeba.org/en/sentences/7398871
4140,She said she didn't mind waiting.,Alisema hakujali kungojea.,Tatoeba,https://tatoeba.org/en/sentences/7398913
4141,She says that she won't do that.,Alisema hatafanya hivyo.,Tatoeba,https://tatoeba.org/en/sentences/7399542
4142,She says she's ready to do that.,Anasema ako tayari kufanya hivyo.,Tatoeba,https://tatoeba.org/en/sentences/7399552
4143,He said he had fun doing that.,Alisema alifurahi kufanya hilo.,Tatoeba,https://tatoeba.org/en/sentences/7399965
4144,She did what she planned to do.,Alifanya alichopanga kufanya.,Tatoeba,https://tatoeba.org/en/sentences/7401460
4145,He said he enjoyed the view.,Alisema alifurahia mandhari.,Tatoeba,https://tatoeba.org/en/sentences/7402183
4146,She told me she was relieved.,Aliniambia alikuwa ametulia.,Tatoeba,https://tatoeba.org/en/sentences/7402647
4147,He knows what he has to do.,Anajua kila lazima afanye.,Tatoeba,https://tatoeba.org/en/sentences/7403157
4148,He said that he's furious.,Alisema kuwa alikuwa amekasirika.,Tatoeba,https://tatoeba.org/en/sentences/7403531
4149,She said she would appeal.,Alisema angekata rufaa,Tatoeba,https://tatoeba.org/en/sentences/7404711
4150,She looks like she's sick.,Anaonekana kuwa mgonjwa.,Tatoeba,https://tatoeba.org/en/sentences/7404839
4151,He said he was dying.,Alisema alikuwa anakufa.,Tatoeba,https://tatoeba.org/en/sentences/7405677
4152,They wanted me to buy them a pony.,Walitaka niwanunulie farasi mdogo.,Tatoeba,https://tatoeba.org/en/sentences/7406568
4153,They pat their dogs on their heads.,Wanawapapasa mbwa wao vichwani.,Tatoeba,https://tatoeba.org/en/sentences/7407511
4154,They don't want to live on their own.,Hawataki kuishi kivyao.,Tatoeba,https://tatoeba.org/en/sentences/7407781
4155,They could've saved themselves.,Wangeweza kujisaidia wao wenyewe.,Tatoeba,https://tatoeba.org/en/sentences/7408716
4156,They said they were retired.,Walisema walikuwa wamestaafu.,Tatoeba,https://tatoeba.org/en/sentences/7410374
4157,"""I am truly glad, for your sake and his, that he has returned from his travels safely."" ""You do as a friend should; but we will talk more tomorrow.""","""Nimefurahiya sana, kwa ajili yako na yake, kwamba amerudi kutoka safari zake salama."" ""Umetenda kama apaswavyo rafiki; lakini tutazungumza zaidi kesho.""",Tatoeba,https://tatoeba.org/en/sentences/7410736
4158,"""I won't waste your time,"" said he, raising himself upon the sofa.","""Sitapoteza wakati wako,"" alisema, akijiinua juu ya sofa.",Tatoeba,https://tatoeba.org/en/sentences/7414105
4159,"Slowly my reason has cleared, but it is only during the last three days that my memory has quite returned. Sometimes I wish that it never had.","Polepole, umakinifu wangu umeboreka, lakini ni katika siku tatu zilizopita ambapo kumbukizi zangu zimerejea. Wakati mwingine nijutia kuwa haingekuwa.",Tatoeba,https://tatoeba.org/en/sentences/7414138
4160,"As you are aware, Watson, there is no one who knows the higher criminal world of London so well as I do.","Kama unavyojua, Watson, hakuna mtu anayejua ulimwengu wa juu wa uhalifu wa London kama mimi.",Tatoeba,https://tatoeba.org/en/sentences/7416459
4161,They said they'd stopped doing that.,Walisema wameacha kufanya hivyo.,Tatoeba,https://tatoeba.org/en/sentences/7439454
4162,They said that they were betrayed.,Walisema kuwa walisalitiwa.,Tatoeba,https://tatoeba.org/en/sentences/7439983
4163,They said they'd call you.,Walisema watakupigia.,Tatoeba,https://tatoeba.org/en/sentences/7440907
4164,They think they shouldn't do that.,Wanadhanu hawakupaswa kufanya hivyo.,Tatoeba,https://tatoeba.org/en/sentences/7442749
4165,They told me they didn't get it.,Waliniambia hawakuipata.,Tatoeba,https://tatoeba.org/en/sentences/7444796
4166,"The Trail of Tears was traveled by many Indians. Some made it, others did not. Those that did realized their fate and all was lost.","Njia ya Machozi ilisafiriwa na Wahindi wengi. Wengine walifaulu, wengine hawakufaulu. Wale ambao waligundua hatima yao na yote yaliyopotea.",Tatoeba,https://tatoeba.org/en/sentences/7451237
4167,They sell computers at very reasonable prices at that store.,Wanauza tarakilishi kwa bei nzuri sana kwenye duka hiyo.,Tatoeba,https://tatoeba.org/en/sentences/7453266
4168,"At the time of which I speak, Holmes had been back for some months, and I at his request had sold my practice and returned to share the old quarters in Baker Street.","Wakati nilipokuwa nikizungumza, Holmes alikuwa amerudi kwa miezi kadhaa, kwa ombi lake nilikuwa nimeuza biashara yangu na nikarudi kuishi katika kijumba cha zamani katika Barabara ya Baker.",Tatoeba,https://tatoeba.org/en/sentences/7453320
4169,Why did she volunteer to do this?,"Je, alijitolea kufanya hili kwa nini?",Tatoeba,https://tatoeba.org/en/sentences/7458051
4170,Church and state are supposed to be separate.,Kanisa na taifa zinapaswa tofauti.,Tatoeba,https://tatoeba.org/en/sentences/7469897
4171,"Money, Political agenda and religion are responsible for much hate and many wars.","Pesa, ajenda za kisiasa na dini ndizo sababu ya chuki na vita vingi.",Tatoeba,https://tatoeba.org/en/sentences/7469926
4172,They say that they don't remember much.,Walisema kuwa hawakumbuki mengi.,Tatoeba,https://tatoeba.org/en/sentences/7473519
4173,They aren't as weak as they used to be.,Hawana nguvu kama walivyo kuwepo awali.,Tatoeba,https://tatoeba.org/en/sentences/7473674
4174,They didn't invite me to their party.,Hawakunialika kwenye sherehe yao.,Tatoeba,https://tatoeba.org/en/sentences/7474309
4175,They could get hurt if they did that.,Wangejeruhiwa wangefanya hilo.,Tatoeba,https://tatoeba.org/en/sentences/7474333
4176,They played on their college teams.,Walichezea kikosi cha shule yao.,Tatoeba,https://tatoeba.org/en/sentences/7474800
4177,They say they're ready to do that.,Wanasema wako tayari kufanya hivyo.,Tatoeba,https://tatoeba.org/en/sentences/7475002
4178,They can leave if they want to.,Wanaweza kuondoka ikiwa wanataka.,Tatoeba,https://tatoeba.org/en/sentences/7475947
4179,I drank five bottles of diet coke.,Nilikunywa chupa tano za coke diet.,Tatoeba,https://tatoeba.org/en/sentences/7476963
4180,The king will give his daughter to the dragon with the nine heads.,Mfalme atamkabidhi binti yake kwa dragoni mwenye vichwa tisa.,Tatoeba,https://tatoeba.org/en/sentences/7480391
4181,A door suddenly flew open out of what appeared to be solid wall at the end of the corridor.,Mlango ulifunguka kwa ghafla nje ya ile iliyoonekana kuwa ukuta dhabiti mwishoni mwa kijia.,Tatoeba,https://tatoeba.org/en/sentences/7483289
4182,In my right arm I held a completely changed creature.,Kwenye mkono wangu wa kulia nilishikilia kiumbe kilichobadilishwa kabisa.,Tatoeba,https://tatoeba.org/en/sentences/7490761
4183,I don't want anybody at all.,Sitaki watu wo wote.,Tatoeba,https://tatoeba.org/en/sentences/7492546
4184,I don't want any milk at all.,Sitaki maziwa yoyote.,Tatoeba,https://tatoeba.org/en/sentences/7492548
4185,I don't want any bananas at all.,Sitaki ndizi zozote.,Tatoeba,https://tatoeba.org/en/sentences/7492557
4186,We really hope that that happens.,Tuna tumaini kabisa kuwa hilo limetokea,Tatoeba,https://tatoeba.org/en/sentences/7493794
4187,Where did she hit you?,Amekupiga wapi?,Tatoeba,https://tatoeba.org/en/sentences/7494288
4188,"If you don't plant the seeds, they won't grow.","Usipopanda mbegu, hazitamea.",Tatoeba,https://tatoeba.org/en/sentences/7497129
4189,Has it been proven there's a link between tobacco and lung cancer?,Imethibitishwa kuwa kuna uhusiano kati ya saratani ya mapafu na tumbaku?,Tatoeba,https://tatoeba.org/en/sentences/7502018
4190,How do we know that you're not just making this up?,Je! Tunajuaje kuwa sio wewe tu hufanya hii?,Tatoeba,https://tatoeba.org/en/sentences/7507601
4191,I know that I should stay a little bit longer.,Najuw kwamba nilipaswa kwa muda mrefuvzaidi.,Tatoeba,https://tatoeba.org/en/sentences/7510834
4192,Did you think I was making too much noise?,"Je, unafikiria nilikuwa na piga kelele sana?",Tatoeba,https://tatoeba.org/en/sentences/7514271
4193,I know that I don't have enough money.,Nafahamu sina hela za kutosha.,Tatoeba,https://tatoeba.org/en/sentences/7516577
4194,I know you aren't scared.,Najua uogopi.,Tatoeba,https://tatoeba.org/en/sentences/7521595
4195,I knew we'd be late.,Nilijua tutachelewa.,Tatoeba,https://tatoeba.org/en/sentences/7522013
4196,The grey fox had a silver tongue. He was as clever as he was smart.,Jamaa wa rangi ya kijivu alikuwa na ulimi wa fedha. Alikuwa mjanja kama alivyokuwa na busara.,Tatoeba,https://tatoeba.org/en/sentences/7529971
4197,I thought that it would be better if we waited to do that until tomorrow.,Nilifikiri ni bora kungoja hadi kesho.,Tatoeba,https://tatoeba.org/en/sentences/7537333
4198,We can easily walk there from here.,Tunaweza kutembea hapo kutoka hapa kwa urahisi.,Tatoeba,https://tatoeba.org/en/sentences/7545326
4199,Love will make men dare to die for their beloved.,Upendo utawafanya wanaume kuthubutu kufa kwa wapendwa wao.,Tatoeba,https://tatoeba.org/en/sentences/7547790
4200,Boys think a lot about girls.,Wavulana hufikiria sana wasichana.,Tatoeba,https://tatoeba.org/en/sentences/7548643
4201,"Last year, we came to Phoenix.","Mwaka jana, tulikuja Phoenix.",Tatoeba,https://tatoeba.org/en/sentences/7561696
4202,Maria lay down on a fold out bed.,Maria alijilaza chini kwa kitanda cha kujikunja.,Tatoeba,https://tatoeba.org/en/sentences/7562906
4203,"""I am glad you did thus,"" said the good Queen again, in a tone of relief.","""Nimefurahi umefanya hivyo,"" Malkia alisema kwa sauti yenye utulivu.",Tatoeba,https://tatoeba.org/en/sentences/7564645
4204,I've missed my train.,Nimeachwa na treni.,Tatoeba,https://tatoeba.org/en/sentences/7577581
4205,You might be required to submit a copy of your birth certificate.,Unaweza kuhitajika kupeana nakala ya cheti chako cha kuzaliwa.,Tatoeba,https://tatoeba.org/en/sentences/7578040
4206,"Though he was a child, he was very brave.","Ingawa alikuwa mtoto, alikuwa na ujasiri sana.",Tatoeba,https://tatoeba.org/en/sentences/7587480
4207,Glenn just locked eyes with me!,Tuliangaliana na Glenn!,Tatoeba,https://tatoeba.org/en/sentences/7592661
4208,The actor left the shooting location in a hurry.,Muigizaji aliondoka eneo la risasi haraka haraka.,Tatoeba,https://tatoeba.org/en/sentences/7594637
4209,Marco has no right to change something in an article written by someone else.,Marco hana haki ya kubadilisha kitu katika nakala iliyoandikwa na mtu mwingine.,Tatoeba,https://tatoeba.org/en/sentences/7633925
4210,We're just waiting for it to get dark.,Tunasubiri giza liingie.,Tatoeba,https://tatoeba.org/en/sentences/7663869
4211,Did everyone manage to flee the burning ship?,Je! Kila mtu aliweza kutoroka kutoka meli inayochomeka?,Tatoeba,https://tatoeba.org/en/sentences/7678390
4212,I'm always travelling back and forth between Italy and Africa.,Mara nyingi nasafari katika ya Italia na Afrika.,Tatoeba,https://tatoeba.org/en/sentences/7679204
4213,I am going to eat!,Naenda kula!,Tatoeba,https://tatoeba.org/en/sentences/7681776
4214,Don't make that face. It will freeze that way.,Usinifanye nicheke. Itaganda hivyo.,Tatoeba,https://tatoeba.org/en/sentences/7683437
4215,I bought a sophisticated security system for my house.,Nilinunua chombo cha ulinzi cha kisasa cha nyumba yangu.,Tatoeba,https://tatoeba.org/en/sentences/7697746
4216,Whoever said money can't buy happiness simply didn't know where to go shopping.,Yoyote aliyesema pesa haiwezi kununua furaha kifupi hakujua mahali pakwenda kununulia.,Tatoeba,https://tatoeba.org/en/sentences/7714122
4217,I've wanted to be a painter for a long time.,Nimetaka kuwa mchoraji kwa muda mrefu.,Tatoeba,https://tatoeba.org/en/sentences/7714854
4218,I felt totally helpless.,Nilihisi kukosa usaidizi.,Tatoeba,https://tatoeba.org/en/sentences/7733578
4219,My dog doesn't bite.,Mbwa wangu haumi.,Tatoeba,https://tatoeba.org/en/sentences/7733729
4220,Please come in and make yourselves at home.,Tafadali karibu na ustarehe.,Tatoeba,https://tatoeba.org/en/sentences/7734792
4221,I want to spend the summer in Boston.,Nataka kukaa wakati wa majira ya joto huko Boston.,Tatoeba,https://tatoeba.org/en/sentences/7735946
4222,I don't know what actually happened.,Sijui hasa kilichotendeka.,Tatoeba,https://tatoeba.org/en/sentences/7736220
4223,How often do you go to church?,Unaenda kanisani mara ngapi?,Tatoeba,https://tatoeba.org/en/sentences/7737462
4224,"It was a very hard winter, and all the water had thick ice over it. The birds and wild creatures had great difficulty in finding food.","Ilikuwa msimu mgumu wa baridi, na maji yote yalikuwa na barafu juu yake. Ndege na viumbe wa mwituni walikuwa na ugumu wa kupata chakula.",Tatoeba,https://tatoeba.org/en/sentences/7740925
4225,"She heard the birds singing, and the sun was so hot that she was often obliged to dive, to cool her burning face.","Alisikia ndege wakiimba, na jua lilikuwa moto sana kwamba mara nyingi alilazimika kupiga mbizi, ili kutuliza uso wake uliokuwa ukiwaka.",Tatoeba,https://tatoeba.org/en/sentences/7741057
4226,"A big three-masted ship lay close by with only a single sail set, for there was not a breath of wind.","Meli kubwa yenye milia mitatu ilikuwa karibu na seti moja tu, kwani hapakuwa na upepo.",Tatoeba,https://tatoeba.org/en/sentences/7741106
4227,"While my sisters are dancing in my father's palace, I will go to the sea witch of whom I have always been very much afraid; she will perhaps be able to advise and help me!","Wakati dada zangu wanacheza kwenye kasri la baba yangu, nitakwenda kwa mchawi wa baharini ambaye kila mara nimekuwa nikimuogopa sana; labda ataweza kunishauri na kunisaidia!",Tatoeba,https://tatoeba.org/en/sentences/7741213
4228,"""I must take this voyage,"" he had said to her; ""I must go and see the beautiful princess; my parents demand that, but they will never force me to bring her home as my bride; I can never love her!""","""Lazima niende safari hii,"" alikuwa amemwambia; ""Lazima niende kumuona yule malkia mrembo; wazazi wangu wanadai hivyo, lakini hawatalazimisha kumleta nyumbani kama bibi yangu; siwezi kumpenda kamwe!""",Tatoeba,https://tatoeba.org/en/sentences/7741315
4229,"It took about an hour to make dinner, but most of the time was just prep work.","Ilichukua kama saa moja kutayarisha chakula cha jioni, lakini nilichukua wakati mwingi kujipanga kwa kazi hio.",Tatoeba,https://tatoeba.org/en/sentences/7746199
4230,"“Sir William is safe,” answered the voice of a stranger.","""Bwana William yuko salama,"" sauti ya mgeni ilijibu.",Tatoeba,https://tatoeba.org/en/sentences/7752178
4231,"The young lady we have already mentioned came up to join the stranger, followed by her servants.","Binti huyo ambaye tayari tumemtaja alikuja kuungana na mgeni, na kufuatiwa na watumishi wake.",Tatoeba,https://tatoeba.org/en/sentences/7752537
4232,Their version of the event is suspicious. I think this matter should be looked into further.,Toleo lao la tukio hilo linatuhumiwa. Nadhani jambo hili linapaswa kuzingatiwa zaidi.,Tatoeba,https://tatoeba.org/en/sentences/7760402
4233,"Lucy covered her face with her hands, and the tears, in spite of her, forced their way between her fingers.","Lucy alifunika uso wake na mikono yake, na machozi, licha ya yeye, yalilazimisha njia yao kati ya vidole vyake.",Tatoeba,https://tatoeba.org/en/sentences/7760591
4234,"“Then the task of supporting the honour of the family will fall on me, as it has often done before,” said the lady.","""Halafu jukumu la kuunga kusaidia familia litanijia, kama kawaida hapo awali"" mwanamke huyo alisema.",Tatoeba,https://tatoeba.org/en/sentences/7760668
4235,I must and will hear the truth from her own mouth; without this satisfaction I will not leave this spot.,Lazima nitasikia ukweli kutoka kinywani mwake; bila kuridhika sitaacha mahali hapa.,Tatoeba,https://tatoeba.org/en/sentences/7760757
4236,His son is learning to drive.,Mwanawe anajifunza kuendesha gari.,Tatoeba,https://tatoeba.org/en/sentences/7765415
4237,"""Do you think one can fall in love with someone regardless of their body?"" ""Of course. But it depends on their personality.""","""Je! Unafikiri mtu anaweza kumpenda mtu bila kujali mwili wao?"" Bila shaka. Lakini inategemea utu wao. """,Tatoeba,https://tatoeba.org/en/sentences/7766680
4238,"If you want to find eternal quiet and peace, fighting is not enough; you must also conquer.","Ikiwa unataka kupata utulivu wa milele na amani, mapigano hayatoshi; lazima pia ushinde.",Tatoeba,https://tatoeba.org/en/sentences/7766801
4239,"When facing this opportunity, you can't hesitate to take advantage of it.","Unapokabili fursa hii, husisite kuchukua fursa hiyo.",Tatoeba,https://tatoeba.org/en/sentences/7766833
4240,"“If we are not successful we’re going to lose this amazing species in a very short period of time,” she says.","""Ikiwa hatukufanikiwa tutapoteza spishi hii ya kushangaza katika kipindi kifupi sana,"" asema.",Tatoeba,https://tatoeba.org/en/sentences/7767405
4241,"At around 12pm, we go to the dining area of our unit for lunch.","Karibu saa 12 mchana, tulienda kwenye eneo la kula katika chumba chetu, kwa chamcha.",Tatoeba,https://tatoeba.org/en/sentences/7767742
4242,We have no reason to be ashamed.,Hatuna sababu ya kuaibika.,Tatoeba,https://tatoeba.org/en/sentences/7767783
4243,"In the United States, Christmas cards with family photos are popular. But more than ever many of those photos include a four-legged member of the family, the pet dog.","Huko Amerika, kadi za Krismasi zilizo na picha za familia ni maarufu. Lakini zaidi ya hapo zamani nyingi za picha hizo ni inajumuisha mnyama wa miguu mine, mbwa wa nyumbani.",Tatoeba,https://tatoeba.org/en/sentences/7770048
4244,We talked with three couples to better understand how they manage a romantic relationship while studying abroad in the United States.,Tulizungumza na wanandoa watatu ili kuelewa vyema jinsi wanavyoendesha uhusiano wa kimapenzi wakiwa wanasomea huko Amerika.,Tatoeba,https://tatoeba.org/en/sentences/7770155
4245,"Jan tried to fix their relationship, but could never explain why he hid their relationship from some of his friends.","Jan alijaribu kurudisha uhusiano, lakini hakuweza kueleza kwa nini aliwaficha baadhi ya marafiki zake uhusiano huo.",Tatoeba,https://tatoeba.org/en/sentences/7770197
4246,The ship headed east.,Meli ilielekea mashariki.,Tatoeba,https://tatoeba.org/en/sentences/7770291
4247,They came.,Walikuja.,Tatoeba,https://tatoeba.org/en/sentences/7775976
4248,"The cat acts like he's starving, when he's got a bowl full of dry food!","Paka hujifanya kama ana njaa, akiwa na bakuli iliyojaa chakula kavu!",Tatoeba,https://tatoeba.org/en/sentences/7781746
4249,I love bacon!,Ninapenda bacon!,Tatoeba,https://tatoeba.org/en/sentences/7783364
4250,"This is me, Aunt Wong.","Ni mimi, Shangazi Wong.",Tatoeba,https://tatoeba.org/en/sentences/7783997
4251,It came as a bit of a shock.,Ilikuja kama mshtuko kidogo.,Tatoeba,https://tatoeba.org/en/sentences/7784852
4252,"Unfortunately, you will return to China soon, so I will have nobody to accompany me.","Muda si mrefu utarudi China, kwahiyo, nitakuwa Sina mtu yeyote wa kushirikiana naye.",Tatoeba,https://tatoeba.org/en/sentences/7789272
4253,"You can't necessarily judge a book by its cover, but you can judge people by the company they keep.","Huwezi kuamulia kitabu kwa jalad yake, lakini unaweza kuamulia watu kwa marafiki wazo.",Tatoeba,https://tatoeba.org/en/sentences/7789587
4254,When did you buy yourself a motorcycle?,"Je, ulijinunulia pikipiki lini?",Tatoeba,https://tatoeba.org/en/sentences/7789614
4255,The building was built by a Russian architect.,Jengo hilo lilijengwa na mbunifu wa Urusi.,Tatoeba,https://tatoeba.org/en/sentences/7791086
4256,This tool is completely useless.,Kifaa hiki ni bure kabisa.,Tatoeba,https://tatoeba.org/en/sentences/7792010
4257,That can have serious consequences.,Hilo linaweza kuwa na matokeo mabaya.,Tatoeba,https://tatoeba.org/en/sentences/7793693
4258,It rains a lot during June and July.,Mvua inanyesha wakati wa Juni na Julai.,Tatoeba,https://tatoeba.org/en/sentences/7795617
4259,I am more or less the same age as you.,Nina umri sawa na wewe.,Tatoeba,https://tatoeba.org/en/sentences/7795893
4260,Many students were suspended to due their lack of school uniform.,Wanafunzi wengi walisitishwa kwa kukosa sare ya shule.,Tatoeba,https://tatoeba.org/en/sentences/7795984
4261,I may have to do that today.,Ninaweza kuhitajika kufanya hivyo leo.,Tatoeba,https://tatoeba.org/en/sentences/7797827
4262,Shark soup or whale steak? You have the choice.,Supu ya papa au nyama ya nyangumi? Una chaguo.,Tatoeba,https://tatoeba.org/en/sentences/7798533
4263,I want to be an excellent teacher.,Nataka niwe mwalimu bora.,Tatoeba,https://tatoeba.org/en/sentences/7801918
4264,"Aha, so this is Mrs. Evans!",Basi Huyu ni Bi Evans.,Tatoeba,https://tatoeba.org/en/sentences/7802347
4265,Don't go further; there may be land mines there.,Usiende zaidi; kunaweza kuwa na mabomu ya ardhini hapo.,Tatoeba,https://tatoeba.org/en/sentences/7806962
4266,He phoned me an hour ago.,Alinipigia simu saa moja iliyopita.,Tatoeba,https://tatoeba.org/en/sentences/7808164
4267,"Three months later, we were married.","Miezi tatu baadaye, tulikuwa tumeoana.",Tatoeba,https://tatoeba.org/en/sentences/7812844
4268,I am not used to the job yet.,mimi bado sijafanya kazi hii.,Tatoeba,https://tatoeba.org/en/sentences/7813055
4269,You heard a noise behind you.,Ulisikia kelele nyuma yako.,Tatoeba,https://tatoeba.org/en/sentences/7813089
4270,The production department cannot grow any further in its current office.,Idara ya uzalishaji haiwezi kukua zaidi katika ofisi yake ya sasa.,Tatoeba,https://tatoeba.org/en/sentences/7813226
4271,The whale shark does not pose any danger to humans.,Papa-nyangumi si hatari kwa wanadamu.,Tatoeba,https://tatoeba.org/en/sentences/7813280
4272,Physical exercise trains the muscles.,Mazoezi ya mwili hufanya mishipa ikae sawa.,Tatoeba,https://tatoeba.org/en/sentences/7813443
4273,The eagle is the king of the skies.,Tai ni mfalme wa angani.,Tatoeba,https://tatoeba.org/en/sentences/7816918
4274,She visits me from time to time.,Alinitembelea mara kwa mara.,Tatoeba,https://tatoeba.org/en/sentences/7820692
4275,The two types of monkeys are not particularly related to each other.,Aina mbili za tumbili hazihusiani sana na kila mmoja.,Tatoeba,https://tatoeba.org/en/sentences/7825908
4276,We have full reason to believe that it is true.,Tuna sababu kubwa kubali kuwa ni ukweli.,Tatoeba,https://tatoeba.org/en/sentences/7827420
4277,I can't be bothered to go home!,Sijalishi kuenda nyumbani!,Tatoeba,https://tatoeba.org/en/sentences/7830922
4278,I'm very interested in listening to what you have to say.,Ninaamu kusikiliza kile utakachosema.,Tatoeba,https://tatoeba.org/en/sentences/7832505
4279,I think that it'll taste better if you add a little salt and pepper.,Nadhani itakuwa ladha bora ikiaongeza chumvi kidogo na pilipili.,Tatoeba,https://tatoeba.org/en/sentences/7839459
4280,"And he sent them by the hands of his servants, every drove by itself, and he said to his servants: Go before me, and let there be a space between drove and drove.","Akawatuma kwa mikono ya watumishi wake, kila gari peke yake, na akawaambia watumishi wake: Nendeni mbele yangu, na kuwe na nafasi kati ya gari na gari.",Tatoeba,https://tatoeba.org/en/sentences/7839701
4281,Sarah is an Indian citizen.,Sarah ni raia wa India.,Tatoeba,https://tatoeba.org/en/sentences/7840908
4282,Dong is a Korean citizen.,Dong ni raia wa Korea.,Tatoeba,https://tatoeba.org/en/sentences/7840911
4283,"In Europe, classes begin in September.","Huko Ulaya, muhula huanza Septemba.",Tatoeba,https://tatoeba.org/en/sentences/7841417
4284,Eva is a Dutch citizen.,Eva ni raia wa Uholanzi.,Tatoeba,https://tatoeba.org/en/sentences/7841630
4285,"""Forgotten"" is my favorite South Korean movie.","""Forgotten"" ni sinema ninayopenda ya Korea Kusini.",Tatoeba,https://tatoeba.org/en/sentences/7847195
4286,He was attacked by a gang. They beat him and took away his wallet.,Alishambuliwa na genge la watu. Walimpiga na kuchukua pochi yake.,Tatoeba,https://tatoeba.org/en/sentences/7850203
4287,"But I will fetch a little water, and wash ye your feet, and rest ye under the tree.","Lakini nitateka maji kidogo, na kunawa miguu yenu, na mpumzike chini ya mti.",Tatoeba,https://tatoeba.org/en/sentences/7854211
4288,I had the same math teacher for two years.,Nilikuwa na huyo mwalimu wa hesabati kwa miaka miwili.,Tatoeba,https://tatoeba.org/en/sentences/7856230
4289,"And he built there an altar, and called the name of that place, The house of God: for there God appeared to him when he fled from his brother.","Akajenga hapo madhabahu, akapaita mahali pale, Nyumba ya Mungu, kwa maana hapo Mungu alimtokea wakati alimkimbia nduguye.",Tatoeba,https://tatoeba.org/en/sentences/7865257
4290,There's no shoulder on this part of the highway because of road construction.,Hakuna bega upande huu wa barabara kuu kwa sababu ya ujenzi wa barabara.,Tatoeba,https://tatoeba.org/en/sentences/7865534
4291,"And behold, an angel of the Lord from heaven called to him, saying: Abraham, Abraham. And he answered: Here I am.","Tazama, malaika wa Bwana kutoka mbinguni akamwita, akisema, ""Ibrahamu, Ibrahimu!"" Naye akajibu:Mimi hapa.",Tatoeba,https://tatoeba.org/en/sentences/7867604
4292,"And the Lord appeared to him, and said: Go not down into Egypt, but stay in the land that I shall tell thee.","Bwana akamuendea, akasema, usiende Misiri, lakini ukae katika nchi nitakayokuambia.",Tatoeba,https://tatoeba.org/en/sentences/7867872
4293,"Which when he had carried in, he said: My father? But he answered: I hear. Who art thou, my son?","Ambayo alipobebwa ndani, akasema: Baba yangu? Lakini akajibu: ""Nasikia. Ewe mwanangu?",Tatoeba,https://tatoeba.org/en/sentences/7867944
4294,"And when he was come to a certain place, and would rest in it after sunset, he took of the stones that lay there, and putting under his head, slept in the same place.","Alipofika mahali, akakaa ili apumzike baada ya jua kuchomoza, akachukua mawe yaliyokuwa hapo, akayaweka chini ya kichwa chake, akalala mahali hapo.",Tatoeba,https://tatoeba.org/en/sentences/7868051
4295,"Then Jacob went on in his journey, and came into the east country.","Ndipo Jacob akaendelea na safari yake, akafika katika nchi ya mashariki.",Tatoeba,https://tatoeba.org/en/sentences/7868077
4296,"At the edge of the forest, I met a tall man in a hunting outfit.","Katika ukingo wa msitu, nilikutana na mtu mrefu kwa mavazi ya uwindaji.",Tatoeba,https://tatoeba.org/en/sentences/7869477
4297,My credit card was rejected by the cash machine.,Kadi yangu ya mikopo ilikataliwa na mashine ya pesa.,Tatoeba,https://tatoeba.org/en/sentences/7870320
4298,My ex wants to ruin my new relationship.,Mpenzi wangu wa zamani anataka kuharibu uhusiano wangu mpya.,Tatoeba,https://tatoeba.org/en/sentences/7875220
4299,"His master hearing these things, and giving too much credit to his wife's words, was very angry, and cast Joseph into the prison, where the king's prisoners were kept, and he was there shut up.","Mkubwa wake kusikia mambo haya, na kwa kumsifia sana matamshi ya mke wake, alikasirika sana, na kumtia Joseph korokoroni, ambapo wafungwa na mfalme walizuiliwa na alikuwa hapo akiwa amekimya.",Tatoeba,https://tatoeba.org/en/sentences/7877176
4300,Theater is humanity's active reflection on itself.,Thieta ya ubinadamu ni bindamu kujisaili.,Tatoeba,https://tatoeba.org/en/sentences/7909310
4301,"“Yikes, my battery’s nearly dead.” “You should have charged it overnight while you were sleeping.”","""Yik, betri yangu imekaribia kuisha."" ""Ungeitia kwenye moto usiku kucha wakati umelala.""",Tatoeba,https://tatoeba.org/en/sentences/7911087
4302,"Learning a foreign language as a non-native speaker is hard work, but all that effort pays off when you realise you can communicate with someone from a completely different country in their language.","Kujifunza lugha ya kigeni kama mzungumzaji wa asilia ni kazi ngumu, lakini juhudi zote hizo hulipa wakati utagundua unaweza kuwasiliana na mtu kutoka nchi tofauti kabisa kwa lugha yake.",Tatoeba,https://tatoeba.org/en/sentences/7911524
4303,"In order to reach Germany, we passed through Switzerland.","Ili kufika Ujerumani, tulipitia Uswizi.",Tatoeba,https://tatoeba.org/en/sentences/7913313
4304,The United States is a terrorist state.,Amerika ni nchi ya kigaidi.,Tatoeba,https://tatoeba.org/en/sentences/7913316
4305,"Then seeing his sons, he said to him: Who are these? He answered: They are my sons, whom God hath given me in this place. And he said: Bring them to me, that I may bless them.","Ndipo alipoona wanawe, akamwambia: Ni nani hawa? Akajibu: Ni wanangu, ambao Mungu amenipa mahali hapa. Akasema: Walete kwangu, ili niwabariki.",Tatoeba,https://tatoeba.org/en/sentences/7916131
4306,He's trying to get rid of the ants.,Anajaribu kuondoa mchwa.,Tatoeba,https://tatoeba.org/en/sentences/7917093
4307,Even if he hadn't given a cent I'd always feel that we had done a truly Christian act in helping him.,Hata kama hakutoa senti moja ziku zote niliona kwamba tumefanya tendo la Kikristo katika kumsaidia.,Tatoeba,https://tatoeba.org/en/sentences/7917458
4308,"Although Ibero-America is a larger language region, American English carries greater influence in the current world.","Ingawa Ibero-America ni eneo kubwa la lugha, Kiingereza cha Amerika kinachukua ushawishi mkubwa katika ulimwengu wa sasa.",Tatoeba,https://tatoeba.org/en/sentences/7918348
4309,It's better to divide the corpse into five pieces.,Ni bora kugawa maiti vipande vitano.,Tatoeba,https://tatoeba.org/en/sentences/7918397
4310,His heartbeat is absolutely normal.,Mapigo yake ya moyo ni kawaida kabisa.,Tatoeba,https://tatoeba.org/en/sentences/7918412
4311,What didn't they get?,Ni nini hawakupata?,Tatoeba,https://tatoeba.org/en/sentences/7919777
4312,Describe your day.,Fafanua siku yako.,Tatoeba,https://tatoeba.org/en/sentences/7921357
4313,This item is rotten.,Bidhaa hii imeoza.,Tatoeba,https://tatoeba.org/en/sentences/7926054
4314,He is simply a hopeless liar.,Yeye ni mwongo tu.,Tatoeba,https://tatoeba.org/en/sentences/7927769
4315,God also said; Let the waters that are under the heaven be gathered together into one place: and let the dry land appear. And it was so done.,Mungu pia alisema; Maji ambayo yapo chini ya mbingu yamekusanyika pamoja mahali pamoja: na nchi kavu ionekane. Na ilifanywa hivyo.,Tatoeba,https://tatoeba.org/en/sentences/7929340
4316,I'm a fisher.,Mimi ni mvuvi.,Tatoeba,https://tatoeba.org/en/sentences/7931472
4317,I drink water.,Nanywa maji.,Tatoeba,https://tatoeba.org/en/sentences/7932256
4318,There's an element of luck involved.,Kuna sehemu ya bahati iliyohusika.,Tatoeba,https://tatoeba.org/en/sentences/7932369
4319,I don't know how to make Thousand Island dressing.,Sijui jinsi ya kuunda Maelfu ya Visiwa vya Mavazi.,Tatoeba,https://tatoeba.org/en/sentences/7932813
4320,"And he said: I heard thy voice in paradise; and I was afraid, because I was naked, and I hid myself.","Na alisema: Nalisikia sauti yako paradiso; na niliogopa, kwakuwa nilikuwa uchi, nikajificha.",Tatoeba,https://tatoeba.org/en/sentences/7936532
4321,"The brain serves many people who have no power, but power serves many people who have no brains.","Ubongo husaidia watu wengi wasio nguvu, lakini husaidia watu wengi wasio na ubongo.",Tatoeba,https://tatoeba.org/en/sentences/7936921
4322,"And the Lord God sent him out of the paradise of pleasure, to till the earth from which he was taken.","Bwana Mungu akamtuma kutoka paradiso ya raha, ili atunze ardhi ambayo alitwaliwa.",Tatoeba,https://tatoeba.org/en/sentences/7939059
4323,"Be a pal and go out for some bread. At the same time, take out the trash.","Kuwa rafiki na utoke nje kwa ajili ya mkate. Kwa wakati huu, toa takataka nje.",Tatoeba,https://tatoeba.org/en/sentences/7952474
4324,A cruise ship crashed into a dock in Venice.,"Meli ya kitalii iligonga katika bandari, mjini Venice.",Tatoeba,https://tatoeba.org/en/sentences/7954108
4325,He spent his time studying the soul and the mysterious relation between the spiritual and the material world.,Alitumia wakati wake kuchunguza roho na uhusiano wa ajabu kati ya ulimwengu wa kiroho na ulimwengu halisi.,Tatoeba,https://tatoeba.org/en/sentences/7954261
4326,I invited her to dinner.,Nilimkaribisha chakula cha jioni.,Tatoeba,https://tatoeba.org/en/sentences/7957055
4327,"If you want to imagine the future, imagine a foot stepping on a human's face forever.","Ukitaka kufikiria kuhusu siku zijazo, fikiria mguu unaokanyaga uso wa binadamu milele.",Tatoeba,https://tatoeba.org/en/sentences/7957847
4328,"I went to the market to buy meat, rice, potatoes, pasta, wine, and orange juice for dinner.","Nilienda sokoni kununua nyama, mchele, viazi, pasta, divai na maji ya machungwa kwa chakula cha jioni.",Tatoeba,https://tatoeba.org/en/sentences/7958458
4329,When's your rent due?,"Je, unafaa kulipa kodi ya nyumba lini?",Tatoeba,https://tatoeba.org/en/sentences/7958960
4330,And Noah lived after the flood three hundred and fifty years. And all his days were in the whole nine hundred and fifty years: and he died.,Nuhu akaishi baada ya mafuriko miaka mia tatu na hamsini. Siku zake zote zilikuwa katika miaka mia kenda hamsini: akafa.,Tatoeba,https://tatoeba.org/en/sentences/7959576
4331,Where's Melissa?,Yuko wapi Melissa?,Tatoeba,https://tatoeba.org/en/sentences/7964298
4332,"Suddenly, I had a memory of our childhood at the farm.","Ghafla, nilikuwa na kumbukumbu ya utoto wetu kwenye shamba.",Tatoeba,https://tatoeba.org/en/sentences/7964395
4333,The square root of six hundred nine thousand nine hundred sixty-one is seven hundred eighty-one.,Mraba wa mia sita elfu tisa na mia tisa sitini na moja ni mia saba themanini na moja.,Tatoeba,https://tatoeba.org/en/sentences/7974881
4334,"The Lord said to him: Who made man's mouth? or who made the dumb and the deaf, the seeing and the blind? did not I?","Bwana alimwambia: Ni nani aliumba mdomo wa binadamu? au ni nani aliwaumba bubu na viziwi, wanaona na vipofu? Sio mimi?",Tatoeba,https://tatoeba.org/en/sentences/7978858
4335,"And when he was in his journey, in the inn, the Lord met him, and would have killed him.","Alipokuwa katika safari yake, katika nyumba ya wageni, Bwana alikutana naye, na angeweza kumuua.",Tatoeba,https://tatoeba.org/en/sentences/7979757
4336,"But he answered: Who is the Lord, that I should hear his voice, and let Israel go? I know not the Lord, neither will I let Israel go.","Lakini yeye akajibu, Bwana ni nani, hata nisikie sauti yake, na kuwaacha Israeli waende? Simjui Bwana, wala sitauacha Israeli iende.",Tatoeba,https://tatoeba.org/en/sentences/7980807
4337,And the Lord said to Moses and Aaron in the land of Egypt: This month shall be to you the beginning of months; it shall be the first in the months of the year.,"Bwana akamwambia Musa na Haruni katika nchi ya Misiri, Mwezi huu utakuwa mwanzo wa miezi; utakuwa wa kwanza katika miezi ya mwaka.",Tatoeba,https://tatoeba.org/en/sentences/8005741
4338,The boy who is smiling is Marcus.,Mvulana ambaye anatabasamu ni Marcus.,Tatoeba,https://tatoeba.org/en/sentences/8008553
4339,Your breakfast is ready.,Kiamsha kinywa chako kiko tayari.,Tatoeba,https://tatoeba.org/en/sentences/8013706
4340,The United States sucks.,Marekani inaudhi.,Tatoeba,https://tatoeba.org/en/sentences/8021194
4341,That's Sasha's house. She's lived there for decades.,Hiyo ni nyumba ya Sasha. Aliishi huko kwa miongo kadhaa.,Tatoeba,https://tatoeba.org/en/sentences/8023644
4342,"If you do not understand, ask.","Usipoelewa, uliza.",Tatoeba,https://tatoeba.org/en/sentences/8174697
4343,Elephants eat grass.,Tembo wanakula nyasi.,Tatoeba,https://tatoeba.org/en/sentences/8499285
4344,Languages have difficult words.,Lugha zina maneno magumu.,Tatoeba,https://tatoeba.org/en/sentences/8500144
4345,Persons of Anglo-Saxon or German origin are considered one hundred percent Americans.,Watu wenye asili ya Kianglo-Saxon au ya Kijerumani wanachukuliwa kuwa asilimia mia moja Wamarekani.,Tatoeba,https://tatoeba.org/en/sentences/8603213
4346,Stay home.,Kaa nyumbani.,Tatoeba,https://tatoeba.org/en/sentences/8624434
4347,Why!,Kwa nini!?,Tatoeba,https://tatoeba.org/en/sentences/8737632
4348,Millie doesn't drink water.,Millie hanywi maji.,Tatoeba,https://tatoeba.org/en/sentences/9002119
4349,"Good morning, people!",Habari za asubuhi watu!,Tatoeba,https://tatoeba.org/en/sentences/9014280
4350,I am French and she is American.,Mimi ni Mfaransa na yeye ni Mamerika.,Tatoeba,https://tatoeba.org/en/sentences/9014368
4351,I'm French and she's American.,Mimi ni Mfaransa na yeye ni Mamerika.,Tatoeba,https://tatoeba.org/en/sentences/9123265
4352,I'm French and he's American.,Mimi ni Mfaransa na yeye ni Mamerika.,Tatoeba,https://tatoeba.org/en/sentences/9125198
4353,I am French and he is American.,Mimi ni Mfaransa na yeye ni Mamerika.,Tatoeba,https://tatoeba.org/en/sentences/9125199
4354,It was sold out.,Nafasi iliisha.,Tatoeba,https://tatoeba.org/en/sentences/9448200
4355,The car is out of order.,Gari limeharibika.,Tatoeba,https://tatoeba.org/en/sentences/9501393
4356,I like to eat beans.,Napenda kula maharage.,Tatoeba,https://tatoeba.org/en/sentences/9522990
4357,I like to drink tea.,Napenda kunywa chai.,Tatoeba,https://tatoeba.org/en/sentences/9673407
4358,I like to drink ice water.,Napenda kunywa maji na barafu.,Tatoeba,https://tatoeba.org/en/sentences/9724037
4359,I like to eat pears.,Napenda kula pea.,Tatoeba,https://tatoeba.org/en/sentences/10162582
4360,Your shipment should be delivered within twenty-four hours.,Mizigo yako inapaswa kufika ndani ya masaa ishirini na nne.,Tatoeba,https://tatoeba.org/en/sentences/10298692
4361,I've had enough of your anti-science poverty.,Nimetosha na umaskini wako wa kupinga sayansi.,Tatoeba,https://tatoeba.org/en/sentences/10789596
4362,Can you read these sentences?,Unaweza kusoma sentensi hizi?,Tatoeba,https://tatoeba.org/en/sentences/10865750
4363,French is very difficult.,Kifaransa ni kigumu sana.,Tatoeba,https://tatoeba.org/en/sentences/11049729
4364,Do you watch the news?,"Je, unatazama habari?",Tatoeba,https://tatoeba.org/en/sentences/11475869
4365,She decided to move to Belgium.,Aliamua kuhamia Ubelgiji.,Tatoeba,https://tatoeba.org/en/sentences/11483210
4366,We don't study English.,Hatusomi Kiingereza.,Tatoeba,https://tatoeba.org/en/sentences/12250414
4367,The airplane was flown by two monkeys.,Ndege hiyo iliendeshwa na nyani wawili.,Tatoeba,https://tatoeba.org/en/sentences/12413097
4368,God is always faithful.,Mungu ni mwaminifu kila mara.,Tatoeba,https://tatoeba.org/en/sentences/13189646
4369,"Many roads are impassable, so UN aid workers are unable to reach people easily.",Barabara nyingi ni mbovu hazipitiki kwa hiyo watu wa UN wanaotoa misaada wanashindwa kuwafikia watu kwa urahisi.,Tatoeba,https://tatoeba.org/en/sentences/13295224
4370,I read a story yesterday.,Nilisoma hadithi jana.,Tatoeba,https://tatoeba.org/en/sentences/13443976
4371,Why do you argue with him?,Kwa nini unabishana naye?,Tatoeba,https://tatoeba.org/en/sentences/13702445
4372,Where is the teacher?,Mwalimu yuko wapi?,Tatoeba,https://tatoeba.org/en/sentences/13828133
4373,I want to buy this book. How much is it?,Nataka kununua kitabu hiki. Ni bei gani?,Tatoeba,https://tatoeba.org/en/sentences/13838650
4374,What country do you live in?,Unaishi katika nchi gani?,Tatoeba,https://tatoeba.org/en/sentences/13838769
4375,Who will save the planet?,Nani ataokoa dunia?,Tatoeba,https://tatoeba.org/en/sentences/13838928
4376,Tom cooks fried chicken.,Tom anapika koko ya kukaanga.,Tatoeba,https://tatoeba.org/en/sentences/13842302
4377,I am not going to town.,Sitaenda mjini.,Tatoeba,https://tatoeba.org/en/sentences/13874987
4378,What are you going to eat on Christmas?,Utakula nini siku ya Krismasi?,Tatoeba,https://tatoeba.org/en/sentences/13898857
4379,They will go tomorrow.,Wataenda kesho.,Tatoeba,https://tatoeba.org/en/sentences/13913690
4380,Tom reads the New Testament.,Tom anasoma Agano Jipya.,Tatoeba,https://tatoeba.org/en/sentences/13953379
4381,Tom can pray at any time.,Tom anaweza kusali wakati wowote.,Tatoeba,https://tatoeba.org/en/sentences/13960119
